{"type":"FeatureCollection","features":[{"type":"Feature","geometry":{"type":"Polygon","coordinates":[[[-73.53803,40.72434],[-73.53645,40.72207],[-73.53316,40.71812],[-73.53144,40.71582],[-73.5292,40.71251],[-73.52627,40.70772],[-73.52515,40.7079],[-73.52413,40.70783],[-73.51975,40.70682],[-73.51786,40.70625],[-73.51398,40.70524],[-73.51276,40.7048],[-73.51647,40.71554],[-73.51769,40.71531],[-73.52028,40.71534],[-73.52311,40.71497],[-73.52409,40.71503],[-73.52403,40.71551],[-73.52411,40.71681],[-73.52421,40.71708],[-73.5247,40.71766],[-73.52475,40.71789],[-73.52472,40.71948],[-73.52487,40.72038],[-73.52484,40.72286],[-73.52521,40.72391],[-73.52532,40.72492],[-73.53803,40.72434]]]},"properties":{"geoid":"36059409100","county":"059","county_name":"Nassau","utility":"psegli","utility_split":false,"homes":1797,"homes_source":"acs_est","multifamily_5plus_lots":null,"median_income":141528,"income_band":"100–150k","low_income_share":0.4,"median_year_built":1950,"pre1980":0.93,"owner":0.95,"fuel":{"gas":0.05,"propane":0.03,"electric":0.01,"oil":0.89,"other":0.01,"none":0},"dac":false,"dac_share":0,"score":85,"parts":{"volume":25,"fuel":23.7,"age":18.6,"owner":14.3,"incentive":3},"gaps":[]}},{"type":"Feature","geometry":{"type":"Polygon","coordinates":[[[-73.54494,40.71799],[-73.54485,40.71578],[-73.54366,40.70887],[-73.54378,40.70842],[-73.54435,40.70714],[-73.54437,40.70579],[-73.54356,40.7059],[-73.53805,40.70608],[-73.53125,40.70642],[-73.5299,40.70667],[-73.52753,40.70746],[-73.52627,40.70772],[-73.5292,40.71251],[-73.53144,40.71582],[-73.53316,40.71812],[-73.53645,40.72207],[-73.53803,40.72434],[-73.54017,40.72432],[-73.54426,40.72466],[-73.54451,40.72401],[-73.5445,40.72323],[-73.54494,40.71799]]]},"properties":{"geoid":"36059408300","county":"059","county_name":"Nassau","utility":"psegli","utility_split":false,"homes":2280,"homes_source":"acs_est","multifamily_5plus_lots":null,"median_income":149258,"income_band":"100–150k","low_income_share":0.36,"median_year_built":1956,"pre1980":0.94,"owner":0.93,"fuel":{"gas":0.07,"propane":0.02,"electric":0.03,"oil":0.88,"other":0,"none":0},"dac":false,"dac_share":0,"score":84,"parts":{"volume":25,"fuel":23.2,"age":18.8,"owner":13.9,"incentive":2.7},"gaps":[]}},{"type":"Feature","geometry":{"type":"Polygon","coordinates":[[[-73.51653,40.71613],[-73.51642,40.71534],[-73.51276,40.7048],[-73.50547,40.70218],[-73.50478,40.7031],[-73.50418,40.70408],[-73.50252,40.70719],[-73.50226,40.70843],[-73.50252,40.71158],[-73.50227,40.71346],[-73.50207,40.71402],[-73.50175,40.71458],[-73.50031,40.71608],[-73.50071,40.71621],[-73.50729,40.71739],[-73.50754,40.71733],[-73.50763,40.71718],[-73.50762,40.71629],[-73.50753,40.71583],[-73.51141,40.71573],[-73.51457,40.71552],[-73.5147,40.71597],[-73.51453,40.7168],[-73.51642,40.71668],[-73.51653,40.71613]]]},"properties":{"geoid":"36059409300","county":"059","county_name":"Nassau","utility":"psegli","utility_split":false,"homes":1367,"homes_source":"acs_est","multifamily_5plus_lots":null,"median_income":136250,"income_band":"100–150k","low_income_share":0.34,"median_year_built":1949,"pre1980":0.96,"owner":0.95,"fuel":{"gas":0.09,"propane":0.01,"electric":0.03,"oil":0.86,"other":0.02,"none":0},"dac":false,"dac_share":0,"score":84,"parts":{"volume":25,"fuel":22.7,"age":19.2,"owner":14.3,"incentive":2.6},"gaps":[]}},{"type":"Feature","geometry":{"type":"Polygon","coordinates":[[[-73.5427,40.73323],[-73.54275,40.73323],[-73.54255,40.7327],[-73.54198,40.73136],[-73.5409,40.72911],[-73.53974,40.727],[-73.53803,40.72434],[-73.523,40.72503],[-73.5167,40.72592],[-73.51446,40.72601],[-73.51404,40.73253],[-73.51965,40.73292],[-73.52349,40.73296],[-73.5242,40.73325],[-73.53061,40.7333],[-73.5427,40.73323]]]},"properties":{"geoid":"36059408900","county":"059","county_name":"Nassau","utility":"psegli","utility_split":false,"homes":1865,"homes_source":"acs_est","multifamily_5plus_lots":null,"median_income":162375,"income_band":"150k+","low_income_share":0.23,"median_year_built":1949,"pre1980":0.92,"owner":0.93,"fuel":{"gas":0.09,"propane":0.01,"electric":0.02,"oil":0.85,"other":0.02,"none":0},"dac":false,"dac_share":0,"score":82,"parts":{"volume":25,"fuel":22.7,"age":18.3,"owner":13.9,"incentive":1.7},"gaps":[]}},{"type":"Feature","geometry":{"type":"Polygon","coordinates":[[[-73.51445,40.72618],[-73.51446,40.72601],[-73.50837,40.72568],[-73.50846,40.72513],[-73.50598,40.72497],[-73.50204,40.72499],[-73.50301,40.72132],[-73.50265,40.71887],[-73.50247,40.71865],[-73.50214,40.71846],[-73.50055,40.71788],[-73.49927,40.71753],[-73.4989,40.7175],[-73.49495,40.71975],[-73.49428,40.71993],[-73.49209,40.72008],[-73.48935,40.72121],[-73.48913,40.72187],[-73.48873,40.72234],[-73.4893,40.72525],[-73.4901,40.72813],[-73.49031,40.72828],[-73.48997,40.72837],[-73.49023,40.72875],[-73.49107,40.7321],[-73.49241,40.73198],[-73.49656,40.73203],[-73.49668,40.73216],[-73.49767,40.73226],[-73.50587,40.73252],[-73.51404,40.73253],[-73.51445,40.72618]]]},"properties":{"geoid":"36059409000","county":"059","county_name":"Nassau","utility":"psegli","utility_split":false,"homes":1998,"homes_source":"acs_est","multifamily_5plus_lots":null,"median_income":117219,"income_band":"100–150k","low_income_share":0.41,"median_year_built":1950,"pre1980":0.98,"owner":0.96,"fuel":{"gas":0.24,"propane":0.02,"electric":0.02,"oil":0.7,"other":0.02,"none":0},"dac":false,"dac_share":0,"score":82,"parts":{"volume":25,"fuel":20,"age":19.6,"owner":14.3,"incentive":3},"gaps":[]}},{"type":"Feature","geometry":{"type":"Polygon","coordinates":[[[-73.68811,40.68384],[-73.68836,40.68326],[-73.68636,40.68345],[-73.68359,40.68335],[-73.68202,40.68338],[-73.67863,40.68364],[-73.67766,40.68359],[-73.67424,40.68306],[-73.6676,40.68298],[-73.66738,40.68315],[-73.66796,40.68342],[-73.66816,40.6849],[-73.66759,40.69234],[-73.66799,40.69239],[-73.66836,40.6923],[-73.66866,40.69205],[-73.66879,40.69176],[-73.66927,40.69153],[-73.67148,40.69132],[-73.67233,40.69081],[-73.67296,40.69061],[-73.67387,40.69059],[-73.67443,40.6907],[-73.6746,40.69036],[-73.67499,40.69047],[-73.67522,40.69066],[-73.67502,40.69126],[-73.67526,40.69151],[-73.68343,40.69348],[-73.68544,40.68987],[-73.68602,40.68862],[-73.68622,40.68793],[-73.68706,40.68785],[-73.68739,40.6875],[-73.68784,40.68457],[-73.68811,40.68384]]]},"properties":{"geoid":"36059405700","county":"059","county_name":"Nassau","utility":"psegli","utility_split":false,"homes":1586,"homes_source":"acs_est","multifamily_5plus_lots":null,"median_income":152188,"income_band":"150k+","low_income_share":0.33,"median_year_built":1956,"pre1980":0.96,"owner":0.93,"fuel":{"gas":0.25,"propane":0.05,"electric":0.02,"oil":0.68,"other":0,"none":0},"dac":false,"dac_share":0,"score":81,"parts":{"volume":25,"fuel":20.1,"age":19.2,"owner":14,"incentive":2.4},"gaps":[]}},{"type":"Feature","geometry":{"type":"Polygon","coordinates":[[[-73.59662,40.68696],[-73.59684,40.68629],[-73.59559,40.6865],[-73.59455,40.68685],[-73.59314,40.68771],[-73.58932,40.69031],[-73.5883,40.69077],[-73.58725,40.69108],[-73.58623,40.69124],[-73.58532,40.69126],[-73.58036,40.69078],[-73.57487,40.69083],[-73.57595,40.6945],[-73.57809,40.6941],[-73.57891,40.69413],[-73.57976,40.69432],[-73.58163,40.69504],[-73.58484,40.69689],[-73.58741,40.69849],[-73.59001,40.69952],[-73.59317,40.70058],[-73.59457,40.69688],[-73.59528,40.69436],[-73.59593,40.69254],[-73.59612,40.68982],[-73.59612,40.68851],[-73.59662,40.68696]]]},"properties":{"geoid":"36059407502","county":"059","county_name":"Nassau","utility":"psegli","utility_split":false,"homes":1535,"homes_source":"acs_est","multifamily_5plus_lots":null,"median_income":116534,"income_band":"100–150k","low_income_share":0.43,"median_year_built":1952,"pre1980":0.89,"owner":0.86,"fuel":{"gas":0.43,"propane":0.01,"electric":0.13,"oil":0.4,"other":0.01,"none":0.01},"dac":true,"dac_share":1,"score":81,"parts":{"volume":25,"fuel":14.8,"age":17.7,"owner":12.9,"incentive":10.7},"gaps":[]}},{"type":"Feature","geometry":{"type":"Polygon","coordinates":[[[-73.53753,40.73774],[-73.53766,40.7374],[-73.53719,40.73716],[-73.53473,40.73706],[-73.53399,40.7368],[-73.51512,40.7363],[-73.51482,40.7361],[-73.51476,40.73492],[-73.51409,40.7349],[-73.51431,40.73921],[-73.51578,40.743],[-73.52099,40.7432],[-73.53549,40.74333],[-73.53753,40.73774]]]},"properties":{"geoid":"36059408700","county":"059","county_name":"Nassau","utility":"psegli","utility_split":false,"homes":1582,"homes_source":"acs_est","multifamily_5plus_lots":null,"median_income":176875,"income_band":"150k+","low_income_share":0.25,"median_year_built":1953,"pre1980":0.92,"owner":0.92,"fuel":{"gas":0.12,"propane":0.06,"electric":0.04,"oil":0.77,"other":0.01,"none":0},"dac":false,"dac_share":0,"score":81,"parts":{"volume":25,"fuel":22.1,"age":18.4,"owner":13.8,"incentive":1.9},"gaps":[]}},{"type":"Feature","geometry":{"type":"Polygon","coordinates":[[[-73.51578,40.743],[-73.51485,40.74073],[-73.51431,40.73921],[-73.51424,40.7388],[-73.51404,40.73253],[-73.50587,40.73252],[-73.49767,40.73226],[-73.49668,40.73216],[-73.49656,40.73203],[-73.49241,40.73198],[-73.49107,40.7321],[-73.49142,40.7332],[-73.49158,40.73343],[-73.49165,40.73374],[-73.49158,40.73427],[-73.49187,40.73562],[-73.49189,40.73604],[-73.492,40.7361],[-73.49211,40.73685],[-73.49247,40.738],[-73.49252,40.73882],[-73.49232,40.73891],[-73.49238,40.7393],[-73.49276,40.73953],[-73.4927,40.73997],[-73.49311,40.74],[-73.4931,40.74064],[-73.49301,40.74071],[-73.4935,40.74188],[-73.49366,40.74299],[-73.49397,40.7431],[-73.49662,40.74288],[-73.49912,40.74306],[-73.50225,40.74295],[-73.50472,40.74318],[-73.50472,40.74287],[-73.50509,40.74287],[-73.50515,40.743],[-73.50601,40.74337],[-73.50667,40.74338],[-73.5067,40.74306],[-73.50719,40.74307],[-73.50718,40.74332],[-73.50741,40.74336],[-73.50743,40.74311],[-73.5089,40.74324],[-73.50961,40.74314],[-73.50969,40.743],[-73.51277,40.74311],[-73.51578,40.743]]]},"properties":{"geoid":"36059408800","county":"059","county_name":"Nassau","utility":"psegli","utility_split":false,"homes":2154,"homes_source":"acs_est","multifamily_5plus_lots":null,"median_income":120085,"income_band":"100–150k","low_income_share":0.41,"median_year_built":1955,"pre1980":0.96,"owner":0.93,"fuel":{"gas":0.27,"propane":0.01,"electric":0.04,"oil":0.68,"other":0,"none":0},"dac":false,"dac_share":0,"score":81,"parts":{"volume":25,"fuel":19.4,"age":19.2,"owner":13.9,"incentive":3.1},"gaps":[]}},{"type":"Feature","geometry":{"type":"Polygon","coordinates":[[[-73.52532,40.72492],[-73.52521,40.72391],[-73.52484,40.72286],[-73.52487,40.72038],[-73.52472,40.71948],[-73.52475,40.71789],[-73.5247,40.71766],[-73.52421,40.71708],[-73.52411,40.71681],[-73.52403,40.71551],[-73.52409,40.71503],[-73.52311,40.71497],[-73.52028,40.71534],[-73.51755,40.71532],[-73.51647,40.71554],[-73.51653,40.71613],[-73.51642,40.71668],[-73.51453,40.7168],[-73.5147,40.71597],[-73.51457,40.71552],[-73.51141,40.71573],[-73.50753,40.71583],[-73.50762,40.71629],[-73.50763,40.71718],[-73.50754,40.71733],[-73.50738,40.71738],[-73.50071,40.71621],[-73.50031,40.71608],[-73.49969,40.7168],[-73.49927,40.71753],[-73.50055,40.71788],[-73.50214,40.71846],[-73.50247,40.71865],[-73.50265,40.71887],[-73.50301,40.72132],[-73.50204,40.72499],[-73.50598,40.72497],[-73.50846,40.72513],[-73.50837,40.72568],[-73.51499,40.72602],[-73.5167,40.72592],[-73.52222,40.7251],[-73.52532,40.72492]]]},"properties":{"geoid":"36059409200","county":"059","county_name":"Nassau","utility":"psegli","utility_split":false,"homes":1826,"homes_source":"acs_est","multifamily_5plus_lots":null,"median_income":137426,"income_band":"100–150k","low_income_share":0.25,"median_year_built":1948,"pre1980":0.95,"owner":0.87,"fuel":{"gas":0.14,"propane":0,"electric":0.02,"oil":0.83,"other":0.01,"none":0},"dac":false,"dac_share":0,"score":81,"parts":{"volume":25,"fuel":21.9,"age":18.9,"owner":13,"incentive":1.9},"gaps":[]}},{"type":"Feature","geometry":{"type":"Polygon","coordinates":[[[-73.72833,40.66304],[-73.72793,40.66175],[-73.72644,40.65916],[-73.72593,40.65773],[-73.72534,40.65532],[-73.72479,40.654],[-73.72487,40.65345],[-73.7225,40.65252],[-73.72403,40.65069],[-73.72414,40.65015],[-73.72396,40.64859],[-73.72399,40.64837],[-73.72469,40.64787],[-73.72607,40.64728],[-73.72524,40.64609],[-73.72532,40.6455],[-73.7257,40.64483],[-73.7247,40.64451],[-73.72364,40.64441],[-73.72275,40.64452],[-73.7217,40.64482],[-73.72348,40.64755],[-73.72091,40.64824],[-73.72037,40.64824],[-73.71991,40.64806],[-73.71971,40.64777],[-73.71933,40.64764],[-73.719,40.64697],[-73.71835,40.6464],[-73.71607,40.64731],[-73.71535,40.64808],[-73.71307,40.65153],[-73.71161,40.65074],[-73.70951,40.65042],[-73.70862,40.65037],[-73.70877,40.6513],[-73.70899,40.65133],[-73.70935,40.65276],[-73.70913,40.65271],[-73.70921,40.65303],[-73.70941,40.65337],[-73.70966,40.65342],[-73.70974,40.65436],[-73.70958,40.65449],[-73.70935,40.65511],[-73.70961,40.65839],[-73.71054,40.65906],[-73.7108,40.65955],[-73.70991,40.66104],[-73.71047,40.66137],[-73.71091,40.66134],[-73.71153,40.66154],[-73.71314,40.66183],[-73.71309,40.662],[-73.71387,40.66229],[-73.71448,40.66183],[-73.71479,40.6618],[-73.71513,40.66292],[-73.71645,40.66336],[-73.71682,40.66326],[-73.71914,40.66387],[-73.72281,40.6637],[-73.72485,40.66433],[-73.72776,40.66399],[-73.72781,40.66322],[-73.72809,40.66307],[-73.72833,40.66304]]]},"properties":{"geoid":"36059410900","county":"059","county_name":"Nassau","utility":"psegli","utility_split":false,"homes":1688,"homes_source":"acs_est","multifamily_5plus_lots":null,"median_income":145000,"income_band":"100–150k","low_income_share":0.3,"median_year_built":1956,"pre1980":0.94,"owner":0.85,"fuel":{"gas":0.48,"propane":0,"electric":0.05,"oil":0.45,"other":0.02,"none":0.01},"dac":true,"dac_share":1,"score":81,"parts":{"volume":25,"fuel":15.1,"age":18.8,"owner":12.7,"incentive":9.7},"gaps":[]}},{"type":"Feature","geometry":{"type":"Polygon","coordinates":[[[-73.49107,40.7321],[-73.49023,40.72875],[-73.48997,40.72837],[-73.49031,40.72828],[-73.4901,40.72813],[-73.48937,40.72541],[-73.48784,40.72531],[-73.48624,40.72533],[-73.4812,40.72572],[-73.4783,40.72582],[-73.47287,40.72637],[-73.47091,40.72671],[-73.46755,40.72768],[-73.46302,40.72952],[-73.46233,40.73104],[-73.46634,40.7322],[-73.4676,40.73275],[-73.47007,40.73431],[-73.47005,40.73329],[-73.46977,40.73122],[-73.47484,40.7314],[-73.47561,40.73165],[-73.47774,40.7315],[-73.48163,40.73179],[-73.48415,40.73181],[-73.49107,40.7321]]]},"properties":{"geoid":"36059520200","county":"059","county_name":"Nassau","utility":"psegli","utility_split":false,"homes":899,"homes_source":"acs_est","multifamily_5plus_lots":null,"median_income":152650,"income_band":"150k+","low_income_share":0.3,"median_year_built":1956,"pre1980":0.92,"owner":0.91,"fuel":{"gas":0.13,"propane":0,"electric":0.01,"oil":0.83,"other":0.03,"none":0},"dac":false,"dac_share":0,"score":81,"parts":{"volume":25,"fuel":22.1,"age":18.4,"owner":13.7,"incentive":2.2},"gaps":[]}},{"type":"Feature","geometry":{"type":"Polygon","coordinates":[[[-73.83469,40.5959],[-73.83485,40.59554],[-73.83466,40.59517],[-73.83233,40.59462],[-73.83039,40.59459],[-73.82972,40.59464],[-73.82914,40.59481],[-73.82674,40.59492],[-73.82584,40.59489],[-73.82559,40.59503],[-73.8248,40.59508],[-73.82361,40.5949],[-73.82251,40.59489],[-73.82136,40.59469],[-73.82093,40.59514],[-73.82071,40.59517],[-73.8206,40.5956],[-73.82044,40.59578],[-73.82053,40.59614],[-73.82038,40.59657],[-73.81974,40.59752],[-73.81928,40.59753],[-73.81849,40.59939],[-73.81831,40.60134],[-73.81772,40.60223],[-73.81725,40.60394],[-73.81739,40.60516],[-73.81643,40.60522],[-73.81609,40.60575],[-73.81598,40.60573],[-73.81589,40.60593],[-73.81601,40.60614],[-73.81596,40.60626],[-73.81573,40.60635],[-73.81571,40.60644],[-73.81552,40.60641],[-73.81558,40.60617],[-73.81553,40.60616],[-73.81546,40.60643],[-73.81574,40.60647],[-73.81508,40.60728],[-73.81475,40.60863],[-73.81477,40.60885],[-73.81492,40.60906],[-73.81521,40.60982],[-73.8152,40.60998],[-73.81497,40.61042],[-73.8145,40.61074],[-73.8145,40.61106],[-73.8154,40.61039],[-73.8156,40.61067],[-73.81559,40.61122],[-73.81582,40.61161],[-73.81586,40.61202],[-73.81601,40.61233],[-73.81604,40.61276],[-73.81616,40.61294],[-73.81589,40.61302],[-73.81572,40.61327],[-73.81551,40.61334],[-73.81528,40.6132],[-73.81524,40.61298],[-73.81504,40.61298],[-73.8148,40.61319],[-73.81488,40.61337],[-73.81497,40.61354],[-73.81537,40.61383],[-73.81536,40.61393],[-73.81551,40.61401],[-73.81504,40.61431],[-73.81486,40.6143],[-73.81487,40.61401],[-73.81468,40.61397],[-73.81441,40.6141],[-73.81416,40.61429],[-73.81408,40.61456],[-73.81416,40.61465],[-73.81438,40.61474],[-73.81472,40.6145],[-73.81623,40.61423],[-73.81643,40.61427],[-73.81655,40.61447],[-73.81659,40.61474],[-73.81653,40.61495],[-73.81757,40.61416],[-73.82018,40.61518],[-73.82094,40.61524],[-73.82166,40.61491],[-73.824,40.61251],[-73.8241,40.61232],[-73.82382,40.6115],[-73.82333,40.61112],[-73.82287,40.61034],[-73.8225,40.61024],[-73.82232,40.61028],[-73.82184,40.60988],[-73.8218,40.6094],[-73.82167,40.60923],[-73.82182,40.60896],[-73.82168,40.60871],[-73.82173,40.60859],[-73.82163,40.6085],[-73.82138,40.60855],[-73.8211,40.60909],[-73.82084,40.60923],[-73.82075,40.60962],[-73.82047,40.61019],[-73.82063,40.61053],[-73.82109,40.61079],[-73.82128,40.6111],[-73.82126,40.61131],[-73.82111,40.61143],[-73.821,40.61172],[-73.82109,40.61192],[-73.82086,40.61226],[-73.82057,40.61222],[-73.82043,40.61207],[-73.82052,40.61195],[-73.81995,40.61101],[-73.8198,40.6105],[-73.81981,40.60983],[-73.81998,40.60956],[-73.81994,40.60934],[-73.82003,40.60892],[-73.82091,40.60778],[-73.82089,40.60764],[-73.82127,40.60716],[-73.82121,40.60708],[-73.82168,40.60682],[-73.8221,40.60645],[-73.82236,40.60647],[-73.82291,40.60585],[-73.82247,40.60552],[-73.82259,40.60509],[-73.82282,40.60494],[-73.8229,40.60469],[-73.82278,40.60454],[-73.82277,40.6042],[-73.82295,40.60258],[-73.82305,40.60235],[-73.82358,40.60227],[-73.82362,40.60203],[-73.82345,40.60176],[-73.82351,40.60155],[-73.82388,40.60125],[-73.82399,40.601],[-73.8243,40.60085],[-73.82432,40.60076],[-73.82445,40.6008],[-73.82441,40.60034],[-73.82259,40.60018],[-73.82234,40.60023],[-73.82233,40.60015],[-73.8217,40.60012],[-73.82172,40.60008],[-73.82148,40.60005],[-73.82147,40.59999],[-73.8217,40.59996],[-73.8218,40.59983],[-73.82194,40.5998],[-73.82239,40.59993],[-73.823,40.59996],[-73.823,40.60005],[-73.82313,40.60006],[-73.82315,40.59998],[-73.82377,40.60004],[-73.82407,40.59929],[-73.82417,40.5993],[-73.82422,40.59907],[-73.82408,40.59891],[-73.82448,40.59896],[-73.82447,40.59911],[-73.82453,40.59912],[-73.82479,40.59842],[-73.82453,40.59894],[-73.82396,40.59888],[-73.8243,40.59833],[-73.82457,40.59817],[-73.82485,40.59815],[-73.82553,40.59851],[-73.82592,40.59917],[-73.82585,40.59944],[-73.82605,40.59946],[-73.82697,40.59867],[-73.82714,40.59869],[-73.82712,40.59846],[-73.82785,40.598],[-73.82804,40.5977],[-73.82834,40.59765],[-73.82878,40.59779],[-73.82911,40.59777],[-73.82925,40.59784],[-73.82927,40.59798],[-73.82948,40.59813],[-73.83005,40.59781],[-73.83039,40.59773],[-73.8305,40.59762],[-73.83047,40.59745],[-73.83076,40.59745],[-73.83126,40.59789],[-73.83159,40.59794],[-73.83232,40.59781],[-73.83214,40.59762],[-73.83296,40.59744],[-73.83336,40.59724],[-73.83349,40.59692],[-73.8342,40.59666],[-73.8344,40.59646],[-73.83446,40.59623],[-73.83469,40.5959]]]},"properties":{"geoid":"36081107201","county":"081","county_name":"Queens","utility":"psegli","utility_split":false,"homes":875,"homes_source":"pluto","multifamily_5plus_lots":0,"median_income":111354,"income_band":"100–150k","low_income_share":0.46,"median_year_built":1940,"pre1980":0.87,"owner":0.78,"fuel":{"gas":0.05,"propane":0.05,"electric":0.1,"oil":0.79,"other":0.02,"none":0},"dac":false,"dac_share":0,"score":80,"parts":{"volume":25,"fuel":22.7,"age":17.5,"owner":11.7,"incentive":3.5},"gaps":[]}},{"type":"Feature","geometry":{"type":"Polygon","coordinates":[[[-73.60714,40.71288],[-73.60616,40.70941],[-73.60577,40.7094],[-73.6044,40.70496],[-73.60466,40.70224],[-73.60329,40.7022],[-73.6014,40.70197],[-73.60118,40.70501],[-73.60119,40.70627],[-73.60135,40.70759],[-73.60035,40.70763],[-73.60035,40.70966],[-73.59985,40.70966],[-73.60005,40.71005],[-73.59992,40.7109],[-73.59974,40.71097],[-73.59979,40.71125],[-73.59849,40.71154],[-73.59903,40.71501],[-73.59921,40.7157],[-73.59932,40.71587],[-73.60241,40.7148],[-73.60359,40.71437],[-73.6054,40.71353],[-73.60714,40.71288]]]},"properties":{"geoid":"36059407204","county":"059","county_name":"Nassau","utility":"psegli","utility_split":false,"homes":811,"homes_source":"acs_est","multifamily_5plus_lots":null,"median_income":114620,"income_band":"100–150k","low_income_share":0.32,"median_year_built":1954,"pre1980":0.94,"owner":0.82,"fuel":{"gas":0.56,"propane":0.02,"electric":0.05,"oil":0.37,"other":0,"none":0},"dac":true,"dac_share":1,"score":80,"parts":{"volume":25,"fuel":13.9,"age":18.8,"owner":12.3,"incentive":9.9},"gaps":[]}},{"type":"Feature","geometry":{"type":"Polygon","coordinates":[[[-73.58821,40.73671],[-73.58891,40.73662],[-73.58765,40.73611],[-73.58682,40.73568],[-73.58532,40.73472],[-73.58437,40.73398],[-73.58357,40.73324],[-73.58259,40.73216],[-73.58148,40.7305],[-73.58081,40.72899],[-73.58038,40.72742],[-73.58024,40.72598],[-73.58035,40.72224],[-73.57762,40.72291],[-73.57564,40.72326],[-73.55694,40.72514],[-73.55641,40.72695],[-73.55608,40.72773],[-73.55533,40.72907],[-73.55512,40.72961],[-73.55421,40.73373],[-73.55282,40.74081],[-73.55263,40.7416],[-73.55211,40.74276],[-73.55194,40.74336],[-73.55194,40.74413],[-73.55302,40.75231],[-73.55304,40.75309],[-73.55291,40.75466],[-73.55301,40.75534],[-73.55321,40.75595],[-73.55929,40.7547],[-73.56308,40.75361],[-73.55521,40.74709],[-73.56064,40.74439],[-73.5723,40.73748],[-73.57334,40.73766],[-73.57411,40.73797],[-73.57484,40.73854],[-73.57513,40.73897],[-73.57657,40.74185],[-73.57809,40.74528],[-73.5788,40.7465],[-73.57964,40.74952],[-73.58179,40.74907],[-73.58764,40.74757],[-73.5875,40.74667],[-73.58296,40.73682],[-73.58653,40.73685],[-73.58821,40.73671]]]},"properties":{"geoid":"36059407700","county":"059","county_name":"Nassau","utility":"psegli","utility_split":false,"homes":1650,"homes_source":"acs_est","multifamily_5plus_lots":null,"median_income":172727,"income_band":"150k+","low_income_share":0.34,"median_year_built":1954,"pre1980":0.94,"owner":0.93,"fuel":{"gas":0.17,"propane":0.03,"electric":0.05,"oil":0.63,"other":0.11,"none":0},"dac":false,"dac_share":0,"score":80,"parts":{"volume":25,"fuel":19.7,"age":18.8,"owner":14,"incentive":2.6},"gaps":[]}},{"type":"Feature","geometry":{"type":"Polygon","coordinates":[[[-73.80777,40.68714],[-73.80802,40.68706],[-73.80589,40.6829],[-73.79898,40.68486],[-73.79995,40.68683],[-73.79914,40.68718],[-73.80127,40.68868],[-73.80279,40.68753],[-73.80387,40.68847],[-73.80469,40.68837],[-73.80529,40.68798],[-73.80777,40.68714]]]},"properties":{"geoid":"36081019400","county":"081","county_name":"Queens","utility":"coned","utility_split":false,"homes":628,"homes_source":"pluto","multifamily_5plus_lots":0,"median_income":100938,"income_band":"100–150k","low_income_share":0.49,"median_year_built":1944,"pre1980":0.95,"owner":0.83,"fuel":{"gas":0.83,"propane":0.03,"electric":0.08,"oil":0.07,"other":0,"none":0},"dac":true,"dac_share":1,"score":79,"parts":{"volume":24.1,"fuel":8.5,"age":19,"owner":12.4,"incentive":15},"gaps":[]}},{"type":"Feature","geometry":{"type":"Polygon","coordinates":[[[-73.54556,40.74358],[-73.54569,40.74358],[-73.54508,40.74204],[-73.54449,40.74017],[-73.54349,40.73539],[-73.54275,40.73323],[-73.53061,40.7333],[-73.5242,40.73325],[-73.52349,40.73296],[-73.51965,40.73292],[-73.51404,40.73253],[-73.51409,40.7349],[-73.51476,40.73492],[-73.51482,40.7361],[-73.51512,40.7363],[-73.53399,40.7368],[-73.53473,40.73706],[-73.53692,40.73712],[-73.53731,40.7372],[-73.53766,40.7374],[-73.53549,40.74333],[-73.54322,40.7436],[-73.54556,40.74358]]]},"properties":{"geoid":"36059408600","county":"059","county_name":"Nassau","utility":"psegli","utility_split":false,"homes":1273,"homes_source":"acs_est","multifamily_5plus_lots":null,"median_income":146806,"income_band":"100–150k","low_income_share":0.29,"median_year_built":1951,"pre1980":0.95,"owner":0.81,"fuel":{"gas":0.17,"propane":0.02,"electric":0.08,"oil":0.73,"other":0.01,"none":0},"dac":false,"dac_share":0,"score":79,"parts":{"volume":25,"fuel":20.8,"age":19.1,"owner":12.2,"incentive":2.2},"gaps":[]}},{"type":"Feature","geometry":{"type":"Polygon","coordinates":[[[-73.72826,40.66661],[-73.72822,40.66596],[-73.72784,40.66505],[-73.72776,40.66399],[-73.72485,40.66433],[-73.72281,40.6637],[-73.71914,40.66387],[-73.71682,40.66326],[-73.71645,40.66336],[-73.71513,40.66292],[-73.71479,40.6618],[-73.71448,40.66183],[-73.71387,40.66229],[-73.71309,40.662],[-73.71314,40.66183],[-73.71276,40.66172],[-73.71186,40.66161],[-73.71091,40.66134],[-73.71047,40.66137],[-73.70991,40.66104],[-73.7108,40.65955],[-73.71054,40.65906],[-73.70961,40.65839],[-73.70961,40.65932],[-73.70876,40.66261],[-73.70803,40.66772],[-73.71332,40.66872],[-73.71433,40.66901],[-73.71789,40.67062],[-73.72095,40.67156],[-73.72413,40.67318],[-73.72702,40.6741],[-73.72754,40.67416],[-73.72826,40.66807],[-73.72826,40.66661]]]},"properties":{"geoid":"36059410400","county":"059","county_name":"Nassau","utility":"psegli","utility_split":false,"homes":1466,"homes_source":"acs_est","multifamily_5plus_lots":null,"median_income":158977,"income_band":"150k+","low_income_share":0.34,"median_year_built":1946,"pre1980":0.94,"owner":0.89,"fuel":{"gas":0.69,"propane":0.05,"electric":0.04,"oil":0.22,"other":0,"none":0},"dac":true,"dac_share":1,"score":79,"parts":{"volume":25,"fuel":11.5,"age":18.8,"owner":13.4,"incentive":10},"gaps":[]}},{"type":"Feature","geometry":{"type":"Polygon","coordinates":[[[-73.72293,40.6477],[-73.72348,40.64755],[-73.7217,40.64482],[-73.72134,40.64494],[-73.71987,40.64514],[-73.71866,40.64569],[-73.71663,40.64628],[-73.71548,40.64673],[-73.71568,40.64694],[-73.71504,40.64762],[-73.71482,40.64755],[-73.7128,40.65058],[-73.7121,40.65015],[-73.71176,40.65005],[-73.70869,40.64966],[-73.70781,40.64855],[-73.70554,40.64494],[-73.70297,40.6449],[-73.70184,40.64501],[-73.70168,40.65954],[-73.70187,40.66],[-73.70234,40.66056],[-73.70314,40.66119],[-73.70875,40.66272],[-73.70961,40.65932],[-73.70961,40.65816],[-73.70935,40.65511],[-73.70958,40.65449],[-73.70974,40.65436],[-73.70966,40.65342],[-73.70941,40.65337],[-73.70921,40.65303],[-73.70913,40.65271],[-73.70935,40.65276],[-73.70899,40.65133],[-73.70877,40.6513],[-73.70862,40.65037],[-73.70951,40.65042],[-73.71161,40.65074],[-73.71307,40.65153],[-73.71535,40.64808],[-73.71607,40.64731],[-73.71835,40.6464],[-73.719,40.64697],[-73.71933,40.64764],[-73.71971,40.64777],[-73.71991,40.64806],[-73.72037,40.64824],[-73.72091,40.64824],[-73.72293,40.6477]]]},"properties":{"geoid":"36059410800","county":"059","county_name":"Nassau","utility":"psegli","utility_split":false,"homes":1513,"homes_source":"acs_est","multifamily_5plus_lots":null,"median_income":130478,"income_band":"100–150k","low_income_share":0.34,"median_year_built":1946,"pre1980":0.97,"owner":0.93,"fuel":{"gas":0.73,"propane":0.05,"electric":0.03,"oil":0.18,"other":0,"none":0},"dac":true,"dac_share":1,"score":79,"parts":{"volume":25,"fuel":10.8,"age":19.5,"owner":13.9,"incentive":10.1},"gaps":[]}},{"type":"Feature","geometry":{"type":"Polygon","coordinates":[[[-73.4953,40.69121],[-73.49532,40.69105],[-73.49483,40.6909],[-73.4933,40.69071],[-73.48209,40.69129],[-73.48277,40.69465],[-73.48291,40.69471],[-73.48295,40.69492],[-73.48259,40.695],[-73.48285,40.69526],[-73.48319,40.69701],[-73.48329,40.69705],[-73.48327,40.69768],[-73.48373,40.69974],[-73.48408,40.70185],[-73.48432,40.70206],[-73.48438,40.70222],[-73.48422,40.70252],[-73.48424,40.70277],[-73.48888,40.70161],[-73.49113,40.70133],[-73.49248,40.70131],[-73.49279,40.69706],[-73.49336,40.69577],[-73.49486,40.69312],[-73.49518,40.69211],[-73.4953,40.69121]]]},"properties":{"geoid":"36059415500","county":"059","county_name":"Nassau","utility":"psegli","utility_split":false,"homes":877,"homes_source":"acs_est","multifamily_5plus_lots":null,"median_income":188796,"income_band":"150k+","low_income_share":0.24,"median_year_built":null,"pre1980":0.99,"owner":0.95,"fuel":{"gas":0.34,"propane":0,"electric":0.04,"oil":0.62,"other":0,"none":0},"dac":false,"dac_share":0,"score":79,"parts":{"volume":25,"fuel":18.2,"age":19.8,"owner":14.2,"incentive":1.8},"gaps":[]}},{"type":"Feature","geometry":{"type":"Polygon","coordinates":[[[-73.54955,40.75668],[-73.54932,40.75612],[-73.54948,40.75611],[-73.54849,40.75104],[-73.54821,40.7483],[-73.54791,40.74774],[-73.54828,40.7476],[-73.54788,40.74663],[-73.54765,40.7436],[-73.54322,40.7436],[-73.53549,40.74333],[-73.5325,40.75107],[-73.5282,40.76174],[-73.53712,40.75938],[-73.54444,40.75766],[-73.54955,40.75668]]]},"properties":{"geoid":"36059519000","county":"059","county_name":"Nassau","utility":"psegli","utility_split":false,"homes":1875,"homes_source":"acs_est","multifamily_5plus_lots":null,"median_income":155469,"income_band":"150k+","low_income_share":0.33,"median_year_built":1954,"pre1980":0.95,"owner":0.86,"fuel":{"gas":0.17,"propane":0.03,"electric":0.14,"oil":0.63,"other":0.03,"none":0},"dac":false,"dac_share":0,"score":79,"parts":{"volume":25,"fuel":19.7,"age":19,"owner":12.9,"incentive":2.5},"gaps":[]}},{"type":"Feature","geometry":{"type":"Polygon","coordinates":[[[-73.82768,40.68947],[-73.82851,40.68924],[-73.82753,40.68724],[-73.8267,40.68747],[-73.8239,40.68176],[-73.82307,40.682],[-73.82222,40.68025],[-73.82136,40.6805],[-73.82599,40.68995],[-73.82768,40.68947]]]},"properties":{"geoid":"36081010600","county":"081","county_name":"Queens","utility":"coned","utility_split":false,"homes":455,"homes_source":"pluto","multifamily_5plus_lots":6,"median_income":121250,"income_band":"100–150k","low_income_share":0.39,"median_year_built":1938,"pre1980":0.96,"owner":0.72,"fuel":{"gas":0.73,"propane":0,"electric":0.08,"oil":0.19,"other":0,"none":0},"dac":true,"dac_share":1,"score":78,"parts":{"volume":22.9,"fuel":10.3,"age":19.1,"owner":10.9,"incentive":15},"gaps":[]}},{"type":"Feature","geometry":{"type":"Polygon","coordinates":[[[-73.80679,40.66924],[-73.80714,40.66767],[-73.80525,40.66762],[-73.80545,40.6669],[-73.80166,40.66676],[-73.80129,40.66847],[-73.80122,40.66911],[-73.80124,40.67149],[-73.80139,40.67312],[-73.80179,40.67439],[-73.8062,40.67478],[-73.80638,40.67468],[-73.80641,40.67099],[-73.80679,40.66924]]]},"properties":{"geoid":"36081081400","county":"081","county_name":"Queens","utility":"coned","utility_split":false,"homes":796,"homes_source":"pluto","multifamily_5plus_lots":0,"median_income":105179,"income_band":"100–150k","low_income_share":0.49,"median_year_built":1938,"pre1980":0.78,"owner":0.84,"fuel":{"gas":0.78,"propane":0.08,"electric":0.06,"oil":0.07,"other":0.01,"none":0},"dac":true,"dac_share":1,"score":78,"parts":{"volume":25,"fuel":9.5,"age":15.5,"owner":12.6,"incentive":15},"gaps":[]}},{"type":"Feature","geometry":{"type":"Polygon","coordinates":[[[-73.83171,40.77247],[-73.83149,40.77203],[-73.83152,40.77166],[-73.83059,40.77164],[-73.83055,40.77022],[-73.83011,40.77053],[-73.82957,40.77071],[-73.82657,40.77064],[-73.82657,40.77235],[-73.82648,40.77312],[-73.82625,40.77452],[-73.82583,40.77592],[-73.82487,40.77654],[-73.82433,40.77674],[-73.82382,40.77836],[-73.82292,40.78054],[-73.82224,40.78169],[-73.82529,40.7817],[-73.8263,40.7798],[-73.82888,40.77543],[-73.83022,40.77376],[-73.83171,40.77247]]]},"properties":{"geoid":"36081088903","county":"081","county_name":"Queens","utility":"coned","utility_split":false,"homes":257,"homes_source":"pluto","multifamily_5plus_lots":5,"median_income":53393,"income_band":"<60k","low_income_share":0.76,"median_year_built":1957,"pre1980":0.94,"owner":0.8,"fuel":{"gas":0.67,"propane":0.04,"electric":0.08,"oil":0.21,"other":0,"none":0.01},"dac":true,"dac_share":1,"score":78,"parts":{"volume":20.8,"fuel":11.4,"age":18.8,"owner":11.9,"incentive":15},"gaps":[]}},{"type":"Feature","geometry":{"type":"Polygon","coordinates":[[[-73.6619,40.62386],[-73.66194,40.62305],[-73.66163,40.62287],[-73.66035,40.62297],[-73.65956,40.62289],[-73.65849,40.62301],[-73.65785,40.62341],[-73.65747,40.6238],[-73.6569,40.62372],[-73.65642,40.62353],[-73.65628,40.6232],[-73.65512,40.62181],[-73.65332,40.618],[-73.65328,40.6165],[-73.65246,40.61708],[-73.65236,40.61692],[-73.65077,40.61718],[-73.65062,40.6173],[-73.64995,40.61723],[-73.6515,40.62341],[-73.65366,40.63081],[-73.65432,40.63352],[-73.64708,40.63462],[-73.64646,40.63458],[-73.64525,40.63653],[-73.64419,40.6377],[-73.64294,40.63933],[-73.64887,40.64053],[-73.65137,40.64057],[-73.65644,40.64082],[-73.65839,40.64076],[-73.65877,40.63974],[-73.65915,40.6384],[-73.65905,40.63809],[-73.65934,40.63773],[-73.65977,40.63612],[-73.65973,40.63602],[-73.65994,40.63583],[-73.65933,40.63568],[-73.6582,40.63564],[-73.6577,40.6355],[-73.65761,40.63533],[-73.65727,40.6352],[-73.65785,40.63463],[-73.65871,40.63424],[-73.65901,40.63452],[-73.65921,40.63388],[-73.65973,40.63046],[-73.65975,40.62983],[-73.66032,40.62897],[-73.66088,40.6284],[-73.6619,40.62386]]]},"properties":{"geoid":"36059413002","county":"059","county_name":"Nassau","utility":"psegli","utility_split":false,"homes":1244,"homes_source":"acs_est","multifamily_5plus_lots":null,"median_income":150323,"income_band":"150k+","low_income_share":0.24,"median_year_built":1960,"pre1980":0.95,"owner":0.88,"fuel":{"gas":0.67,"propane":0.04,"electric":0.08,"oil":0.19,"other":0.02,"none":0},"dac":true,"dac_share":1,"score":78,"parts":{"volume":25,"fuel":11.1,"age":19.1,"owner":13.2,"incentive":9.3},"gaps":[]}},{"type":"Feature","geometry":{"type":"Polygon","coordinates":[[[-73.5912,40.68905],[-73.59014,40.68805],[-73.58691,40.68531],[-73.58532,40.68364],[-73.58514,40.68334],[-73.58417,40.68097],[-73.58412,40.68071],[-73.58422,40.67997],[-73.58106,40.68015],[-73.57926,40.67978],[-73.57584,40.67959],[-73.57224,40.67998],[-73.57232,40.68109],[-73.57263,40.68266],[-73.5731,40.68411],[-73.57384,40.68583],[-73.57432,40.6872],[-73.57467,40.68955],[-73.57502,40.69084],[-73.58036,40.69078],[-73.58496,40.69124],[-73.58623,40.69124],[-73.58756,40.691],[-73.58864,40.69064],[-73.58954,40.69018],[-73.5912,40.68905]]]},"properties":{"geoid":"36059414001","county":"059","county_name":"Nassau","utility":"psegli","utility_split":false,"homes":1138,"homes_source":"acs_est","multifamily_5plus_lots":null,"median_income":88235,"income_band":"60–100k","low_income_share":0.56,"median_year_built":1948,"pre1980":0.95,"owner":0.73,"fuel":{"gas":0.68,"propane":0.01,"electric":0.1,"oil":0.21,"other":0,"none":0},"dac":true,"dac_share":1,"score":78,"parts":{"volume":25,"fuel":10.9,"age":18.9,"owner":11,"incentive":11.7},"gaps":[]}},{"type":"Feature","geometry":{"type":"Polygon","coordinates":[[[-73.53549,40.74333],[-73.52099,40.7432],[-73.51578,40.743],[-73.52049,40.75431],[-73.52376,40.76296],[-73.5282,40.76174],[-73.5325,40.75107],[-73.53549,40.74333]]]},"properties":{"geoid":"36059519100","county":"059","county_name":"Nassau","utility":"psegli","utility_split":false,"homes":2059,"homes_source":"acs_est","multifamily_5plus_lots":null,"median_income":128585,"income_band":"100–150k","low_income_share":0.4,"median_year_built":1954,"pre1980":0.94,"owner":0.87,"fuel":{"gas":0.3,"propane":0.08,"electric":0.09,"oil":0.52,"other":0.01,"none":0},"dac":false,"dac_share":0,"score":78,"parts":{"volume":25,"fuel":18.1,"age":18.7,"owner":13,"incentive":3},"gaps":[]}},{"type":"Feature","geometry":{"type":"Polygon","coordinates":[[[-73.81778,40.6835],[-73.81694,40.68176],[-73.80675,40.68468],[-73.80802,40.68706],[-73.81086,40.68602],[-73.81359,40.68471],[-73.81778,40.6835]]]},"properties":{"geoid":"36081017000","county":"081","county_name":"Queens","utility":"coned","utility_split":false,"homes":475,"homes_source":"pluto","multifamily_5plus_lots":0,"median_income":108229,"income_band":"100–150k","low_income_share":0.45,"median_year_built":1944,"pre1980":0.94,"owner":0.78,"fuel":{"gas":0.79,"propane":0.04,"electric":0.03,"oil":0.09,"other":0.03,"none":0.02},"dac":true,"dac_share":1,"score":77,"parts":{"volume":23.1,"fuel":8.9,"age":18.8,"owner":11.6,"incentive":15},"gaps":[]}},{"type":"Feature","geometry":{"type":"Polygon","coordinates":[[[-73.8057,40.68295],[-73.80589,40.6829],[-73.80503,40.68115],[-73.79637,40.68361],[-73.79829,40.68752],[-73.79995,40.68683],[-73.79898,40.68486],[-73.8057,40.68295]]]},"properties":{"geoid":"36081019200","county":"081","county_name":"Queens","utility":"coned","utility_split":false,"homes":518,"homes_source":"pluto","multifamily_5plus_lots":0,"median_income":93403,"income_band":"60–100k","low_income_share":0.56,"median_year_built":1938,"pre1980":0.94,"owner":0.75,"fuel":{"gas":0.85,"propane":0.03,"electric":0.05,"oil":0.08,"other":0,"none":0},"dac":true,"dac_share":1,"score":77,"parts":{"volume":23.4,"fuel":8.5,"age":18.9,"owner":11.2,"incentive":15},"gaps":[]}},{"type":"Feature","geometry":{"type":"Polygon","coordinates":[[[-73.88175,40.76171],[-73.88072,40.75605],[-73.87793,40.75634],[-73.87895,40.76198],[-73.88175,40.76171]]]},"properties":{"geoid":"36081033900","county":"081","county_name":"Queens","utility":"coned","utility_split":false,"homes":348,"homes_source":"pluto","multifamily_5plus_lots":4,"median_income":69755,"income_band":"60–100k","low_income_share":0.72,"median_year_built":1949,"pre1980":0.99,"owner":0.76,"fuel":{"gas":0.72,"propane":0.03,"electric":0.11,"oil":0.06,"other":0.04,"none":0.05},"dac":true,"dac_share":1,"score":77,"parts":{"volume":21.9,"fuel":8.4,"age":19.8,"owner":11.4,"incentive":15},"gaps":[]}},{"type":"Feature","geometry":{"type":"Polygon","coordinates":[[[-73.82525,40.67517],[-73.82582,40.67335],[-73.81115,40.67071],[-73.80978,40.67511],[-73.81156,40.67527],[-73.81169,40.67516],[-73.81176,40.67529],[-73.81684,40.67576],[-73.82467,40.67703],[-73.82525,40.67517]]]},"properties":{"geoid":"36081084000","county":"081","county_name":"Queens","utility":"coned","utility_split":false,"homes":1237,"homes_source":"pluto","multifamily_5plus_lots":0,"median_income":87614,"income_band":"60–100k","low_income_share":0.51,"median_year_built":1938,"pre1980":0.77,"owner":0.86,"fuel":{"gas":0.81,"propane":0.05,"electric":0.07,"oil":0.05,"other":0,"none":0.02},"dac":true,"dac_share":1,"score":77,"parts":{"volume":25,"fuel":8.5,"age":15.4,"owner":12.8,"incentive":15},"gaps":[]}},{"type":"Feature","geometry":{"type":"Polygon","coordinates":[[[-73.82752,40.6679],[-73.82808,40.66609],[-73.82228,40.66612],[-73.81936,40.66548],[-73.81858,40.66548],[-73.81756,40.66562],[-73.8143,40.6668],[-73.81326,40.66703],[-73.8132,40.66725],[-73.82695,40.66972],[-73.82752,40.6679]]]},"properties":{"geoid":"36081084601","county":"081","county_name":"Queens","utility":"coned","utility_split":false,"homes":558,"homes_source":"pluto","multifamily_5plus_lots":0,"median_income":102692,"income_band":"100–150k","low_income_share":0.46,"median_year_built":1953,"pre1980":0.93,"owner":0.81,"fuel":{"gas":0.88,"propane":0.05,"electric":0.06,"oil":0.01,"other":0.01,"none":0},"dac":true,"dac_share":1,"score":77,"parts":{"volume":23.7,"fuel":7.7,"age":18.6,"owner":12.2,"incentive":15},"gaps":[]}},{"type":"Feature","geometry":{"type":"Polygon","coordinates":[[[-73.58123,40.75452],[-73.57964,40.74952],[-73.57012,40.75124],[-73.56544,40.75287],[-73.55983,40.75457],[-73.54955,40.75668],[-73.5505,40.765],[-73.55271,40.76649],[-73.55945,40.77055],[-73.56006,40.77149],[-73.56244,40.77292],[-73.56475,40.77028],[-73.56273,40.76932],[-73.56038,40.76788],[-73.55889,40.76674],[-73.55676,40.76479],[-73.55358,40.76105],[-73.56001,40.75964],[-73.58123,40.75452]]]},"properties":{"geoid":"36059304202","county":"059","county_name":"Nassau","utility":"psegli","utility_split":false,"homes":835,"homes_source":"acs_est","multifamily_5plus_lots":null,"median_income":148708,"income_band":"100–150k","low_income_share":0.31,"median_year_built":1954,"pre1980":0.9,"owner":0.75,"fuel":{"gas":0.55,"propane":0.03,"electric":0.08,"oil":0.3,"other":0,"none":0.03},"dac":true,"dac_share":1,"score":77,"parts":{"volume":25,"fuel":12.9,"age":18.1,"owner":11.2,"incentive":9.8},"gaps":[]}},{"type":"Feature","geometry":{"type":"Polygon","coordinates":[[[-73.7269,40.70998],[-73.72705,40.7095],[-73.72673,40.70215],[-73.72678,40.70199],[-73.72665,40.70111],[-73.7265,40.69689],[-73.72037,40.69552],[-73.71983,40.69536],[-73.71748,40.69428],[-73.71683,40.69521],[-73.71512,40.69726],[-73.71394,40.69891],[-73.72042,40.70016],[-73.71998,40.70148],[-73.71952,40.7014],[-73.71943,40.70168],[-73.71813,40.70821],[-73.72059,40.70881],[-73.72697,40.71071],[-73.7269,40.70998]]]},"properties":{"geoid":"36059404901","county":"059","county_name":"Nassau","utility":"psegli","utility_split":false,"homes":1387,"homes_source":"acs_est","multifamily_5plus_lots":null,"median_income":129817,"income_band":"100–150k","low_income_share":0.36,"median_year_built":1952,"pre1980":0.99,"owner":0.95,"fuel":{"gas":0.46,"propane":0.01,"electric":0.08,"oil":0.45,"other":0,"none":0},"dac":false,"dac_share":0,"score":77,"parts":{"volume":25,"fuel":15.3,"age":19.8,"owner":14.3,"incentive":2.7},"gaps":[]}},{"type":"Feature","geometry":{"type":"Polygon","coordinates":[[[-73.7202,40.70082],[-73.72042,40.70016],[-73.71394,40.69891],[-73.71202,40.70243],[-73.71099,40.70393],[-73.71081,40.70438],[-73.71069,40.7053],[-73.71053,40.70585],[-73.71016,40.70648],[-73.70977,40.70691],[-73.70965,40.70756],[-73.70975,40.70823],[-73.71225,40.70841],[-73.71542,40.70803],[-73.71733,40.70808],[-73.71813,40.70821],[-73.71943,40.70168],[-73.71952,40.7014],[-73.71998,40.70148],[-73.7202,40.70082]]]},"properties":{"geoid":"36059404902","county":"059","county_name":"Nassau","utility":"psegli","utility_split":false,"homes":1246,"homes_source":"acs_est","multifamily_5plus_lots":null,"median_income":109321,"income_band":"100–150k","low_income_share":0.4,"median_year_built":1947,"pre1980":0.89,"owner":0.77,"fuel":{"gas":0.57,"propane":0.06,"electric":0.17,"oil":0.2,"other":0,"none":0},"dac":true,"dac_share":1,"score":77,"parts":{"volume":25,"fuel":12.1,"age":17.8,"owner":11.6,"incentive":10.5},"gaps":[]}},{"type":"Feature","geometry":{"type":"Polygon","coordinates":[[[-73.60035,40.70966],[-73.60038,40.70937],[-73.59444,40.70937],[-73.58695,40.71008],[-73.57982,40.71231],[-73.58032,40.7145],[-73.58052,40.71636],[-73.58035,40.72224],[-73.58317,40.72155],[-73.58495,40.72098],[-73.59932,40.71587],[-73.59903,40.71501],[-73.59849,40.71154],[-73.59979,40.71125],[-73.59974,40.71097],[-73.59992,40.7109],[-73.60005,40.71005],[-73.59985,40.70966],[-73.60035,40.70966]]]},"properties":{"geoid":"36059407302","county":"059","county_name":"Nassau","utility":"psegli","utility_split":false,"homes":1453,"homes_source":"acs_est","multifamily_5plus_lots":null,"median_income":110653,"income_band":"100–150k","low_income_share":0.38,"median_year_built":1953,"pre1980":0.91,"owner":0.74,"fuel":{"gas":0.66,"propane":0.01,"electric":0.02,"oil":0.31,"other":0,"none":0},"dac":true,"dac_share":1,"score":77,"parts":{"volume":25,"fuel":12.3,"age":18.1,"owner":11,"incentive":10.3},"gaps":[]}},{"type":"Feature","geometry":{"type":"Polygon","coordinates":[[[-73.57964,40.74952],[-73.5788,40.7465],[-73.57809,40.74528],[-73.57657,40.74185],[-73.57513,40.73897],[-73.57484,40.73854],[-73.57428,40.73807],[-73.57356,40.73772],[-73.57274,40.73752],[-73.5723,40.73748],[-73.56064,40.74439],[-73.55521,40.74709],[-73.56308,40.75361],[-73.56591,40.75272],[-73.57012,40.75124],[-73.57964,40.74952]]]},"properties":{"geoid":"36059407600","county":"059","county_name":"Nassau","utility":"psegli","utility_split":false,"homes":1729,"homes_source":"acs_est","multifamily_5plus_lots":null,"median_income":197697,"income_band":"150k+","low_income_share":0.21,"median_year_built":1955,"pre1980":0.97,"owner":0.97,"fuel":{"gas":0.39,"propane":0.03,"electric":0.04,"oil":0.52,"other":0.02,"none":0},"dac":false,"dac_share":0,"score":77,"parts":{"volume":25,"fuel":16.9,"age":19.3,"owner":14.6,"incentive":1.6},"gaps":[]}},{"type":"Feature","geometry":{"type":"Polygon","coordinates":[[[-73.56676,40.72414],[-73.56656,40.72401],[-73.56649,40.7236],[-73.56416,40.72013],[-73.56073,40.71567],[-73.55903,40.71358],[-73.55374,40.70976],[-73.54867,40.71376],[-73.5478,40.71465],[-73.5474,40.71447],[-73.54463,40.71456],[-73.54485,40.71578],[-73.54495,40.71788],[-73.5445,40.72323],[-73.54451,40.72401],[-73.54426,40.72466],[-73.55089,40.72522],[-73.55441,40.7253],[-73.55694,40.72514],[-73.56676,40.72414]]]},"properties":{"geoid":"36059408200","county":"059","county_name":"Nassau","utility":"psegli","utility_split":false,"homes":2078,"homes_source":"acs_est","multifamily_5plus_lots":null,"median_income":125568,"income_band":"100–150k","low_income_share":0.42,"median_year_built":1955,"pre1980":0.89,"owner":0.96,"fuel":{"gas":0.41,"propane":0.02,"electric":0.03,"oil":0.54,"other":0.01,"none":0.01},"dac":false,"dac_share":0,"score":77,"parts":{"volume":25,"fuel":16.8,"age":17.8,"owner":14.4,"incentive":3.1},"gaps":[]}},{"type":"Feature","geometry":{"type":"Polygon","coordinates":[[[-73.57595,40.6945],[-73.57487,40.69083],[-73.57394,40.69075],[-73.5687,40.68985],[-73.5596,40.69025],[-73.55648,40.69007],[-73.55494,40.69016],[-73.5537,40.69048],[-73.55296,40.69081],[-73.55238,40.69117],[-73.55072,40.69244],[-73.55644,40.69697],[-73.56009,40.69907],[-73.56245,40.6984],[-73.56617,40.69776],[-73.5669,40.69757],[-73.57481,40.69468],[-73.57595,40.6945]]]},"properties":{"geoid":"36059408400","county":"059","county_name":"Nassau","utility":"psegli","utility_split":false,"homes":1392,"homes_source":"acs_est","multifamily_5plus_lots":null,"median_income":171484,"income_band":"150k+","low_income_share":0.28,"median_year_built":1955,"pre1980":0.94,"owner":0.97,"fuel":{"gas":0.46,"propane":0.06,"electric":0.02,"oil":0.46,"other":0,"none":0},"dac":false,"dac_share":0,"score":77,"parts":{"volume":25,"fuel":16.2,"age":18.7,"owner":14.6,"incentive":2.1},"gaps":[]}},{"type":"Feature","geometry":{"type":"Polygon","coordinates":[[[-73.50371,40.70494],[-73.49225,40.70538],[-73.49213,40.70695],[-73.49093,40.71526],[-73.48935,40.72121],[-73.49209,40.72008],[-73.49428,40.71993],[-73.49495,40.71975],[-73.4989,40.7175],[-73.49927,40.71753],[-73.49969,40.7168],[-73.50175,40.71458],[-73.50216,40.71379],[-73.5024,40.71272],[-73.50252,40.71158],[-73.50227,40.70905],[-73.50227,40.70822],[-73.50239,40.7076],[-73.50262,40.70694],[-73.50371,40.70494]]]},"properties":{"geoid":"36059409400","county":"059","county_name":"Nassau","utility":"psegli","utility_split":false,"homes":1383,"homes_source":"acs_est","multifamily_5plus_lots":null,"median_income":173625,"income_band":"150k+","low_income_share":0.31,"median_year_built":1955,"pre1980":0.98,"owner":0.95,"fuel":{"gas":0.45,"propane":0.02,"electric":0.02,"oil":0.51,"other":0,"none":0.01},"dac":false,"dac_share":0,"score":77,"parts":{"volume":25,"fuel":16.2,"age":19.7,"owner":14.2,"incentive":2.3},"gaps":[]}},{"type":"Feature","geometry":{"type":"Polygon","coordinates":[[[-73.53176,40.70638],[-73.53188,40.70638],[-73.53163,40.70589],[-73.53148,40.70536],[-73.53069,40.70158],[-73.52977,40.69858],[-73.52615,40.69182],[-73.51873,40.69214],[-73.51934,40.69283],[-73.51958,40.69324],[-73.51979,40.69373],[-73.52004,40.69479],[-73.52019,40.6963],[-73.52014,40.6988],[-73.5175,40.69847],[-73.51638,40.69849],[-73.51359,40.69873],[-73.50962,40.69922],[-73.50637,40.70002],[-73.50589,40.70157],[-73.50547,40.70218],[-73.51398,40.70524],[-73.51786,40.70625],[-73.51975,40.70682],[-73.52436,40.70787],[-73.52515,40.7079],[-73.52697,40.7076],[-73.5299,40.70667],[-73.53176,40.70638]]]},"properties":{"geoid":"36059409600","county":"059","county_name":"Nassau","utility":"psegli","utility_split":false,"homes":1788,"homes_source":"acs_est","multifamily_5plus_lots":null,"median_income":181250,"income_band":"150k+","low_income_share":0.31,"median_year_built":1955,"pre1980":0.93,"owner":0.98,"fuel":{"gas":0.47,"propane":0.01,"electric":0.01,"oil":0.51,"other":0.01,"none":0},"dac":false,"dac_share":0,"score":77,"parts":{"volume":25,"fuel":16.1,"age":18.5,"owner":14.7,"incentive":2.3},"gaps":[]}},{"type":"Feature","geometry":{"type":"Polygon","coordinates":[[[-73.52014,40.69807],[-73.52019,40.6963],[-73.52004,40.69479],[-73.51979,40.69373],[-73.51958,40.69324],[-73.51934,40.69283],[-73.51873,40.69214],[-73.51648,40.69233],[-73.50852,40.69349],[-73.50257,40.69384],[-73.50092,40.69371],[-73.5006,40.69347],[-73.49856,40.69285],[-73.49737,40.69213],[-73.49727,40.69222],[-73.49591,40.69128],[-73.49532,40.69105],[-73.49518,40.69211],[-73.49486,40.69312],[-73.49336,40.69577],[-73.49279,40.69706],[-73.49248,40.70131],[-73.49525,40.70119],[-73.50005,40.70068],[-73.50395,40.70049],[-73.50594,40.70012],[-73.51017,40.69912],[-73.51538,40.69855],[-73.5175,40.69847],[-73.52014,40.6988],[-73.52014,40.69807]]]},"properties":{"geoid":"36059409700","county":"059","county_name":"Nassau","utility":"psegli","utility_split":false,"homes":1512,"homes_source":"acs_est","multifamily_5plus_lots":null,"median_income":128873,"income_band":"100–150k","low_income_share":0.32,"median_year_built":1956,"pre1980":0.85,"owner":0.92,"fuel":{"gas":0.19,"propane":0.01,"electric":0.15,"oil":0.64,"other":0,"none":0.01},"dac":false,"dac_share":0,"score":77,"parts":{"volume":25,"fuel":19.2,"age":17.1,"owner":13.7,"incentive":2.4},"gaps":[]}},{"type":"Feature","geometry":{"type":"Polygon","coordinates":[[[-73.81522,40.67826],[-73.81436,40.67651],[-73.80424,40.67942],[-73.80503,40.68115],[-73.81522,40.67826]]]},"properties":{"geoid":"36081017600","county":"081","county_name":"Queens","utility":"coned","utility_split":false,"homes":436,"homes_source":"pluto","multifamily_5plus_lots":0,"median_income":83906,"income_band":"60–100k","low_income_share":0.57,"median_year_built":1942,"pre1980":0.91,"owner":0.69,"fuel":{"gas":0.83,"propane":0.09,"electric":0.01,"oil":0.07,"other":0,"none":0},"dac":true,"dac_share":1,"score":76,"parts":{"volume":22.7,"fuel":9.2,"age":18.3,"owner":10.4,"incentive":15},"gaps":[]}},{"type":"Feature","geometry":{"type":"Polygon","coordinates":[[[-73.79822,40.6791],[-73.79692,40.67649],[-73.79404,40.67681],[-73.79113,40.67777],[-73.79187,40.67975],[-73.79266,40.68257],[-73.79288,40.68261],[-73.79464,40.68211],[-73.7937,40.68019],[-73.79553,40.67986],[-73.79822,40.6791]]]},"properties":{"geoid":"36081018402","county":"081","county_name":"Queens","utility":"coned","utility_split":false,"homes":488,"homes_source":"pluto","multifamily_5plus_lots":0,"median_income":89766,"income_band":"60–100k","low_income_share":0.53,"median_year_built":1943,"pre1980":0.96,"owner":0.68,"fuel":{"gas":0.82,"propane":0.05,"electric":0.04,"oil":0.05,"other":0.03,"none":0.01},"dac":true,"dac_share":1,"score":76,"parts":{"volume":23.2,"fuel":8.6,"age":19.3,"owner":10.3,"incentive":15},"gaps":[]}},{"type":"Feature","geometry":{"type":"Polygon","coordinates":[[[-73.74507,40.65771],[-73.74506,40.65741],[-73.743,40.65726],[-73.74153,40.65736],[-73.74061,40.65597],[-73.73938,40.6538],[-73.7297,40.65359],[-73.7296,40.65569],[-73.73668,40.65587],[-73.73657,40.65745],[-73.74298,40.66028],[-73.74496,40.65817],[-73.74507,40.65771]]]},"properties":{"geoid":"36081066402","county":"081","county_name":"Queens","utility":"coned","utility_split":false,"homes":719,"homes_source":"pluto","multifamily_5plus_lots":0,"median_income":111494,"income_band":"100–150k","low_income_share":0.4,"median_year_built":1958,"pre1980":0.9,"owner":0.68,"fuel":{"gas":0.79,"propane":0,"electric":0.08,"oil":0.1,"other":0.02,"none":0.01},"dac":true,"dac_share":1,"score":76,"parts":{"volume":24.6,"fuel":8.6,"age":17.9,"owner":10.2,"incentive":15},"gaps":[]}},{"type":"Feature","geometry":{"type":"Polygon","coordinates":[[[-73.58794,40.76004],[-73.58774,40.74854],[-73.58764,40.74757],[-73.58179,40.74907],[-73.57964,40.74952],[-73.58167,40.75578],[-73.57846,40.75868],[-73.57608,40.761],[-73.57311,40.76283],[-73.57163,40.76441],[-73.57097,40.76497],[-73.56892,40.76667],[-73.56639,40.76848],[-73.56383,40.7713],[-73.56551,40.77126],[-73.56657,40.77103],[-73.56754,40.77069],[-73.56885,40.76988],[-73.57061,40.76836],[-73.57136,40.7679],[-73.57276,40.76725],[-73.57454,40.76684],[-73.5777,40.7664],[-73.57932,40.76599],[-73.582,40.76516],[-73.58437,40.76421],[-73.58676,40.76342],[-73.58705,40.76234],[-73.58794,40.76004]]]},"properties":{"geoid":"36059304100","county":"059","county_name":"Nassau","utility":"psegli","utility_split":false,"homes":982,"homes_source":"acs_est","multifamily_5plus_lots":null,"median_income":124792,"income_band":"100–150k","low_income_share":0.34,"median_year_built":1956,"pre1980":0.75,"owner":0.77,"fuel":{"gas":0.53,"propane":0.05,"electric":0.08,"oil":0.34,"other":0.01,"none":0},"dac":true,"dac_share":1,"score":76,"parts":{"volume":25,"fuel":14,"age":15,"owner":11.5,"incentive":10.1},"gaps":[]}},{"type":"Feature","geometry":{"type":"Polygon","coordinates":[[[-73.56765,40.70205],[-73.56789,40.70194],[-73.56617,40.69776],[-73.56245,40.6984],[-73.56009,40.69907],[-73.55845,40.69905],[-73.55758,40.6992],[-73.55318,40.70056],[-73.55254,40.70091],[-73.55159,40.70157],[-73.54704,40.70363],[-73.54662,40.70394],[-73.5451,40.70539],[-73.54437,40.70579],[-73.54435,40.70714],[-73.54378,40.70842],[-73.54366,40.70887],[-73.54463,40.71456],[-73.5474,40.71447],[-73.5478,40.71465],[-73.54867,40.71376],[-73.55374,40.70976],[-73.55871,40.71332],[-73.55903,40.71358],[-73.55952,40.71417],[-73.56076,40.71316],[-73.5612,40.7125],[-73.56172,40.71124],[-73.56251,40.70892],[-73.56355,40.70662],[-73.56603,40.70303],[-73.56765,40.70205]]]},"properties":{"geoid":"36059408100","county":"059","county_name":"Nassau","utility":"psegli","utility_split":false,"homes":1868,"homes_source":"acs_est","multifamily_5plus_lots":null,"median_income":147315,"income_band":"100–150k","low_income_share":0.25,"median_year_built":1956,"pre1980":0.86,"owner":0.92,"fuel":{"gas":0.28,"propane":0.01,"electric":0.09,"oil":0.6,"other":0.01,"none":0.01},"dac":false,"dac_share":0,"score":76,"parts":{"volume":25,"fuel":18.3,"age":17.3,"owner":13.8,"incentive":1.9},"gaps":[]}},{"type":"Feature","geometry":{"type":"Polygon","coordinates":[[[-73.6038,40.6563],[-73.60378,40.65493],[-73.60294,40.65283],[-73.60311,40.65262],[-73.60316,40.65238],[-73.60292,40.65108],[-73.60148,40.65152],[-73.60077,40.65166],[-73.59678,40.65161],[-73.59462,40.65188],[-73.59266,40.65224],[-73.58956,40.65257],[-73.58618,40.65316],[-73.58016,40.65438],[-73.58286,40.65693],[-73.58312,40.65715],[-73.58324,40.65713],[-73.58325,40.65727],[-73.58558,40.65706],[-73.58691,40.65705],[-73.58822,40.65689],[-73.59495,40.65693],[-73.60279,40.65671],[-73.60295,40.65629],[-73.6038,40.6563]]]},"properties":{"geoid":"36059414301","county":"059","county_name":"Nassau","utility":"psegli","utility_split":false,"homes":471,"homes_source":"acs_est","multifamily_5plus_lots":null,"median_income":78688,"income_band":"60–100k","low_income_share":0.59,"median_year_built":1959,"pre1980":0.85,"owner":0.56,"fuel":{"gas":0.39,"propane":0.21,"electric":0.08,"oil":0.27,"other":0,"none":0.06},"dac":true,"dac_share":1,"score":76,"parts":{"volume":23,"fuel":15.2,"age":17,"owner":8.5,"incentive":11.9},"gaps":[]}},{"type":"Feature","geometry":{"type":"Polygon","coordinates":[[[-73.53951,40.79197],[-73.53677,40.78952],[-73.53575,40.78833],[-73.5344,40.78626],[-73.53389,40.7857],[-73.53368,40.78513],[-73.53333,40.7848],[-73.53322,40.78429],[-73.53298,40.78406],[-73.53265,40.7831],[-73.52973,40.78424],[-73.52524,40.78543],[-73.52376,40.78601],[-73.52293,40.78647],[-73.5221,40.78707],[-73.52146,40.78767],[-73.52008,40.78926],[-73.51901,40.79011],[-73.51757,40.79084],[-73.51605,40.7913],[-73.5152,40.79669],[-73.51503,40.7974],[-73.51618,40.79804],[-73.51714,40.79842],[-73.5207,40.79976],[-73.52707,40.80195],[-73.52773,40.80228],[-73.52832,40.80281],[-73.5289,40.80253],[-73.53045,40.80133],[-73.53355,40.79801],[-73.53445,40.79719],[-73.53805,40.79493],[-73.53833,40.79498],[-73.5389,40.79302],[-73.53867,40.79284],[-73.53882,40.79237],[-73.53951,40.79197]]]},"properties":{"geoid":"36059518600","county":"059","county_name":"Nassau","utility":"psegli","utility_split":false,"homes":1204,"homes_source":"acs_est","multifamily_5plus_lots":null,"median_income":196250,"income_band":"150k+","low_income_share":0.17,"median_year_built":1958,"pre1980":0.92,"owner":0.95,"fuel":{"gas":0.39,"propane":0.04,"electric":0.04,"oil":0.52,"other":0.01,"none":0.01},"dac":false,"dac_share":0,"score":76,"parts":{"volume":25,"fuel":16.9,"age":18.5,"owner":14.2,"incentive":1.3},"gaps":[]}},{"type":"Feature","geometry":{"type":"Polygon","coordinates":[[[-73.51604,40.79139],[-73.51605,40.7913],[-73.51439,40.79152],[-73.5111,40.79148],[-73.50906,40.79165],[-73.5071,40.79207],[-73.50486,40.79276],[-73.50352,40.79305],[-73.50387,40.79029],[-73.50388,40.78967],[-73.50367,40.78786],[-73.50242,40.78794],[-73.49941,40.78694],[-73.49831,40.78616],[-73.49631,40.78812],[-73.49422,40.79032],[-73.48951,40.79563],[-73.48796,40.79687],[-73.48885,40.79956],[-73.49096,40.79951],[-73.49378,40.79928],[-73.49705,40.79886],[-73.50026,40.79832],[-73.5074,40.79633],[-73.50916,40.79579],[-73.51137,40.79494],[-73.51186,40.79543],[-73.51503,40.7974],[-73.5152,40.79669],[-73.51604,40.79139]]]},"properties":{"geoid":"36059518800","county":"059","county_name":"Nassau","utility":"psegli","utility_split":false,"homes":1014,"homes_source":"acs_est","multifamily_5plus_lots":null,"median_income":249598,"income_band":"150k+","low_income_share":0.19,"median_year_built":1955,"pre1980":0.97,"owner":1,"fuel":{"gas":0.51,"propane":0,"electric":0.02,"oil":0.43,"other":0.04,"none":0},"dac":false,"dac_share":0,"score":76,"parts":{"volume":25,"fuel":14.6,"age":19.5,"owner":15,"incentive":1.4},"gaps":[]}},{"type":"Feature","geometry":{"type":"Polygon","coordinates":[[[-73.50367,40.78786],[-73.50121,40.7697],[-73.49303,40.77136],[-73.4932,40.77205],[-73.49353,40.77479],[-73.49368,40.77499],[-73.49395,40.77511],[-73.49467,40.78039],[-73.49374,40.7805],[-73.49245,40.78086],[-73.49013,40.78106],[-73.4905,40.78504],[-73.49487,40.78831],[-73.49506,40.78829],[-73.49558,40.78791],[-73.49613,40.78832],[-73.49831,40.78616],[-73.49941,40.78694],[-73.50242,40.78794],[-73.50367,40.78786]]]},"properties":{"geoid":"36059519601","county":"059","county_name":"Nassau","utility":"psegli","utility_split":false,"homes":1447,"homes_source":"acs_est","multifamily_5plus_lots":null,"median_income":184318,"income_band":"150k+","low_income_share":0.19,"median_year_built":1955,"pre1980":0.98,"owner":0.94,"fuel":{"gas":0.46,"propane":0.02,"electric":0.03,"oil":0.47,"other":0.02,"none":0},"dac":false,"dac_share":0,"score":76,"parts":{"volume":25,"fuel":15.7,"age":19.5,"owner":14.1,"incentive":1.4},"gaps":[]}},{"type":"Feature","geometry":{"type":"Polygon","coordinates":[[[-73.5009,40.76757],[-73.50057,40.76518],[-73.49203,40.76133],[-73.48695,40.7588],[-73.48637,40.7584],[-73.48584,40.75778],[-73.48518,40.75621],[-73.47826,40.75487],[-73.47795,40.75467],[-73.47729,40.75474],[-73.47421,40.75552],[-73.47386,40.75569],[-73.47302,40.75557],[-73.47337,40.75648],[-73.47159,40.75685],[-73.47018,40.7597],[-73.46966,40.75957],[-73.46875,40.7616],[-73.47617,40.7618],[-73.4784,40.7623],[-73.48028,40.76309],[-73.48018,40.7636],[-73.4803,40.7678],[-73.4817,40.76984],[-73.48495,40.76897],[-73.48518,40.76906],[-73.48561,40.76967],[-73.4859,40.76963],[-73.4891,40.76831],[-73.49062,40.76788],[-73.49138,40.7677],[-73.49434,40.76731],[-73.49556,40.76707],[-73.49594,40.76705],[-73.49644,40.7672],[-73.49676,40.76752],[-73.49696,40.76796],[-73.49982,40.76735],[-73.49996,40.76775],[-73.5009,40.76757]]]},"properties":{"geoid":"36059519900","county":"059","county_name":"Nassau","utility":"psegli","utility_split":false,"homes":1816,"homes_source":"acs_est","multifamily_5plus_lots":null,"median_income":138860,"income_band":"100–150k","low_income_share":0.29,"median_year_built":1955,"pre1980":0.98,"owner":0.97,"fuel":{"gas":0.53,"propane":0.01,"electric":0.05,"oil":0.41,"other":0,"none":0},"dac":false,"dac_share":0,"score":76,"parts":{"volume":25,"fuel":14.5,"age":19.6,"owner":14.6,"incentive":2.2},"gaps":[]}},{"type":"Feature","geometry":{"type":"Polygon","coordinates":[[[-73.48937,40.72541],[-73.48828,40.72049],[-73.48812,40.72032],[-73.48811,40.72011],[-73.48825,40.72004],[-73.48807,40.71974],[-73.48741,40.71661],[-73.48707,40.71569],[-73.48668,40.71359],[-73.48658,40.71331],[-73.48629,40.71326],[-73.48648,40.71303],[-73.48621,40.71185],[-73.48453,40.71201],[-73.48384,40.71215],[-73.48262,40.7122],[-73.48281,40.71425],[-73.48337,40.71613],[-73.4835,40.71703],[-73.47501,40.71724],[-73.46147,40.71733],[-73.46054,40.71747],[-73.45992,40.71784],[-73.45944,40.71828],[-73.46064,40.7195],[-73.46326,40.72133],[-73.46544,40.7232],[-73.46693,40.72483],[-73.46762,40.72582],[-73.46853,40.72738],[-73.4703,40.72685],[-73.4722,40.72646],[-73.4783,40.72582],[-73.4812,40.72572],[-73.48624,40.72533],[-73.48784,40.72531],[-73.48937,40.72541]]]},"properties":{"geoid":"36059520300","county":"059","county_name":"Nassau","utility":"psegli","utility_split":false,"homes":1884,"homes_source":"acs_est","multifamily_5plus_lots":null,"median_income":161688,"income_band":"150k+","low_income_share":0.28,"median_year_built":1956,"pre1980":0.92,"owner":0.93,"fuel":{"gas":0.39,"propane":0.02,"electric":0.08,"oil":0.5,"other":0.02,"none":0},"dac":false,"dac_share":0,"score":76,"parts":{"volume":25,"fuel":16.5,"age":18.4,"owner":14,"incentive":2.1},"gaps":[]}},{"type":"Feature","geometry":{"type":"Polygon","coordinates":[[[-73.46853,40.72738],[-73.46762,40.72582],[-73.46693,40.72483],[-73.46544,40.7232],[-73.46326,40.72133],[-73.46064,40.7195],[-73.45944,40.71828],[-73.45879,40.71889],[-73.45839,40.71956],[-73.45818,40.72025],[-73.45824,40.7213],[-73.44453,40.72325],[-73.44248,40.72434],[-73.44325,40.72567],[-73.44364,40.72557],[-73.44334,40.72582],[-73.44355,40.7262],[-73.46032,40.7305],[-73.46162,40.73012],[-73.46731,40.72777],[-73.46853,40.72738]]]},"properties":{"geoid":"36059520501","county":"059","county_name":"Nassau","utility":"psegli","utility_split":false,"homes":1104,"homes_source":"acs_est","multifamily_5plus_lots":null,"median_income":143594,"income_band":"100–150k","low_income_share":0.32,"median_year_built":null,"pre1980":0.94,"owner":0.95,"fuel":{"gas":0.47,"propane":0,"electric":0.02,"oil":0.49,"other":0.02,"none":0},"dac":false,"dac_share":0,"score":76,"parts":{"volume":25,"fuel":15.7,"age":18.9,"owner":14.2,"incentive":2.4},"gaps":[]}},{"type":"Feature","geometry":{"type":"Polygon","coordinates":[[[-73.4835,40.71703],[-73.48339,40.71622],[-73.48281,40.71425],[-73.48273,40.71358],[-73.48272,40.71282],[-73.48261,40.71208],[-73.48273,40.71027],[-73.48197,40.71011],[-73.48197,40.7098],[-73.48181,40.70969],[-73.47697,40.71014],[-73.47661,40.71053],[-73.47594,40.71027],[-73.4746,40.71041],[-73.47418,40.71061],[-73.47356,40.71038],[-73.45666,40.71047],[-73.4552,40.70996],[-73.45582,40.71082],[-73.45698,40.71278],[-73.45786,40.71479],[-73.45842,40.71652],[-73.45895,40.71756],[-73.45944,40.71828],[-73.45992,40.71784],[-73.46054,40.71747],[-73.46147,40.71733],[-73.47501,40.71724],[-73.4835,40.71703]]]},"properties":{"geoid":"36059520700","county":"059","county_name":"Nassau","utility":"psegli","utility_split":false,"homes":1683,"homes_source":"acs_est","multifamily_5plus_lots":null,"median_income":141618,"income_band":"100–150k","low_income_share":0.29,"median_year_built":1955,"pre1980":0.94,"owner":0.89,"fuel":{"gas":0.4,"propane":0.08,"electric":0.04,"oil":0.47,"other":0.01,"none":0},"dac":false,"dac_share":0,"score":76,"parts":{"volume":25,"fuel":16.9,"age":18.8,"owner":13.3,"incentive":2.2},"gaps":[]}},{"type":"Feature","geometry":{"type":"Polygon","coordinates":[[[-73.4489,40.67841],[-73.44896,40.67828],[-73.44026,40.67889],[-73.43878,40.68663],[-73.438,40.69159],[-73.44596,40.69254],[-73.4489,40.67841]]]},"properties":{"geoid":"36059521602","county":"059","county_name":"Nassau","utility":"psegli","utility_split":false,"homes":1098,"homes_source":"acs_est","multifamily_5plus_lots":null,"median_income":164186,"income_band":"150k+","low_income_share":0.22,"median_year_built":1956,"pre1980":0.96,"owner":0.96,"fuel":{"gas":0.44,"propane":0,"electric":0.02,"oil":0.51,"other":0.02,"none":0.02},"dac":false,"dac_share":0,"score":76,"parts":{"volume":25,"fuel":15.9,"age":19.3,"owner":14.4,"incentive":1.6},"gaps":[]}},{"type":"Feature","geometry":{"type":"Polygon","coordinates":[[[-73.82551,40.67932],[-73.82633,40.67908],[-73.82541,40.67715],[-73.81923,40.67613],[-73.82136,40.6805],[-73.82222,40.68025],[-73.82307,40.682],[-73.82555,40.68129],[-73.8247,40.67955],[-73.82551,40.67932]]]},"properties":{"geoid":"36081010200","county":"081","county_name":"Queens","utility":"coned","utility_split":false,"homes":490,"homes_source":"pluto","multifamily_5plus_lots":1,"median_income":107270,"income_band":"100–150k","low_income_share":0.4,"median_year_built":1938,"pre1980":0.92,"owner":0.59,"fuel":{"gas":0.75,"propane":0.03,"electric":0.06,"oil":0.12,"other":0.01,"none":0.03},"dac":true,"dac_share":1,"score":75,"parts":{"volume":23.2,"fuel":9.3,"age":18.4,"owner":8.9,"incentive":15},"gaps":[]}},{"type":"Feature","geometry":{"type":"Polygon","coordinates":[[[-73.83331,40.69911],[-73.83407,40.6987],[-73.8313,40.69306],[-73.82797,40.69399],[-73.83089,40.70001],[-73.83205,40.69971],[-73.83331,40.69911]]]},"properties":{"geoid":"36081012200","county":"081","county_name":"Queens","utility":"coned","utility_split":false,"homes":386,"homes_source":"pluto","multifamily_5plus_lots":6,"median_income":118015,"income_band":"100–150k","low_income_share":0.41,"median_year_built":1938,"pre1980":0.96,"owner":0.61,"fuel":{"gas":0.68,"propane":0,"electric":0.05,"oil":0.12,"other":0.08,"none":0.07},"dac":true,"dac_share":1,"score":75,"parts":{"volume":22.3,"fuel":9,"age":19.1,"owner":9.1,"incentive":15},"gaps":[]}},{"type":"Feature","geometry":{"type":"Polygon","coordinates":[[[-73.82599,40.68995],[-73.82501,40.68795],[-73.81523,40.69073],[-73.81621,40.69273],[-73.82599,40.68995]]]},"properties":{"geoid":"36081015600","county":"081","county_name":"Queens","utility":"coned","utility_split":false,"homes":490,"homes_source":"pluto","multifamily_5plus_lots":2,"median_income":79063,"income_band":"60–100k","low_income_share":0.62,"median_year_built":1945,"pre1980":0.91,"owner":0.69,"fuel":{"gas":0.88,"propane":0.08,"electric":0.01,"oil":0.03,"other":0,"none":0},"dac":true,"dac_share":1,"score":75,"parts":{"volume":23.2,"fuel":8.3,"age":18.1,"owner":10.3,"incentive":15},"gaps":[]}},{"type":"Feature","geometry":{"type":"Polygon","coordinates":[[[-73.8233,40.68657],[-73.82417,40.68623],[-73.81923,40.67613],[-73.81708,40.6758],[-73.82245,40.6869],[-73.8233,40.68657]]]},"properties":{"geoid":"36081016600","county":"081","county_name":"Queens","utility":"coned","utility_split":false,"homes":533,"homes_source":"pluto","multifamily_5plus_lots":5,"median_income":78108,"income_band":"60–100k","low_income_share":0.76,"median_year_built":1938,"pre1980":0.88,"owner":0.7,"fuel":{"gas":0.83,"propane":0.01,"electric":0.04,"oil":0.09,"other":0.04,"none":0},"dac":true,"dac_share":1,"score":75,"parts":{"volume":23.5,"fuel":8.5,"age":17.6,"owner":10.5,"incentive":15},"gaps":[]}},{"type":"Feature","geometry":{"type":"Polygon","coordinates":[[[-73.79209,40.68048],[-73.79095,40.67733],[-73.78989,40.6752],[-73.78795,40.67493],[-73.78698,40.67512],[-73.78683,40.67729],[-73.78743,40.68],[-73.78748,40.68029],[-73.78742,40.68059],[-73.78841,40.68199],[-73.79209,40.68048]]]},"properties":{"geoid":"36081028801","county":"081","county_name":"Queens","utility":"coned","utility_split":false,"homes":624,"homes_source":"pluto","multifamily_5plus_lots":1,"median_income":120234,"income_band":"100–150k","low_income_share":0.43,"median_year_built":1938,"pre1980":0.88,"owner":0.59,"fuel":{"gas":0.78,"propane":0,"electric":0.05,"oil":0.17,"other":0,"none":0},"dac":true,"dac_share":1,"score":75,"parts":{"volume":24.1,"fuel":9.7,"age":17.6,"owner":8.8,"incentive":15},"gaps":[]}},{"type":"Feature","geometry":{"type":"Polygon","coordinates":[[[-73.86007,40.73837],[-73.85877,40.73578],[-73.85632,40.73651],[-73.85418,40.73695],[-73.85373,40.73733],[-73.85421,40.73723],[-73.85339,40.73869],[-73.85313,40.73937],[-73.85638,40.74042],[-73.85824,40.73892],[-73.86007,40.73837]]]},"properties":{"geoid":"36081043702","county":"081","county_name":"Queens","utility":"coned","utility_split":false,"homes":287,"homes_source":"pluto","multifamily_5plus_lots":40,"median_income":66731,"income_band":"60–100k","low_income_share":0.73,"median_year_built":1964,"pre1980":0.92,"owner":0.64,"fuel":{"gas":0.68,"propane":0.04,"electric":0.05,"oil":0.2,"other":0.03,"none":0.01},"dac":true,"dac_share":1,"score":75,"parts":{"volume":21.2,"fuel":11.1,"age":18.3,"owner":9.6,"incentive":15},"gaps":[]}},{"type":"Feature","geometry":{"type":"Polygon","coordinates":[[[-73.91385,40.7229],[-73.9131,40.72174],[-73.91132,40.71962],[-73.9083,40.72046],[-73.90819,40.7204],[-73.90492,40.72052],[-73.9041,40.72103],[-73.9044,40.72169],[-73.90456,40.7226],[-73.90457,40.72301],[-73.90421,40.72576],[-73.90486,40.7258],[-73.90529,40.72596],[-73.90741,40.72721],[-73.91256,40.72324],[-73.91271,40.72328],[-73.91385,40.7229]]]},"properties":{"geoid":"36081053100","county":"081","county_name":"Queens","utility":"coned","utility_split":false,"homes":571,"homes_source":"pluto","multifamily_5plus_lots":22,"median_income":73938,"income_band":"60–100k","low_income_share":0.61,"median_year_built":1938,"pre1980":0.94,"owner":0.53,"fuel":{"gas":0.75,"propane":0.01,"electric":0.1,"oil":0.13,"other":0,"none":0.01},"dac":true,"dac_share":1,"score":75,"parts":{"volume":23.7,"fuel":9.6,"age":18.9,"owner":7.9,"incentive":15},"gaps":[]}},{"type":"Feature","geometry":{"type":"Polygon","coordinates":[[[-73.87067,40.7049],[-73.86982,40.70284],[-73.86379,40.70333],[-73.86427,40.70669],[-73.86864,40.70663],[-73.86901,40.70677],[-73.86861,40.70538],[-73.87067,40.7049]]]},"properties":{"geoid":"36081063500","county":"081","county_name":"Queens","utility":"coned","utility_split":false,"homes":551,"homes_source":"pluto","multifamily_5plus_lots":3,"median_income":86219,"income_band":"60–100k","low_income_share":0.61,"median_year_built":1938,"pre1980":0.99,"owner":0.62,"fuel":{"gas":0.9,"propane":0,"electric":0.04,"oil":0.06,"other":0,"none":0},"dac":true,"dac_share":1,"score":75,"parts":{"volume":23.6,"fuel":7.7,"age":19.7,"owner":9.3,"incentive":15},"gaps":[]}},{"type":"Feature","geometry":{"type":"Polygon","coordinates":[[[-73.85264,40.77208],[-73.8537,40.76948],[-73.85183,40.76775],[-73.85028,40.76606],[-73.84922,40.76421],[-73.84851,40.76382],[-73.84705,40.76383],[-73.84423,40.76496],[-73.84172,40.76573],[-73.84075,40.76582],[-73.83942,40.76543],[-73.83912,40.76598],[-73.83932,40.76605],[-73.83816,40.76773],[-73.83673,40.76922],[-73.83438,40.77089],[-73.83159,40.77256],[-73.83054,40.77344],[-73.82985,40.77416],[-73.82888,40.77543],[-73.82824,40.77646],[-73.82529,40.7817],[-73.8396,40.78169],[-73.83976,40.77862],[-73.84339,40.77861],[-73.84362,40.77436],[-73.84454,40.77439],[-73.8446,40.77306],[-73.8488,40.77321],[-73.84886,40.77201],[-73.85264,40.77208]]]},"properties":{"geoid":"36081090700","county":"081","county_name":"Queens","utility":"coned","utility_split":false,"homes":267,"homes_source":"pluto","multifamily_5plus_lots":1,"median_income":101023,"income_band":"100–150k","low_income_share":0.48,"median_year_built":1962,"pre1980":0.91,"owner":0.76,"fuel":{"gas":0.77,"propane":0.02,"electric":0.11,"oil":0.1,"other":0,"none":0},"dac":true,"dac_share":1,"score":75,"parts":{"volume":20.9,"fuel":9.2,"age":18.1,"owner":11.4,"incentive":15},"gaps":[]}},{"type":"Feature","geometry":{"type":"Polygon","coordinates":[[[-73.84076,40.7925],[-73.84082,40.79151],[-73.83896,40.79144],[-73.83901,40.79062],[-73.83992,40.79065],[-73.84008,40.78785],[-73.83824,40.78779],[-73.83835,40.78585],[-73.83846,40.78583],[-73.8387,40.78168],[-73.825,40.7817],[-73.82463,40.78286],[-73.82383,40.78676],[-73.8235,40.78763],[-73.82259,40.78911],[-73.82254,40.79033],[-73.8226,40.79067],[-73.82279,40.7913],[-73.82299,40.79168],[-73.82373,40.79279],[-73.82404,40.79305],[-73.83068,40.80311],[-73.83541,40.8022],[-73.83235,40.79637],[-73.83904,40.79705],[-73.83843,40.79679],[-73.83663,40.79252],[-73.83828,40.79278],[-73.83926,40.79306],[-73.84007,40.79364],[-73.84068,40.79391],[-73.84076,40.7925]]]},"properties":{"geoid":"36081094500","county":"081","county_name":"Queens","utility":"coned","utility_split":false,"homes":1067,"homes_source":"pluto","multifamily_5plus_lots":4,"median_income":79406,"income_band":"60–100k","low_income_share":0.58,"median_year_built":1960,"pre1980":0.71,"owner":0.78,"fuel":{"gas":0.83,"propane":0.01,"electric":0.07,"oil":0.1,"other":0,"none":0},"dac":true,"dac_share":0.99,"score":75,"parts":{"volume":25,"fuel":8.6,"age":14.3,"owner":11.7,"incentive":15},"gaps":[]}},{"type":"Feature","geometry":{"type":"Polygon","coordinates":[[[-73.84607,40.78805],[-73.84568,40.7873],[-73.84576,40.7854],[-73.84117,40.78525],[-73.84141,40.78169],[-73.8387,40.78168],[-73.83846,40.78583],[-73.83835,40.78585],[-73.83824,40.78779],[-73.84607,40.78805]]]},"properties":{"geoid":"36081094700","county":"081","county_name":"Queens","utility":"coned","utility_split":false,"homes":429,"homes_source":"pluto","multifamily_5plus_lots":3,"median_income":85819,"income_band":"60–100k","low_income_share":0.59,"median_year_built":1953,"pre1980":0.91,"owner":0.44,"fuel":{"gas":0.65,"propane":0.02,"electric":0.05,"oil":0.27,"other":0,"none":0.01},"dac":true,"dac_share":1,"score":75,"parts":{"volume":22.7,"fuel":11.9,"age":18.2,"owner":6.7,"incentive":15},"gaps":[]}},{"type":"Feature","geometry":{"type":"Polygon","coordinates":[[[-73.62127,40.75661],[-73.62124,40.75647],[-73.62059,40.75596],[-73.62033,40.75514],[-73.61948,40.75436],[-73.61876,40.75421],[-73.61637,40.7546],[-73.61536,40.75518],[-73.61496,40.75521],[-73.6145,40.75537],[-73.60936,40.75741],[-73.60771,40.75782],[-73.60472,40.75827],[-73.60483,40.75883],[-73.60199,40.75943],[-73.59375,40.762],[-73.58856,40.76292],[-73.58676,40.76342],[-73.58437,40.76421],[-73.582,40.76516],[-73.57867,40.76616],[-73.5777,40.7664],[-73.57454,40.76684],[-73.57276,40.76725],[-73.57136,40.7679],[-73.57061,40.76836],[-73.56885,40.76988],[-73.56754,40.77069],[-73.56657,40.77103],[-73.56551,40.77126],[-73.56383,40.7713],[-73.56244,40.77292],[-73.56344,40.77338],[-73.56752,40.77593],[-73.56767,40.77611],[-73.56753,40.77626],[-73.56883,40.77732],[-73.57116,40.77611],[-73.57012,40.77534],[-73.56963,40.77517],[-73.57805,40.77074],[-73.58319,40.76842],[-73.58483,40.76793],[-73.59206,40.76638],[-73.60129,40.76328],[-73.60689,40.76226],[-73.61067,40.76132],[-73.61195,40.76092],[-73.61326,40.76048],[-73.61531,40.75959],[-73.61707,40.75874],[-73.61964,40.7573],[-73.6197,40.7574],[-73.62127,40.75661]]]},"properties":{"geoid":"36059303900","county":"059","county_name":"Nassau","utility":"psegli","utility_split":false,"homes":1229,"homes_source":"acs_est","multifamily_5plus_lots":null,"median_income":172105,"income_band":"150k+","low_income_share":0.28,"median_year_built":1954,"pre1980":0.97,"owner":0.95,"fuel":{"gas":0.49,"propane":0,"electric":0.09,"oil":0.36,"other":0.06,"none":0},"dac":false,"dac_share":0,"score":75,"parts":{"volume":25,"fuel":14,"age":19.4,"owner":14.3,"incentive":2.1},"gaps":[]}},{"type":"Feature","geometry":{"type":"Polygon","coordinates":[[[-73.62364,40.6885],[-73.62381,40.68822],[-73.62182,40.688],[-73.62171,40.68829],[-73.62109,40.68821],[-73.62117,40.68791],[-73.61965,40.6877],[-73.61738,40.68763],[-73.61659,40.6877],[-73.616,40.69051],[-73.61391,40.69026],[-73.61356,40.69193],[-73.61356,40.69273],[-73.6142,40.69419],[-73.61497,40.69546],[-73.6111,40.6968],[-73.61097,40.69658],[-73.61062,40.69672],[-73.60883,40.69871],[-73.60998,40.70019],[-73.61096,40.70169],[-73.61163,40.70255],[-73.6173,40.70074],[-73.61751,40.70083],[-73.61761,40.70078],[-73.61602,40.69867],[-73.62217,40.69707],[-73.62174,40.69415],[-73.62207,40.69198],[-73.62223,40.69112],[-73.62245,40.69049],[-73.62364,40.6885]]]},"properties":{"geoid":"36059407101","county":"059","county_name":"Nassau","utility":"psegli","utility_split":false,"homes":1243,"homes_source":"acs_est","multifamily_5plus_lots":null,"median_income":83929,"income_band":"60–100k","low_income_share":0.54,"median_year_built":1952,"pre1980":0.9,"owner":0.68,"fuel":{"gas":0.75,"propane":0,"electric":0.07,"oil":0.18,"other":0,"none":0},"dac":true,"dac_share":1,"score":75,"parts":{"volume":25,"fuel":10.1,"age":17.9,"owner":10.3,"incentive":11.5},"gaps":[]}},{"type":"Feature","geometry":{"type":"Polygon","coordinates":[[[-73.61821,40.70123],[-73.6173,40.70074],[-73.61079,40.70281],[-73.60664,40.70233],[-73.60466,40.70224],[-73.6044,40.70496],[-73.60577,40.7094],[-73.60616,40.70941],[-73.60714,40.71288],[-73.61054,40.71161],[-73.60966,40.70938],[-73.61166,40.70885],[-73.60999,40.7055],[-73.61222,40.70487],[-73.61251,40.70526],[-73.61593,40.70418],[-73.6159,40.70407],[-73.61709,40.70365],[-73.61574,40.70216],[-73.61821,40.70123]]]},"properties":{"geoid":"36059407203","county":"059","county_name":"Nassau","utility":"psegli","utility_split":false,"homes":855,"homes_source":"acs_est","multifamily_5plus_lots":null,"median_income":110246,"income_band":"100–150k","low_income_share":0.47,"median_year_built":1954,"pre1980":0.89,"owner":0.62,"fuel":{"gas":0.64,"propane":0.05,"electric":0.12,"oil":0.19,"other":0,"none":0},"dac":true,"dac_share":1,"score":75,"parts":{"volume":25,"fuel":11.5,"age":17.9,"owner":9.4,"incentive":11.1},"gaps":[]}},{"type":"Feature","geometry":{"type":"Polygon","coordinates":[[[-73.55335,40.73804],[-73.55209,40.73793],[-73.55078,40.73753],[-73.54935,40.73652],[-73.54691,40.73459],[-73.54611,40.73413],[-73.54577,40.73376],[-73.55134,40.73373],[-73.55147,40.7293],[-73.55182,40.72527],[-73.54017,40.72432],[-73.53803,40.72434],[-73.53887,40.72558],[-73.54037,40.72812],[-73.54143,40.73017],[-73.54255,40.7327],[-73.54349,40.73539],[-73.5446,40.74059],[-73.54508,40.74204],[-73.54569,40.74358],[-73.54765,40.7436],[-73.54788,40.74663],[-73.54828,40.7476],[-73.54791,40.74774],[-73.54821,40.7483],[-73.54849,40.75104],[-73.54948,40.75611],[-73.54932,40.75612],[-73.54955,40.75668],[-73.55321,40.75595],[-73.55301,40.75534],[-73.55291,40.75466],[-73.55304,40.75282],[-73.55293,40.75143],[-73.55191,40.74366],[-73.55211,40.74276],[-73.55263,40.7416],[-73.55335,40.73804]]]},"properties":{"geoid":"36059407801","county":"059","county_name":"Nassau","utility":"psegli","utility_split":false,"homes":1647,"homes_source":"acs_est","multifamily_5plus_lots":null,"median_income":151581,"income_band":"150k+","low_income_share":0.34,"median_year_built":1956,"pre1980":0.87,"owner":0.88,"fuel":{"gas":0.3,"propane":0.01,"electric":0.15,"oil":0.53,"other":0.01,"none":0.01},"dac":false,"dac_share":0,"score":75,"parts":{"volume":25,"fuel":17.3,"age":17.4,"owner":13.2,"incentive":2.6},"gaps":[]}},{"type":"Feature","geometry":{"type":"Polygon","coordinates":[[[-73.7264,40.69686],[-73.7265,40.69689],[-73.72622,40.68931],[-73.72593,40.68622],[-73.72523,40.68703],[-73.72454,40.68744],[-73.72376,40.68777],[-73.72293,40.688],[-73.72195,40.68814],[-73.72114,40.68812],[-73.72057,40.68801],[-73.71859,40.68734],[-73.71749,40.68705],[-73.71427,40.68647],[-73.7103,40.68482],[-73.70785,40.68366],[-73.70538,40.68183],[-73.70384,40.68057],[-73.70226,40.67944],[-73.70019,40.67902],[-73.70033,40.67996],[-73.70041,40.6816],[-73.70065,40.68243],[-73.70083,40.683],[-73.70143,40.68421],[-73.70262,40.68702],[-73.70951,40.69013],[-73.71498,40.69283],[-73.71748,40.69428],[-73.71983,40.69536],[-73.72072,40.69562],[-73.7264,40.69686]]]},"properties":{"geoid":"36059409800","county":"059","county_name":"Nassau","utility":"psegli","utility_split":false,"homes":1418,"homes_source":"acs_est","multifamily_5plus_lots":null,"median_income":174667,"income_band":"150k+","low_income_share":0.21,"median_year_built":1951,"pre1980":0.98,"owner":0.93,"fuel":{"gas":0.55,"propane":0.03,"electric":0,"oil":0.4,"other":0.01,"none":0},"dac":false,"dac_share":0,"score":75,"parts":{"volume":25,"fuel":14.5,"age":19.7,"owner":14,"incentive":1.6},"gaps":[]}},{"type":"Feature","geometry":{"type":"Polygon","coordinates":[[[-73.60279,40.66386],[-73.58641,40.66524],[-73.5799,40.66615],[-73.57401,40.66729],[-73.57464,40.66792],[-73.57781,40.6699],[-73.57995,40.67171],[-73.58214,40.67133],[-73.58217,40.67143],[-73.58438,40.67121],[-73.58457,40.67159],[-73.58462,40.67273],[-73.58418,40.67275],[-73.58434,40.67324],[-73.58533,40.67285],[-73.58763,40.6724],[-73.58764,40.67196],[-73.58821,40.67192],[-73.58839,40.67355],[-73.58943,40.6734],[-73.59126,40.67345],[-73.59287,40.67318],[-73.59462,40.67302],[-73.59468,40.6731],[-73.59791,40.67298],[-73.60026,40.6732],[-73.60082,40.67189],[-73.60167,40.67239],[-73.60189,40.67191],[-73.60192,40.67099],[-73.6021,40.67031],[-73.60216,40.66914],[-73.60252,40.66777],[-73.60279,40.66386]]]},"properties":{"geoid":"36059414100","county":"059","county_name":"Nassau","utility":"psegli","utility_split":false,"homes":1921,"homes_source":"acs_est","multifamily_5plus_lots":null,"median_income":138315,"income_band":"100–150k","low_income_share":0.34,"median_year_built":1940,"pre1980":1,"owner":0.95,"fuel":{"gas":0.61,"propane":0.01,"electric":0.03,"oil":0.35,"other":0,"none":0},"dac":false,"dac_share":0,"score":75,"parts":{"volume":25,"fuel":13.1,"age":20,"owner":14.2,"incentive":2.6},"gaps":[]}},{"type":"Feature","geometry":{"type":"Polygon","coordinates":[[[-73.60318,40.66136],[-73.60316,40.66076],[-73.60285,40.65869],[-73.60294,40.6585],[-73.60273,40.65734],[-73.60279,40.65671],[-73.59495,40.65693],[-73.58822,40.65689],[-73.58691,40.65705],[-73.58558,40.65706],[-73.58325,40.65727],[-73.58396,40.65786],[-73.58436,40.65832],[-73.58505,40.65992],[-73.59123,40.659],[-73.59196,40.66188],[-73.59255,40.66471],[-73.60279,40.66386],[-73.60285,40.66294],[-73.60318,40.66136]]]},"properties":{"geoid":"36059414201","county":"059","county_name":"Nassau","utility":"psegli","utility_split":false,"homes":772,"homes_source":"acs_est","multifamily_5plus_lots":null,"median_income":119464,"income_band":"100–150k","low_income_share":0.47,"median_year_built":1956,"pre1980":0.92,"owner":0.53,"fuel":{"gas":0.52,"propane":0.01,"electric":0.15,"oil":0.23,"other":0.09,"none":0},"dac":true,"dac_share":1,"score":75,"parts":{"volume":24.9,"fuel":12.2,"age":18.4,"owner":8,"incentive":11},"gaps":[]}},{"type":"Feature","geometry":{"type":"Polygon","coordinates":[[[-73.58534,40.66064],[-73.58436,40.65832],[-73.58396,40.65786],[-73.58325,40.65727],[-73.58324,40.65713],[-73.58312,40.65715],[-73.58286,40.65693],[-73.57925,40.65357],[-73.57898,40.6534],[-73.57747,40.65301],[-73.57585,40.6515],[-73.57574,40.65112],[-73.57576,40.65066],[-73.57609,40.64908],[-73.57548,40.64432],[-73.57536,40.64403],[-73.57465,40.64311],[-73.57445,40.64249],[-73.57421,40.64232],[-73.57363,40.64217],[-73.57336,40.6419],[-73.57254,40.63774],[-73.56739,40.63868],[-73.56742,40.63973],[-73.56877,40.64113],[-73.5691,40.64205],[-73.56896,40.6422],[-73.56895,40.64241],[-73.56924,40.64286],[-73.56808,40.64334],[-73.56748,40.64371],[-73.56748,40.64401],[-73.56706,40.64526],[-73.56706,40.64561],[-73.56636,40.6457],[-73.56599,40.64625],[-73.5656,40.64631],[-73.56463,40.64769],[-73.56468,40.64984],[-73.56564,40.6529],[-73.56532,40.65359],[-73.56584,40.65386],[-73.56611,40.65386],[-73.56572,40.65404],[-73.56555,40.65426],[-73.56561,40.65447],[-73.56593,40.65479],[-73.56575,40.6559],[-73.56611,40.65797],[-73.56633,40.65994],[-73.56658,40.66049],[-73.56687,40.66051],[-73.56697,40.66062],[-73.56713,40.66057],[-73.56708,40.66074],[-73.56807,40.66181],[-73.56855,40.66212],[-73.56896,40.66265],[-73.56905,40.66341],[-73.56941,40.66375],[-73.56953,40.66378],[-73.56935,40.66451],[-73.56943,40.6653],[-73.5713,40.66546],[-73.57249,40.66567],[-73.57403,40.6649],[-73.57563,40.66383],[-73.57932,40.66177],[-73.58205,40.66142],[-73.58534,40.66064]]]},"properties":{"geoid":"36059414400","county":"059","county_name":"Nassau","utility":"psegli","utility_split":false,"homes":836,"homes_source":"acs_est","multifamily_5plus_lots":null,"median_income":113730,"income_band":"100–150k","low_income_share":0.44,"median_year_built":1951,"pre1980":0.87,"owner":0.52,"fuel":{"gas":0.53,"propane":0.03,"electric":0.09,"oil":0.33,"other":0.02,"none":0},"dac":true,"dac_share":1,"score":75,"parts":{"volume":25,"fuel":13.6,"age":17.4,"owner":7.8,"incentive":10.8},"gaps":[]}},{"type":"Feature","geometry":{"type":"Polygon","coordinates":[[[-73.58617,40.64555],[-73.58274,40.62704],[-73.58247,40.6266],[-73.57957,40.6274],[-73.57726,40.62337],[-73.57307,40.624],[-73.57298,40.62502],[-73.57335,40.62498],[-73.57691,40.63857],[-73.57277,40.63872],[-73.57336,40.6419],[-73.57363,40.64217],[-73.57421,40.64232],[-73.57445,40.64249],[-73.57476,40.64331],[-73.57543,40.64418],[-73.57576,40.64656],[-73.58617,40.64555]]]},"properties":{"geoid":"36059414502","county":"059","county_name":"Nassau","utility":"psegli","utility_split":false,"homes":1336,"homes_source":"acs_est","multifamily_5plus_lots":null,"median_income":83846,"income_band":"60–100k","low_income_share":0.58,"median_year_built":1959,"pre1980":0.66,"owner":0.88,"fuel":{"gas":0.46,"propane":0.01,"electric":0.33,"oil":0.2,"other":0,"none":0.01},"dac":true,"dac_share":1,"score":75,"parts":{"volume":25,"fuel":12.2,"age":13.1,"owner":13.2,"incentive":11.8},"gaps":[]}},{"type":"Feature","geometry":{"type":"Polygon","coordinates":[[[-73.49467,40.78039],[-73.49395,40.77511],[-73.49368,40.77499],[-73.49353,40.77479],[-73.4932,40.77205],[-73.49303,40.77136],[-73.48127,40.7738],[-73.48199,40.77576],[-73.48222,40.77688],[-73.48253,40.77979],[-73.48293,40.78173],[-73.49245,40.78086],[-73.49374,40.7805],[-73.49467,40.78039]]]},"properties":{"geoid":"36059519602","county":"059","county_name":"Nassau","utility":"psegli","utility_split":false,"homes":655,"homes_source":"acs_est","multifamily_5plus_lots":null,"median_income":195326,"income_band":"150k+","low_income_share":0.26,"median_year_built":null,"pre1980":0.97,"owner":0.95,"fuel":{"gas":0.51,"propane":0.01,"electric":0.04,"oil":0.43,"other":0,"none":0.01},"dac":false,"dac_share":0,"score":75,"parts":{"volume":24.3,"fuel":14.7,"age":19.3,"owner":14.2,"incentive":2},"gaps":[]}},{"type":"Feature","geometry":{"type":"Polygon","coordinates":[[[-73.44359,40.71081],[-73.44384,40.70876],[-73.44294,40.7087],[-73.4433,40.70571],[-73.44307,40.70528],[-73.43966,40.70534],[-73.43672,40.70557],[-73.4348,40.70581],[-73.43029,40.70662],[-73.43347,40.72361],[-73.44355,40.7262],[-73.44334,40.72582],[-73.44364,40.72557],[-73.44325,40.72567],[-73.44252,40.72444],[-73.44098,40.72136],[-73.44067,40.72092],[-73.44016,40.7204],[-73.44035,40.71997],[-73.44275,40.71785],[-73.44359,40.71081]]]},"properties":{"geoid":"36059520600","county":"059","county_name":"Nassau","utility":"psegli","utility_split":false,"homes":1809,"homes_source":"acs_est","multifamily_5plus_lots":null,"median_income":202050,"income_band":"150k+","low_income_share":0.25,"median_year_built":1956,"pre1980":0.95,"owner":0.94,"fuel":{"gas":0.46,"propane":0.01,"electric":0.08,"oil":0.44,"other":0.02,"none":0},"dac":false,"dac_share":0,"score":75,"parts":{"volume":25,"fuel":15.2,"age":19.1,"owner":14.1,"incentive":1.9},"gaps":[]}},{"type":"Feature","geometry":{"type":"Polygon","coordinates":[[[-73.48438,40.70222],[-73.48432,40.70206],[-73.48408,40.70185],[-73.48373,40.69974],[-73.48327,40.69768],[-73.48329,40.69705],[-73.48319,40.69701],[-73.48285,40.69526],[-73.48259,40.695],[-73.48295,40.69492],[-73.48291,40.69471],[-73.48277,40.69465],[-73.48209,40.69129],[-73.46767,40.69226],[-73.46774,40.70063],[-73.47045,40.7006],[-73.47049,40.70471],[-73.47039,40.70585],[-73.47294,40.70542],[-73.47693,40.7042],[-73.47965,40.70353],[-73.48424,40.70277],[-73.48422,40.70252],[-73.48438,40.70222]]]},"properties":{"geoid":"36059520900","county":"059","county_name":"Nassau","utility":"psegli","utility_split":false,"homes":1595,"homes_source":"acs_est","multifamily_5plus_lots":null,"median_income":144122,"income_band":"100–150k","low_income_share":0.29,"median_year_built":1955,"pre1980":0.95,"owner":0.97,"fuel":{"gas":0.57,"propane":0.01,"electric":0.02,"oil":0.4,"other":0,"none":0},"dac":false,"dac_share":0,"score":75,"parts":{"volume":25,"fuel":14.1,"age":19.1,"owner":14.5,"incentive":2.2},"gaps":[]}},{"type":"Feature","geometry":{"type":"Polygon","coordinates":[[[-73.48209,40.69129],[-73.48166,40.6883],[-73.48148,40.68379],[-73.48039,40.68378],[-73.46219,40.68506],[-73.45951,40.68901],[-73.45769,40.69294],[-73.48209,40.69129]]]},"properties":{"geoid":"36059521100","county":"059","county_name":"Nassau","utility":"psegli","utility_split":false,"homes":1502,"homes_source":"acs_est","multifamily_5plus_lots":null,"median_income":163750,"income_band":"150k+","low_income_share":0.28,"median_year_built":1956,"pre1980":0.89,"owner":0.97,"fuel":{"gas":0.47,"propane":0,"electric":0.01,"oil":0.46,"other":0.06,"none":0},"dac":false,"dac_share":0,"score":75,"parts":{"volume":25,"fuel":15.3,"age":17.9,"owner":14.5,"incentive":2.1},"gaps":[]}},{"type":"Feature","geometry":{"type":"Polygon","coordinates":[[[-73.86806,40.69118],[-73.86746,40.68841],[-73.86702,40.68683],[-73.86559,40.68743],[-73.86291,40.6878],[-73.86306,40.68847],[-73.86135,40.68869],[-73.86215,40.69215],[-73.86806,40.69118]]]},"properties":{"geoid":"36081000400","county":"081","county_name":"Queens","utility":"coned","utility_split":false,"homes":664,"homes_source":"pluto","multifamily_5plus_lots":5,"median_income":74107,"income_band":"60–100k","low_income_share":0.66,"median_year_built":1938,"pre1980":0.94,"owner":0.53,"fuel":{"gas":0.88,"propane":0,"electric":0.06,"oil":0.06,"other":0,"none":0},"dac":true,"dac_share":1,"score":74,"parts":{"volume":24.3,"fuel":7.8,"age":18.8,"owner":7.9,"incentive":15},"gaps":[]}},{"type":"Feature","geometry":{"type":"Polygon","coordinates":[[[-73.84682,40.69496],[-73.84773,40.69477],[-73.84499,40.68916],[-73.84105,40.69028],[-73.84344,40.69519],[-73.8454,40.69516],[-73.84682,40.69496]]]},"properties":{"geoid":"36081002800","county":"081","county_name":"Queens","utility":"coned","utility_split":false,"homes":416,"homes_source":"pluto","multifamily_5plus_lots":8,"median_income":89545,"income_band":"60–100k","low_income_share":0.68,"median_year_built":1938,"pre1980":0.94,"owner":0.46,"fuel":{"gas":0.64,"propane":0.15,"electric":0.07,"oil":0.03,"other":0.07,"none":0.03},"dac":true,"dac_share":1,"score":74,"parts":{"volume":22.6,"fuel":10.3,"age":18.8,"owner":7,"incentive":15},"gaps":[]}},{"type":"Feature","geometry":{"type":"Polygon","coordinates":[[[-73.86335,40.67935],[-73.86328,40.67907],[-73.86235,40.67916],[-73.86132,40.67502],[-73.85825,40.67414],[-73.85711,40.67358],[-73.85649,40.67338],[-73.85647,40.67472],[-73.85687,40.67645],[-73.85767,40.67874],[-73.85717,40.67897],[-73.8568,40.67951],[-73.8582,40.67943],[-73.85879,40.68063],[-73.86335,40.67935]]]},"properties":{"geoid":"36081004401","county":"081","county_name":"Queens","utility":"coned","utility_split":false,"homes":481,"homes_source":"pluto","multifamily_5plus_lots":6,"median_income":61920,"income_band":"60–100k","low_income_share":0.66,"median_year_built":1958,"pre1980":0.94,"owner":0.51,"fuel":{"gas":0.79,"propane":0.07,"electric":0.05,"oil":0.08,"other":0,"none":0.01},"dac":true,"dac_share":0.99,"score":74,"parts":{"volume":23.1,"fuel":9.3,"age":18.8,"owner":7.7,"incentive":15},"gaps":[]}},{"type":"Feature","geometry":{"type":"Polygon","coordinates":[[[-73.83953,40.68126],[-73.83992,40.68119],[-73.83952,40.67996],[-73.83678,40.67957],[-73.83333,40.67866],[-73.83537,40.68284],[-73.83506,40.68302],[-73.83595,40.68484],[-73.83808,40.68424],[-73.83697,40.68199],[-73.8378,40.68167],[-73.83953,40.68126]]]},"properties":{"geoid":"36081009400","county":"081","county_name":"Queens","utility":"coned","utility_split":false,"homes":453,"homes_source":"pluto","multifamily_5plus_lots":3,"median_income":73636,"income_band":"60–100k","low_income_share":0.6,"median_year_built":1938,"pre1980":0.89,"owner":0.5,"fuel":{"gas":0.72,"propane":0.05,"electric":0.09,"oil":0.14,"other":0,"none":0},"dac":true,"dac_share":1,"score":74,"parts":{"volume":22.9,"fuel":10.5,"age":17.8,"owner":7.5,"incentive":15},"gaps":[]}},{"type":"Feature","geometry":{"type":"Polygon","coordinates":[[[-73.84161,40.68551],[-73.84218,40.68535],[-73.84019,40.68114],[-73.83865,40.68144],[-73.83697,40.68199],[-73.83808,40.68424],[-73.83595,40.68484],[-73.83694,40.68684],[-73.84161,40.68551]]]},"properties":{"geoid":"36081011200","county":"081","county_name":"Queens","utility":"coned","utility_split":false,"homes":353,"homes_source":"pluto","multifamily_5plus_lots":2,"median_income":69030,"income_band":"60–100k","low_income_share":0.64,"median_year_built":1938,"pre1980":0.9,"owner":0.46,"fuel":{"gas":0.64,"propane":0.21,"electric":0.05,"oil":0.09,"other":0.01,"none":0},"dac":true,"dac_share":1,"score":74,"parts":{"volume":21.9,"fuel":12.1,"age":18,"owner":6.9,"incentive":15},"gaps":[]}},{"type":"Feature","geometry":{"type":"Polygon","coordinates":[[[-73.82042,40.68276],[-73.81708,40.6758],[-73.81387,40.67548],[-73.81781,40.68349],[-73.82042,40.68276]]]},"properties":{"geoid":"36081016800","county":"081","county_name":"Queens","utility":"coned","utility_split":false,"homes":528,"homes_source":"pluto","multifamily_5plus_lots":4,"median_income":108173,"income_band":"100–150k","low_income_share":0.44,"median_year_built":1941,"pre1980":0.88,"owner":0.69,"fuel":{"gas":0.91,"propane":0,"electric":0,"oil":0.07,"other":0.02,"none":0.01},"dac":true,"dac_share":1,"score":74,"parts":{"volume":23.4,"fuel":7.6,"age":17.5,"owner":10.4,"incentive":15},"gaps":[]}},{"type":"Feature","geometry":{"type":"Polygon","coordinates":[[[-73.87895,40.76198],[-73.87793,40.75634],[-73.87514,40.75663],[-73.87601,40.76144],[-73.87895,40.76198]]]},"properties":{"geoid":"36081035100","county":"081","county_name":"Queens","utility":"coned","utility_split":false,"homes":301,"homes_source":"pluto","multifamily_5plus_lots":7,"median_income":85284,"income_band":"60–100k","low_income_share":0.61,"median_year_built":1952,"pre1980":0.99,"owner":0.58,"fuel":{"gas":0.8,"propane":0.01,"electric":0.06,"oil":0.13,"other":0.01,"none":0},"dac":true,"dac_share":1,"score":74,"parts":{"volume":21.4,"fuel":9.3,"age":19.8,"owner":8.7,"incentive":15},"gaps":[]}},{"type":"Feature","geometry":{"type":"Polygon","coordinates":[[[-73.78059,40.71343],[-73.77905,40.70871],[-73.77605,40.70911],[-73.77314,40.70992],[-73.7745,40.71195],[-73.77537,40.71168],[-73.77712,40.71426],[-73.78059,40.71343]]]},"properties":{"geoid":"36081047000","county":"081","county_name":"Queens","utility":"coned","utility_split":false,"homes":568,"homes_source":"pluto","multifamily_5plus_lots":2,"median_income":72955,"income_band":"60–100k","low_income_share":0.61,"median_year_built":1938,"pre1980":0.97,"owner":0.52,"fuel":{"gas":0.89,"propane":0.01,"electric":0.04,"oil":0.06,"other":0,"none":0},"dac":true,"dac_share":1,"score":74,"parts":{"volume":23.7,"fuel":7.8,"age":19.3,"owner":7.8,"incentive":15},"gaps":[]}},{"type":"Feature","geometry":{"type":"Polygon","coordinates":[[[-73.73938,40.6538],[-73.73674,40.6491],[-73.73514,40.64973],[-73.73143,40.65017],[-73.7295,40.65064],[-73.72687,40.65154],[-73.72643,40.65179],[-73.72525,40.65219],[-73.72505,40.65234],[-73.72482,40.65302],[-73.72487,40.65345],[-73.72636,40.65416],[-73.72649,40.65281],[-73.72689,40.65281],[-73.7269,40.65209],[-73.72977,40.65216],[-73.7297,40.65359],[-73.73938,40.6538]]]},"properties":{"geoid":"36081066403","county":"081","county_name":"Queens","utility":"coned","utility_split":false,"homes":662,"homes_source":"pluto","multifamily_5plus_lots":2,"median_income":100441,"income_band":"100–150k","low_income_share":0.5,"median_year_built":1964,"pre1980":0.95,"owner":0.6,"fuel":{"gas":0.93,"propane":0.02,"electric":0.02,"oil":0.02,"other":0.01,"none":0},"dac":true,"dac_share":0.99,"score":74,"parts":{"volume":24.3,"fuel":7.2,"age":18.9,"owner":9,"incentive":15},"gaps":[]}},{"type":"Feature","geometry":{"type":"Polygon","coordinates":[[[-73.87147,40.78704],[-73.87163,40.7868],[-73.86542,40.78497],[-73.8605,40.77898],[-73.85325,40.77826],[-73.84969,40.77917],[-73.84955,40.77909],[-73.84953,40.77948],[-73.84933,40.78014],[-73.84875,40.78015],[-73.84853,40.78411],[-73.84581,40.78419],[-73.84487,40.78435],[-73.84481,40.78537],[-73.84576,40.7854],[-73.84568,40.7873],[-73.84843,40.79276],[-73.85307,40.80011],[-73.86297,40.79767],[-73.87021,40.79091],[-73.87097,40.78906],[-73.87095,40.78847],[-73.8708,40.78793],[-73.87137,40.78727],[-73.87147,40.78704]]]},"properties":{"geoid":"36081092900","county":"081","county_name":"Queens","utility":"coned","utility_split":false,"homes":1159,"homes_source":"pluto","multifamily_5plus_lots":29,"median_income":112324,"income_band":"100–150k","low_income_share":0.45,"median_year_built":1961,"pre1980":0.82,"owner":0.51,"fuel":{"gas":0.76,"propane":0.04,"electric":0.07,"oil":0.12,"other":0,"none":0.01},"dac":true,"dac_share":1,"score":74,"parts":{"volume":25,"fuel":9.6,"age":16.4,"owner":7.7,"incentive":15},"gaps":[]}},{"type":"Feature","geometry":{"type":"Polygon","coordinates":[[[-73.57,40.76578],[-73.56834,40.76487],[-73.56814,40.7649],[-73.56712,40.75873],[-73.56699,40.7581],[-73.56679,40.75799],[-73.56001,40.75964],[-73.55358,40.76105],[-73.55676,40.76479],[-73.55889,40.76674],[-73.56038,40.76788],[-73.56273,40.76932],[-73.56475,40.77028],[-73.56639,40.76848],[-73.56875,40.76681],[-73.57,40.76578]]]},"properties":{"geoid":"36059304203","county":"059","county_name":"Nassau","utility":"psegli","utility_split":false,"homes":1081,"homes_source":"acs_est","multifamily_5plus_lots":null,"median_income":202574,"income_band":"150k+","low_income_share":0.29,"median_year_built":1955,"pre1980":0.85,"owner":0.7,"fuel":{"gas":0.68,"propane":0.05,"electric":0.04,"oil":0.24,"other":0,"none":0},"dac":true,"dac_share":1,"score":74,"parts":{"volume":25,"fuel":11.8,"age":16.9,"owner":10.4,"incentive":9.6},"gaps":[]}},{"type":"Feature","geometry":{"type":"Polygon","coordinates":[[[-73.66815,40.68514],[-73.66802,40.68357],[-73.66787,40.68332],[-73.66738,40.68315],[-73.6676,40.68298],[-73.6649,40.68258],[-73.66395,40.68252],[-73.66191,40.68258],[-73.65969,40.68296],[-73.65701,40.6836],[-73.65618,40.68366],[-73.65488,40.68356],[-73.65334,40.68444],[-73.65292,40.68481],[-73.65184,40.68626],[-73.64945,40.68992],[-73.65808,40.69163],[-73.65798,40.69184],[-73.66061,40.69206],[-73.66062,40.69269],[-73.66043,40.69438],[-73.66005,40.69586],[-73.66005,40.69702],[-73.66054,40.69913],[-73.66103,40.70273],[-73.66117,40.70276],[-73.66329,40.70109],[-73.66604,40.6984],[-73.66646,40.69763],[-73.66766,40.69194],[-73.66815,40.68514]]]},"properties":{"geoid":"36059405900","county":"059","county_name":"Nassau","utility":"psegli","utility_split":false,"homes":1666,"homes_source":"acs_est","multifamily_5plus_lots":null,"median_income":176932,"income_band":"150k+","low_income_share":0.32,"median_year_built":1955,"pre1980":0.96,"owner":0.99,"fuel":{"gas":0.62,"propane":0.01,"electric":0.06,"oil":0.29,"other":0.02,"none":0},"dac":false,"dac_share":0,"score":74,"parts":{"volume":25,"fuel":12.3,"age":19.2,"owner":14.8,"incentive":2.4},"gaps":[]}},{"type":"Feature","geometry":{"type":"Polygon","coordinates":[[[-73.65334,40.68444],[-73.65488,40.68356],[-73.65308,40.68337],[-73.65045,40.68286],[-73.64954,40.68278],[-73.64763,40.68291],[-73.64589,40.6833],[-73.64351,40.68429],[-73.63869,40.68806],[-73.63753,40.68876],[-73.63598,40.6895],[-73.63444,40.69007],[-73.63373,40.69021],[-73.63271,40.69026],[-73.63244,40.69161],[-73.6318,40.69355],[-73.63237,40.69379],[-73.63647,40.6949],[-73.63477,40.6965],[-73.63327,40.6977],[-73.63309,40.6985],[-73.63356,40.70229],[-73.63607,40.7035],[-73.63645,40.70376],[-73.63679,40.70414],[-73.63667,40.7036],[-73.63556,40.70091],[-73.63627,40.7008],[-73.63638,40.6999],[-73.63852,40.70002],[-73.6387,40.70036],[-73.63881,40.7009],[-73.63842,40.70098],[-73.63862,40.70131],[-73.63934,40.7039],[-73.64063,40.70338],[-73.64108,40.70257],[-73.6425,40.70056],[-73.65184,40.68626],[-73.65292,40.68481],[-73.65334,40.68444]]]},"properties":{"geoid":"36059406201","county":"059","county_name":"Nassau","utility":"psegli","utility_split":false,"homes":804,"homes_source":"acs_est","multifamily_5plus_lots":null,"median_income":141384,"income_band":"100–150k","low_income_share":0.38,"median_year_built":1951,"pre1980":0.97,"owner":0.87,"fuel":{"gas":0.55,"propane":0.01,"electric":0.01,"oil":0.37,"other":0.06,"none":0},"dac":false,"dac_share":0,"score":74,"parts":{"volume":25,"fuel":13.9,"age":19.5,"owner":13.1,"incentive":2.8},"gaps":[]}},{"type":"Feature","geometry":{"type":"Polygon","coordinates":[[[-73.55962,40.69904],[-73.56009,40.69907],[-73.55644,40.69697],[-73.55072,40.69244],[-73.5497,40.6931],[-73.54862,40.69347],[-73.54266,40.69434],[-73.54068,40.69488],[-73.53993,40.6952],[-73.53647,40.6975],[-73.534,40.69887],[-73.53317,40.69924],[-73.53202,40.69962],[-73.5302,40.69994],[-73.53069,40.70158],[-73.53148,40.70536],[-73.53163,40.70589],[-73.53188,40.70638],[-73.54424,40.70583],[-73.54473,40.70564],[-73.5451,40.70539],[-73.54662,40.70394],[-73.54704,40.70363],[-73.55159,40.70157],[-73.55254,40.70091],[-73.55318,40.70056],[-73.55788,40.69912],[-73.55962,40.69904]]]},"properties":{"geoid":"36059408500","county":"059","county_name":"Nassau","utility":"psegli","utility_split":false,"homes":2049,"homes_source":"acs_est","multifamily_5plus_lots":null,"median_income":196429,"income_band":"150k+","low_income_share":0.13,"median_year_built":1957,"pre1980":0.91,"owner":0.93,"fuel":{"gas":0.43,"propane":0,"electric":0.01,"oil":0.53,"other":0.02,"none":0},"dac":false,"dac_share":0,"score":74,"parts":{"volume":25,"fuel":16.4,"age":18.1,"owner":13.9,"incentive":1},"gaps":[]}},{"type":"Feature","geometry":{"type":"Polygon","coordinates":[[[-73.50629,40.70029],[-73.50637,40.70002],[-73.50395,40.70049],[-73.50005,40.70068],[-73.49525,40.70119],[-73.49113,40.70133],[-73.48994,40.70145],[-73.48817,40.70175],[-73.48424,40.70277],[-73.48463,40.70512],[-73.48507,40.7071],[-73.48528,40.7077],[-73.48533,40.70825],[-73.48526,40.70843],[-73.4854,40.70869],[-73.48534,40.70913],[-73.48562,40.71055],[-73.48603,40.71051],[-73.48621,40.71185],[-73.48648,40.71303],[-73.48629,40.71326],[-73.48658,40.71331],[-73.48668,40.71359],[-73.48707,40.71569],[-73.48741,40.71661],[-73.48807,40.71974],[-73.48825,40.72004],[-73.48811,40.72011],[-73.48812,40.72032],[-73.48828,40.72049],[-73.48871,40.72235],[-73.48906,40.72198],[-73.48922,40.72166],[-73.49093,40.71526],[-73.49213,40.70695],[-73.49225,40.70538],[-73.50371,40.70494],[-73.50478,40.7031],[-73.50579,40.70175],[-73.50629,40.70029]]]},"properties":{"geoid":"36059409500","county":"059","county_name":"Nassau","utility":"psegli","utility_split":false,"homes":1298,"homes_source":"acs_est","multifamily_5plus_lots":null,"median_income":174536,"income_band":"150k+","low_income_share":0.3,"median_year_built":1956,"pre1980":0.97,"owner":0.96,"fuel":{"gas":0.61,"propane":0.01,"electric":0.01,"oil":0.36,"other":0.01,"none":0},"dac":false,"dac_share":0,"score":74,"parts":{"volume":25,"fuel":13.3,"age":19.5,"owner":14.3,"incentive":2.2},"gaps":[]}},{"type":"Feature","geometry":{"type":"Polygon","coordinates":[[[-73.62115,40.6748],[-73.62117,40.67445],[-73.62047,40.6744],[-73.62113,40.67169],[-73.61957,40.67229],[-73.6174,40.67377],[-73.61716,40.67385],[-73.61024,40.6754],[-73.60967,40.67551],[-73.60893,40.67512],[-73.60728,40.67515],[-73.60415,40.67553],[-73.59982,40.67588],[-73.59846,40.68032],[-73.59757,40.68287],[-73.59684,40.68629],[-73.59838,40.68616],[-73.60067,40.68615],[-73.60204,40.68596],[-73.60381,40.68539],[-73.60618,40.68423],[-73.60726,40.68402],[-73.60747,40.68449],[-73.61056,40.68472],[-73.61108,40.68483],[-73.61116,40.68504],[-73.61131,40.68689],[-73.61141,40.68701],[-73.61385,40.68741],[-73.61449,40.68745],[-73.61519,40.6838],[-73.61518,40.68291],[-73.61498,40.68094],[-73.61977,40.68037],[-73.61946,40.67888],[-73.62079,40.67875],[-73.62082,40.67771],[-73.62068,40.67668],[-73.62109,40.67634],[-73.62115,40.6748]]]},"properties":{"geoid":"36059412900","county":"059","county_name":"Nassau","utility":"psegli","utility_split":false,"homes":1876,"homes_source":"acs_est","multifamily_5plus_lots":null,"median_income":156900,"income_band":"150k+","low_income_share":0.19,"median_year_built":1950,"pre1980":0.9,"owner":0.91,"fuel":{"gas":0.46,"propane":0,"electric":0.05,"oil":0.47,"other":0.01,"none":0},"dac":false,"dac_share":0,"score":74,"parts":{"volume":25,"fuel":15.6,"age":18,"owner":13.7,"incentive":1.4},"gaps":[]}},{"type":"Feature","geometry":{"type":"Polygon","coordinates":[[[-73.60023,40.67327],[-73.60026,40.6732],[-73.59791,40.67298],[-73.59468,40.6731],[-73.59462,40.67302],[-73.59287,40.67318],[-73.59126,40.67345],[-73.58943,40.6734],[-73.58839,40.67355],[-73.58821,40.67192],[-73.58764,40.67196],[-73.58763,40.6724],[-73.58533,40.67285],[-73.58434,40.67324],[-73.58418,40.67275],[-73.58462,40.67273],[-73.58457,40.67159],[-73.58438,40.67121],[-73.58217,40.67143],[-73.58214,40.67133],[-73.57995,40.67171],[-73.58126,40.67282],[-73.58307,40.67477],[-73.58495,40.67657],[-73.58777,40.67798],[-73.58763,40.67932],[-73.58733,40.67935],[-73.58629,40.67986],[-73.58422,40.67997],[-73.58412,40.68071],[-73.58417,40.68097],[-73.58514,40.68334],[-73.58547,40.68383],[-73.58691,40.68531],[-73.59014,40.68805],[-73.5912,40.68905],[-73.59314,40.68771],[-73.59455,40.68685],[-73.59559,40.6865],[-73.59684,40.68629],[-73.59757,40.68287],[-73.59846,40.68032],[-73.59982,40.67588],[-73.59996,40.67509],[-73.60004,40.67392],[-73.60023,40.67327]]]},"properties":{"geoid":"36059413900","county":"059","county_name":"Nassau","utility":"psegli","utility_split":false,"homes":1803,"homes_source":"acs_est","multifamily_5plus_lots":null,"median_income":139342,"income_band":"100–150k","low_income_share":0.26,"median_year_built":1950,"pre1980":0.81,"owner":0.8,"fuel":{"gas":0.6,"propane":0.03,"electric":0.03,"oil":0.21,"other":0.09,"none":0.05},"dac":true,"dac_share":1,"score":74,"parts":{"volume":25,"fuel":11.2,"age":16.1,"owner":12,"incentive":9.5},"gaps":[]}},{"type":"Feature","geometry":{"type":"Polygon","coordinates":[[[-73.59255,40.66471],[-73.59196,40.66188],[-73.59123,40.659],[-73.58505,40.65992],[-73.58534,40.66064],[-73.58205,40.66142],[-73.57932,40.66177],[-73.57563,40.66383],[-73.57403,40.6649],[-73.57249,40.66567],[-73.57401,40.66729],[-73.5799,40.66615],[-73.5829,40.66572],[-73.58707,40.66517],[-73.59255,40.66471]]]},"properties":{"geoid":"36059414202","county":"059","county_name":"Nassau","utility":"psegli","utility_split":false,"homes":959,"homes_source":"acs_est","multifamily_5plus_lots":null,"median_income":99942,"income_band":"60–100k","low_income_share":0.5,"median_year_built":1943,"pre1980":0.89,"owner":0.63,"fuel":{"gas":0.76,"propane":0,"electric":0.06,"oil":0.18,"other":0,"none":0},"dac":true,"dac_share":1,"score":74,"parts":{"volume":25,"fuel":10,"age":17.9,"owner":9.5,"incentive":11.3},"gaps":[]}},{"type":"Feature","geometry":{"type":"Polygon","coordinates":[[[-73.60292,40.65108],[-73.60282,40.65035],[-73.60258,40.64976],[-73.6025,40.64892],[-73.60214,40.64838],[-73.60221,40.64773],[-73.60215,40.64706],[-73.60171,40.64603],[-73.60153,40.64516],[-73.60107,40.64463],[-73.60077,40.64399],[-73.60074,40.64376],[-73.60034,40.64335],[-73.59934,40.64269],[-73.59926,40.64248],[-73.59277,40.6447],[-73.5898,40.64514],[-73.58479,40.64569],[-73.58618,40.65316],[-73.58956,40.65257],[-73.59266,40.65224],[-73.59462,40.65188],[-73.59678,40.65161],[-73.60077,40.65166],[-73.60148,40.65152],[-73.60292,40.65108]]]},"properties":{"geoid":"36059414303","county":"059","county_name":"Nassau","utility":"psegli","utility_split":false,"homes":1289,"homes_source":"acs_est","multifamily_5plus_lots":null,"median_income":141829,"income_band":"100–150k","low_income_share":0.26,"median_year_built":1938,"pre1980":0.94,"owner":0.68,"fuel":{"gas":0.73,"propane":0.05,"electric":0.04,"oil":0.17,"other":0,"none":0},"dac":true,"dac_share":1,"score":74,"parts":{"volume":25,"fuel":10.8,"age":18.7,"owner":10.2,"incentive":9.4},"gaps":[]}},{"type":"Feature","geometry":{"type":"Polygon","coordinates":[[[-73.57224,40.67998],[-73.57206,40.67768],[-73.57163,40.6754],[-73.57073,40.67259],[-73.56929,40.66928],[-73.56895,40.66817],[-73.56877,40.6673],[-73.56861,40.66624],[-73.56858,40.66523],[-73.56943,40.6653],[-73.56935,40.66451],[-73.56953,40.66378],[-73.56941,40.66375],[-73.56905,40.66341],[-73.56896,40.66265],[-73.56855,40.66212],[-73.56807,40.66181],[-73.56708,40.66074],[-73.56713,40.66057],[-73.56697,40.66062],[-73.56687,40.66051],[-73.56658,40.66049],[-73.56652,40.66038],[-73.56154,40.66132],[-73.55212,40.66352],[-73.55756,40.67681],[-73.5595,40.67669],[-73.56335,40.67706],[-73.56984,40.67815],[-73.56994,40.67817],[-73.56996,40.67828],[-73.57,40.67995],[-73.57144,40.68007],[-73.57224,40.67998]]]},"properties":{"geoid":"36059415000","county":"059","county_name":"Nassau","utility":"psegli","utility_split":false,"homes":1867,"homes_source":"acs_est","multifamily_5plus_lots":null,"median_income":133703,"income_band":"100–150k","low_income_share":0.46,"median_year_built":1954,"pre1980":0.9,"owner":0.95,"fuel":{"gas":0.58,"propane":0.04,"electric":0.02,"oil":0.34,"other":0.01,"none":0},"dac":false,"dac_share":0,"score":74,"parts":{"volume":25,"fuel":13.7,"age":18,"owner":14.2,"incentive":3.4},"gaps":[]}},{"type":"Feature","geometry":{"type":"Polygon","coordinates":[[[-73.54453,40.66524],[-73.54432,40.66502],[-73.54183,40.66328],[-73.54057,40.66254],[-73.54012,40.66213],[-73.53976,40.66147],[-73.53919,40.65913],[-73.53913,40.65833],[-73.53883,40.6576],[-73.53844,40.65744],[-73.53797,40.65705],[-73.53805,40.65566],[-73.53851,40.65523],[-73.53856,40.65501],[-73.53749,40.65325],[-73.53761,40.65282],[-73.5374,40.65248],[-73.53686,40.65202],[-73.53686,40.65156],[-73.53635,40.65126],[-73.53575,40.65041],[-73.53578,40.64993],[-73.53617,40.64959],[-73.53614,40.64932],[-73.53596,40.64895],[-73.5356,40.64863],[-73.53464,40.64847],[-73.5341,40.64808],[-73.53383,40.64769],[-73.53344,40.64623],[-73.53314,40.64558],[-73.53297,40.64414],[-73.53246,40.64405],[-73.53122,40.64423],[-73.5305,40.64357],[-73.52945,40.64213],[-73.52728,40.63952],[-73.52503,40.64479],[-73.52512,40.6461],[-73.52521,40.64615],[-73.52521,40.64633],[-73.52584,40.64777],[-73.52599,40.64787],[-73.52674,40.6489],[-73.52722,40.65013],[-73.52725,40.65068],[-73.52749,40.6515],[-73.5276,40.65391],[-73.52739,40.65501],[-73.52751,40.6551],[-73.52841,40.65519],[-73.52827,40.6555],[-73.529,40.65674],[-73.5294,40.65791],[-73.52872,40.65791],[-73.5277,40.65808],[-73.52796,40.65989],[-73.52827,40.65984],[-73.52919,40.66284],[-73.52253,40.66436],[-73.52189,40.66443],[-73.52105,40.66438],[-73.52123,40.66561],[-73.52096,40.66745],[-73.52121,40.66831],[-73.52088,40.66929],[-73.52105,40.67017],[-73.52098,40.67064],[-73.54453,40.66524]]]},"properties":{"geoid":"36059415401","county":"059","county_name":"Nassau","utility":"psegli","utility_split":false,"homes":1775,"homes_source":"acs_est","multifamily_5plus_lots":null,"median_income":163453,"income_band":"150k+","low_income_share":0.3,"median_year_built":1954,"pre1980":0.94,"owner":0.95,"fuel":{"gas":0.58,"propane":0,"electric":0.04,"oil":0.37,"other":0.01,"none":0},"dac":false,"dac_share":0,"score":74,"parts":{"volume":25,"fuel":13.6,"age":18.8,"owner":14.3,"incentive":2.2},"gaps":[]}},{"type":"Feature","geometry":{"type":"Polygon","coordinates":[[[-73.63581,40.84685],[-73.63571,40.84608],[-73.63139,40.84643],[-73.62677,40.8475],[-73.62547,40.8481],[-73.62267,40.8503],[-73.62154,40.85085],[-73.6192,40.85262],[-73.61952,40.85436],[-73.61986,40.85723],[-73.62049,40.85909],[-73.62064,40.8593],[-73.62111,40.85978],[-73.62242,40.86082],[-73.6226,40.86105],[-73.6256,40.86],[-73.63011,40.85981],[-73.62991,40.8582],[-73.63095,40.85816],[-73.63106,40.85802],[-73.63093,40.8572],[-73.63058,40.85697],[-73.63075,40.85634],[-73.63065,40.85571],[-73.63015,40.85517],[-73.62993,40.85477],[-73.63007,40.85375],[-73.63074,40.85407],[-73.6345,40.8535],[-73.63476,40.85323],[-73.63524,40.85188],[-73.63546,40.84902],[-73.63578,40.8476],[-73.63581,40.84685]]]},"properties":{"geoid":"36059517202","county":"059","county_name":"Nassau","utility":"psegli","utility_split":false,"homes":702,"homes_source":"acs_est","multifamily_5plus_lots":null,"median_income":81535,"income_band":"60–100k","low_income_share":0.65,"median_year_built":1966,"pre1980":0.86,"owner":0.5,"fuel":{"gas":0.62,"propane":0.17,"electric":0.08,"oil":0.1,"other":0.03,"none":0},"dac":true,"dac_share":1,"score":74,"parts":{"volume":24.5,"fuel":12.1,"age":17.1,"owner":7.4,"incentive":12.4},"gaps":[]}},{"type":"Feature","geometry":{"type":"Polygon","coordinates":[[[-73.52351,40.76303],[-73.52376,40.76296],[-73.52147,40.7568],[-73.51578,40.743],[-73.51277,40.74311],[-73.50969,40.743],[-73.50961,40.74314],[-73.5089,40.74324],[-73.50743,40.74311],[-73.50741,40.74336],[-73.50718,40.74332],[-73.50719,40.74307],[-73.5067,40.74306],[-73.50667,40.74338],[-73.50601,40.74337],[-73.5054,40.74834],[-73.50525,40.75136],[-73.50556,40.75173],[-73.50786,40.75416],[-73.50797,40.75418],[-73.51044,40.75655],[-73.51798,40.76284],[-73.51978,40.76413],[-73.52351,40.76303]]]},"properties":{"geoid":"36059519200","county":"059","county_name":"Nassau","utility":"psegli","utility_split":false,"homes":1948,"homes_source":"acs_est","multifamily_5plus_lots":null,"median_income":153750,"income_band":"150k+","low_income_share":0.33,"median_year_built":1953,"pre1980":0.95,"owner":0.9,"fuel":{"gas":0.52,"propane":0.02,"electric":0.06,"oil":0.38,"other":0.01,"none":0.02},"dac":false,"dac_share":0,"score":74,"parts":{"volume":25,"fuel":14,"age":19,"owner":13.5,"incentive":2.4},"gaps":[]}},{"type":"Feature","geometry":{"type":"Polygon","coordinates":[[[-73.48621,40.71185],[-73.48603,40.71051],[-73.48562,40.71055],[-73.48534,40.70913],[-73.4854,40.70869],[-73.48526,40.70843],[-73.48533,40.70825],[-73.48528,40.7077],[-73.48507,40.7071],[-73.48463,40.70512],[-73.48424,40.70277],[-73.48117,40.70325],[-73.47822,40.70386],[-73.47618,40.70442],[-73.47372,40.70522],[-73.47252,40.70552],[-73.47121,40.70575],[-73.46962,40.70591],[-73.45362,40.70601],[-73.45031,40.70582],[-73.44699,40.70547],[-73.44864,40.70581],[-73.44996,40.70644],[-73.45208,40.70704],[-73.45253,40.70723],[-73.45359,40.70808],[-73.4552,40.70996],[-73.45666,40.71047],[-73.47356,40.71038],[-73.47418,40.71061],[-73.4746,40.71041],[-73.47594,40.71027],[-73.47661,40.71053],[-73.47697,40.71014],[-73.48168,40.70967],[-73.48194,40.70977],[-73.48197,40.71011],[-73.48273,40.71027],[-73.48262,40.7122],[-73.48384,40.71215],[-73.48453,40.71201],[-73.48621,40.71185]]]},"properties":{"geoid":"36059520800","county":"059","county_name":"Nassau","utility":"psegli","utility_split":false,"homes":1348,"homes_source":"acs_est","multifamily_5plus_lots":null,"median_income":186964,"income_band":"150k+","low_income_share":0.15,"median_year_built":null,"pre1980":0.95,"owner":0.99,"fuel":{"gas":0.56,"propane":0.03,"electric":0.04,"oil":0.37,"other":0,"none":0},"dac":false,"dac_share":0,"score":74,"parts":{"volume":25,"fuel":13.9,"age":18.9,"owner":14.8,"incentive":1.1},"gaps":[]}},{"type":"Feature","geometry":{"type":"Polygon","coordinates":[[[-73.48704,40.65735],[-73.48703,40.65557],[-73.48639,40.65525],[-73.48608,40.65499],[-73.48586,40.65472],[-73.48577,40.65438],[-73.48637,40.65355],[-73.48595,40.65335],[-73.48589,40.65299],[-73.48607,40.65241],[-73.48613,40.65182],[-73.48561,40.65036],[-73.48654,40.64887],[-73.48465,40.64878],[-73.4848,40.64814],[-73.48492,40.648],[-73.48546,40.64649],[-73.48546,40.64621],[-73.48525,40.64606],[-73.48332,40.64631],[-73.48059,40.6464],[-73.47823,40.64743],[-73.47097,40.6523],[-73.47109,40.65286],[-73.47111,40.65565],[-73.47119,40.65573],[-73.47001,40.65922],[-73.4697,40.65969],[-73.46908,40.66034],[-73.46903,40.6606],[-73.46915,40.66218],[-73.46903,40.66226],[-73.46904,40.6624],[-73.46947,40.66237],[-73.46947,40.66225],[-73.46933,40.66219],[-73.46922,40.66046],[-73.46934,40.66025],[-73.46976,40.65994],[-73.47008,40.65949],[-73.47051,40.6584],[-73.47058,40.65841],[-73.47092,40.65734],[-73.471,40.65735],[-73.47107,40.65709],[-73.47122,40.65712],[-73.4713,40.65686],[-73.4711,40.65681],[-73.4712,40.6565],[-73.47142,40.65654],[-73.4718,40.65591],[-73.47279,40.65685],[-73.47242,40.65773],[-73.47251,40.658],[-73.47275,40.65815],[-73.47276,40.65827],[-73.47228,40.65973],[-73.47143,40.65996],[-73.4711,40.66025],[-73.47111,40.66174],[-73.47051,40.66346],[-73.46994,40.66442],[-73.46966,40.66666],[-73.48208,40.66679],[-73.48233,40.66534],[-73.4829,40.66491],[-73.48311,40.66461],[-73.48314,40.66431],[-73.48386,40.66333],[-73.48437,40.66175],[-73.48539,40.66088],[-73.48599,40.6601],[-73.48644,40.6593],[-73.48704,40.65735]]]},"properties":{"geoid":"36059521302","county":"059","county_name":"Nassau","utility":"psegli","utility_split":false,"homes":1819,"homes_source":"acs_est","multifamily_5plus_lots":null,"median_income":187194,"income_band":"150k+","low_income_share":0.24,"median_year_built":1957,"pre1980":0.95,"owner":0.98,"fuel":{"gas":0.58,"propane":0.04,"electric":0.04,"oil":0.33,"other":0,"none":0},"dac":false,"dac_share":0,"score":74,"parts":{"volume":25,"fuel":13.5,"age":18.9,"owner":14.7,"incentive":1.8},"gaps":[]}},{"type":"Feature","geometry":{"type":"Polygon","coordinates":[[[-73.4642,40.67266],[-73.46444,40.67107],[-73.45723,40.67081],[-73.45689,40.6668],[-73.45678,40.66645],[-73.45649,40.66354],[-73.45594,40.65969],[-73.45616,40.65966],[-73.4561,40.65944],[-73.45572,40.65954],[-73.45488,40.65637],[-73.455,40.65633],[-73.45482,40.65225],[-73.45495,40.65102],[-73.45231,40.65082],[-73.44943,40.65419],[-73.44731,40.65648],[-73.447,40.65707],[-73.44686,40.65753],[-73.44687,40.65844],[-73.44658,40.65901],[-73.44649,40.65939],[-73.44703,40.66078],[-73.4467,40.66143],[-73.4484,40.6629],[-73.44989,40.66334],[-73.45009,40.66348],[-73.4502,40.66417],[-73.45047,40.66495],[-73.45128,40.66649],[-73.45389,40.66646],[-73.45391,40.66743],[-73.45402,40.66742],[-73.45399,40.67017],[-73.45345,40.67108],[-73.45188,40.67261],[-73.4502,40.6741],[-73.4488,40.67557],[-73.4479,40.6763],[-73.44794,40.677],[-73.44764,40.67838],[-73.45423,40.67801],[-73.46176,40.67744],[-73.46324,40.67583],[-73.46333,40.67452],[-73.4642,40.67266]]]},"properties":{"geoid":"36059521700","county":"059","county_name":"Nassau","utility":"psegli","utility_split":false,"homes":1695,"homes_source":"acs_est","multifamily_5plus_lots":null,"median_income":177500,"income_band":"150k+","low_income_share":0.23,"median_year_built":1957,"pre1980":0.87,"owner":0.99,"fuel":{"gas":0.42,"propane":0.01,"electric":0.16,"oil":0.41,"other":0,"none":0},"dac":false,"dac_share":0,"score":74,"parts":{"volume":25,"fuel":15.2,"age":17.3,"owner":14.9,"incentive":1.7},"gaps":[]}},{"type":"Feature","geometry":{"type":"Polygon","coordinates":[[[-73.44307,40.70528],[-73.44306,40.70503],[-73.44287,40.70453],[-73.44191,40.70445],[-73.44206,40.70418],[-73.44269,40.70092],[-73.44156,40.70056],[-73.44056,40.70035],[-73.4376,40.69998],[-73.43686,40.70009],[-73.43687,40.70004],[-73.43632,40.70004],[-73.43667,40.69801],[-73.43662,40.69791],[-73.43675,40.69705],[-73.43704,40.69713],[-73.43727,40.69588],[-73.43878,40.68663],[-73.44026,40.67889],[-73.4337,40.67932],[-73.43187,40.6806],[-73.43163,40.68095],[-73.43122,40.6821],[-73.43067,40.68406],[-73.43067,40.68444],[-73.43086,40.68446],[-73.43089,40.68487],[-73.43128,40.68542],[-73.43215,40.68761],[-73.433,40.69046],[-73.43301,40.69325],[-73.43286,40.6991],[-73.43301,40.70286],[-73.4333,40.70606],[-73.43545,40.70572],[-73.43754,40.70548],[-73.44033,40.70531],[-73.44307,40.70528]]]},"properties":{"geoid":"36059521801","county":"059","county_name":"Nassau","utility":"psegli","utility_split":false,"homes":1292,"homes_source":"acs_est","multifamily_5plus_lots":null,"median_income":160057,"income_band":"150k+","low_income_share":0.26,"median_year_built":1956,"pre1980":0.95,"owner":0.97,"fuel":{"gas":0.55,"propane":0,"electric":0.04,"oil":0.39,"other":0.02,"none":0},"dac":false,"dac_share":0,"score":74,"parts":{"volume":25,"fuel":13.9,"age":19,"owner":14.6,"incentive":1.9},"gaps":[]}},{"type":"Feature","geometry":{"type":"Polygon","coordinates":[[[-73.45405,40.66879],[-73.45402,40.66742],[-73.45391,40.66743],[-73.45389,40.66646],[-73.4498,40.6665],[-73.44626,40.66627],[-73.44279,40.66662],[-73.43345,40.66915],[-73.43247,40.66934],[-73.4325,40.67719],[-73.43224,40.67866],[-73.4333,40.67878],[-73.43366,40.67905],[-73.43385,40.67911],[-73.43419,40.67908],[-73.4337,40.67932],[-73.44764,40.67838],[-73.44794,40.677],[-73.4479,40.6763],[-73.4488,40.67557],[-73.4502,40.6741],[-73.45188,40.67261],[-73.45345,40.67108],[-73.45399,40.67017],[-73.45405,40.66879]]]},"properties":{"geoid":"36059521802","county":"059","county_name":"Nassau","utility":"psegli","utility_split":false,"homes":1216,"homes_source":"acs_est","multifamily_5plus_lots":null,"median_income":169030,"income_band":"150k+","low_income_share":0.16,"median_year_built":1956,"pre1980":0.98,"owner":0.95,"fuel":{"gas":0.6,"propane":0,"electric":0,"oil":0.4,"other":0,"none":0},"dac":false,"dac_share":0,"score":74,"parts":{"volume":25,"fuel":13.7,"age":19.7,"owner":14.2,"incentive":1.2},"gaps":[]}},{"type":"Feature","geometry":{"type":"Polygon","coordinates":[[[-73.43389,40.67921],[-73.43419,40.67908],[-73.43385,40.67911],[-73.43366,40.67905],[-73.4333,40.67878],[-73.43224,40.67866],[-73.4325,40.67719],[-73.43247,40.66934],[-73.43311,40.66922],[-73.4323,40.6687],[-73.43279,40.66774],[-73.43282,40.66693],[-73.4323,40.66508],[-73.43263,40.66461],[-73.43253,40.66413],[-73.4323,40.6636],[-73.4321,40.66335],[-73.43194,40.66259],[-73.4318,40.66244],[-73.43075,40.66215],[-73.43084,40.66199],[-73.43135,40.6621],[-73.43148,40.66203],[-73.43153,40.66184],[-73.43143,40.66187],[-73.4315,40.66176],[-73.43193,40.66155],[-73.43199,40.66144],[-73.43189,40.6613],[-73.43152,40.6613],[-73.43121,40.66119],[-73.43112,40.66107],[-73.43105,40.66052],[-73.4311,40.6603],[-73.43136,40.66061],[-73.43147,40.66027],[-73.43141,40.66016],[-73.4314,40.65814],[-73.43007,40.654],[-73.42555,40.65461],[-73.42559,40.65629],[-73.42529,40.65611],[-73.42388,40.65597],[-73.42383,40.65648],[-73.42412,40.65781],[-73.42415,40.65844],[-73.42408,40.65895],[-73.42429,40.66],[-73.42423,40.66053],[-73.42454,40.66144],[-73.42446,40.66166],[-73.42448,40.66247],[-73.4248,40.66535],[-73.42474,40.6662],[-73.42462,40.66627],[-73.42336,40.66874],[-73.42328,40.67048],[-73.42332,40.67061],[-73.42341,40.67061],[-73.42335,40.67074],[-73.4248,40.67798],[-73.43029,40.70662],[-73.4333,40.70606],[-73.43301,40.70286],[-73.43286,40.6991],[-73.43301,40.69325],[-73.433,40.69046],[-73.43215,40.68761],[-73.43128,40.68542],[-73.43089,40.68487],[-73.43086,40.68446],[-73.43067,40.68444],[-73.43067,40.68406],[-73.43122,40.6821],[-73.43163,40.68095],[-73.43187,40.6806],[-73.43389,40.67921]]]},"properties":{"geoid":"36059522000","county":"059","county_name":"Nassau","utility":"psegli","utility_split":false,"homes":2389,"homes_source":"acs_est","multifamily_5plus_lots":null,"median_income":99869,"income_band":"60–100k","low_income_share":0.5,"median_year_built":1968,"pre1980":0.61,"owner":0.8,"fuel":{"gas":0.54,"propane":0.03,"electric":0.12,"oil":0.3,"other":0,"none":0},"dac":true,"dac_share":1,"score":74,"parts":{"volume":25,"fuel":13.3,"age":12.2,"owner":12,"incentive":11.3},"gaps":[]}},{"type":"Feature","geometry":{"type":"Polygon","coordinates":[[[-73.84758,40.68158],[-73.84787,40.68149],[-73.84365,40.68046],[-73.84307,40.68046],[-73.83952,40.67996],[-73.83992,40.68119],[-73.84019,40.68114],[-73.8412,40.68335],[-73.84758,40.68158]]]},"properties":{"geoid":"36081004002","county":"081","county_name":"Queens","utility":"coned","utility_split":false,"homes":158,"homes_source":"pluto","multifamily_5plus_lots":3,"median_income":49379,"income_band":"<60k","low_income_share":0.72,"median_year_built":1971,"pre1980":0.92,"owner":0.57,"fuel":{"gas":0.56,"propane":0,"electric":0.12,"oil":0.28,"other":0,"none":0.03},"dac":true,"dac_share":1,"score":73,"parts":{"volume":19,"fuel":12.1,"age":18.4,"owner":8.5,"incentive":15},"gaps":[]}},{"type":"Feature","geometry":{"type":"Polygon","coordinates":[[[-73.93859,40.76682],[-73.93601,40.76589],[-73.93701,40.76424],[-73.93055,40.76122],[-73.92945,40.76237],[-73.93135,40.76327],[-73.93037,40.76449],[-73.93595,40.76758],[-73.93618,40.76769],[-73.93859,40.76682]]]},"properties":{"geoid":"36081004500","county":"081","county_name":"Queens","utility":"coned","utility_split":false,"homes":156,"homes_source":"pluto","multifamily_5plus_lots":6,"median_income":97462,"income_band":"60–100k","low_income_share":0.51,"median_year_built":1957,"pre1980":0.82,"owner":0.79,"fuel":{"gas":0.65,"propane":0.07,"electric":0.05,"oil":0.18,"other":0.02,"none":0.03},"dac":true,"dac_share":1,"score":73,"parts":{"volume":18.9,"fuel":11.2,"age":16.3,"owner":11.9,"incentive":15},"gaps":[]}},{"type":"Feature","geometry":{"type":"Polygon","coordinates":[[[-73.83511,40.68509],[-73.83595,40.68484],[-73.83506,40.68302],[-73.83379,40.68369],[-73.82946,40.6854],[-73.82863,40.68566],[-73.82594,40.68594],[-73.8267,40.68747],[-73.83511,40.68509]]]},"properties":{"geoid":"36081009800","county":"081","county_name":"Queens","utility":"coned","utility_split":false,"homes":382,"homes_source":"pluto","multifamily_5plus_lots":9,"median_income":84458,"income_band":"60–100k","low_income_share":0.6,"median_year_built":1938,"pre1980":0.96,"owner":0.54,"fuel":{"gas":0.87,"propane":0.06,"electric":0.01,"oil":0.04,"other":0.02,"none":0},"dac":true,"dac_share":1,"score":73,"parts":{"volume":22.2,"fuel":8.3,"age":19.1,"owner":8,"incentive":15},"gaps":[]}},{"type":"Feature","geometry":{"type":"Polygon","coordinates":[[[-73.83223,40.69108],[-73.8331,40.69083],[-73.83185,40.68829],[-73.83274,40.68804],[-73.83172,40.68605],[-73.82753,40.68724],[-73.82851,40.68924],[-73.82934,40.689],[-73.83053,40.69143],[-73.83223,40.69108]]]},"properties":{"geoid":"36081010800","county":"081","county_name":"Queens","utility":"coned","utility_split":false,"homes":425,"homes_source":"pluto","multifamily_5plus_lots":10,"median_income":108299,"income_band":"100–150k","low_income_share":0.42,"median_year_built":1938,"pre1980":0.84,"owner":0.73,"fuel":{"gas":0.92,"propane":0.01,"electric":0,"oil":0.07,"other":0,"none":0},"dac":true,"dac_share":1,"score":73,"parts":{"volume":22.6,"fuel":7.8,"age":16.8,"owner":11,"incentive":15},"gaps":[]}},{"type":"Feature","geometry":{"type":"Polygon","coordinates":[[[-73.82684,40.69811],[-73.82753,40.69792],[-73.82583,40.69445],[-73.82107,40.69578],[-73.82085,40.69535],[-73.81888,40.69582],[-73.81441,40.69709],[-73.81372,40.69715],[-73.8142,40.69791],[-73.81546,40.70028],[-73.81648,40.70245],[-73.81686,40.70244],[-73.81736,40.70286],[-73.81742,40.70269],[-73.81754,40.70266],[-73.82246,40.70366],[-73.82211,40.70185],[-73.82251,40.70176],[-73.82125,40.6997],[-73.82684,40.69811]]]},"properties":{"geoid":"36081014202","county":"081","county_name":"Queens","utility":"coned","utility_split":false,"homes":329,"homes_source":"pluto","multifamily_5plus_lots":3,"median_income":88750,"income_band":"60–100k","low_income_share":0.54,"median_year_built":1943,"pre1980":0.94,"owner":0.56,"fuel":{"gas":0.79,"propane":0,"electric":0.02,"oil":0.17,"other":0,"none":0.02},"dac":true,"dac_share":1,"score":73,"parts":{"volume":21.7,"fuel":9.4,"age":18.7,"owner":8.4,"incentive":15},"gaps":[]}},{"type":"Feature","geometry":{"type":"Polygon","coordinates":[[[-73.81693,40.69025],[-73.81642,40.68924],[-73.81628,40.6893],[-73.81497,40.68669],[-73.81249,40.68744],[-73.81164,40.68566],[-73.81002,40.68636],[-73.80802,40.68706],[-73.81075,40.69192],[-73.81693,40.69025]]]},"properties":{"geoid":"36081015801","county":"081","county_name":"Queens","utility":"coned","utility_split":false,"homes":613,"homes_source":"pluto","multifamily_5plus_lots":6,"median_income":98387,"income_band":"60–100k","low_income_share":0.59,"median_year_built":1938,"pre1980":0.82,"owner":0.64,"fuel":{"gas":0.78,"propane":0.02,"electric":0.06,"oil":0.09,"other":0.02,"none":0.04},"dac":true,"dac_share":1,"score":73,"parts":{"volume":24,"fuel":8.4,"age":16.4,"owner":9.6,"incentive":15},"gaps":[]}},{"type":"Feature","geometry":{"type":"Polygon","coordinates":[[[-73.81607,40.68001],[-73.81522,40.67826],[-73.80503,40.68115],[-73.80589,40.6829],[-73.81607,40.68001]]]},"properties":{"geoid":"36081017400","county":"081","county_name":"Queens","utility":"coned","utility_split":false,"homes":497,"homes_source":"pluto","multifamily_5plus_lots":0,"median_income":121759,"income_band":"100–150k","low_income_share":0.42,"median_year_built":1938,"pre1980":0.88,"owner":0.62,"fuel":{"gas":0.81,"propane":0.02,"electric":0.09,"oil":0.04,"other":0,"none":0.03},"dac":true,"dac_share":1,"score":73,"parts":{"volume":23.2,"fuel":7.8,"age":17.6,"owner":9.3,"incentive":15},"gaps":[]}},{"type":"Feature","geometry":{"type":"Polygon","coordinates":[[[-73.81054,40.69197],[-73.81075,40.69192],[-73.80802,40.68706],[-73.80529,40.68798],[-73.80469,40.68837],[-73.80415,40.68839],[-73.80704,40.69035],[-73.80643,40.69087],[-73.8089,40.69256],[-73.80971,40.6922],[-73.81054,40.69197]]]},"properties":{"geoid":"36081020200","county":"081","county_name":"Queens","utility":"coned","utility_split":false,"homes":296,"homes_source":"pluto","multifamily_5plus_lots":1,"median_income":null,"income_band":null,"low_income_share":0.53,"median_year_built":1938,"pre1980":0.94,"owner":0.72,"fuel":{"gas":0.89,"propane":0,"electric":0.06,"oil":0.03,"other":0,"none":0.02},"dac":true,"dac_share":1,"score":73,"parts":{"volume":21.3,"fuel":7.2,"age":18.8,"owner":10.7,"incentive":15},"gaps":[]}},{"type":"Feature","geometry":{"type":"Polygon","coordinates":[[[-73.90054,40.76731],[-73.90066,40.76721],[-73.89432,40.76615],[-73.89386,40.76642],[-73.89246,40.76628],[-73.89109,40.76634],[-73.8909,40.76586],[-73.88919,40.7663],[-73.88877,40.76651],[-73.88834,40.7666],[-73.88836,40.76677],[-73.88773,40.76692],[-73.88825,40.76866],[-73.88846,40.76886],[-73.88873,40.76892],[-73.88942,40.77305],[-73.88908,40.77357],[-73.88946,40.77353],[-73.88985,40.77375],[-73.89009,40.77363],[-73.89019,40.77365],[-73.89007,40.77396],[-73.88989,40.77402],[-73.88979,40.77424],[-73.88947,40.77554],[-73.88952,40.77594],[-73.89001,40.77721],[-73.89009,40.77778],[-73.89017,40.77785],[-73.89035,40.7778],[-73.89047,40.7777],[-73.89046,40.77755],[-73.89056,40.7774],[-73.89107,40.77721],[-73.8911,40.77702],[-73.89145,40.77652],[-73.89142,40.77634],[-73.89177,40.77659],[-73.89213,40.77709],[-73.89252,40.7774],[-73.89286,40.77716],[-73.89423,40.77815],[-73.89657,40.77625],[-73.89356,40.77412],[-73.89289,40.77381],[-73.90051,40.76757],[-73.90048,40.76742],[-73.90054,40.76731]]]},"properties":{"geoid":"36081031700","county":"081","county_name":"Queens","utility":"coned","utility_split":false,"homes":753,"homes_source":"pluto","multifamily_5plus_lots":24,"median_income":75591,"income_band":"60–100k","low_income_share":0.58,"median_year_built":1952,"pre1980":0.83,"owner":0.55,"fuel":{"gas":0.79,"propane":0.02,"electric":0.13,"oil":0.05,"other":0,"none":0.01},"dac":true,"dac_share":1,"score":73,"parts":{"volume":24.8,"fuel":8.3,"age":16.5,"owner":8.3,"incentive":15},"gaps":[]}},{"type":"Feature","geometry":{"type":"Polygon","coordinates":[[[-73.88755,40.76635],[-73.88709,40.76501],[-73.8864,40.76122],[-73.87895,40.76198],[-73.87797,40.76179],[-73.87829,40.76351],[-73.87886,40.76362],[-73.8788,40.7639],[-73.87898,40.76388],[-73.87894,40.76574],[-73.8787,40.76576],[-73.87907,40.76784],[-73.88095,40.76763],[-73.88369,40.76715],[-73.88755,40.76635]]]},"properties":{"geoid":"36081032900","county":"081","county_name":"Queens","utility":"coned","utility_split":false,"homes":703,"homes_source":"pluto","multifamily_5plus_lots":2,"median_income":66573,"income_band":"60–100k","low_income_share":0.67,"median_year_built":1948,"pre1980":0.87,"owner":0.59,"fuel":{"gas":0.93,"propane":0.02,"electric":0.03,"oil":0.02,"other":0,"none":0},"dac":true,"dac_share":1,"score":73,"parts":{"volume":24.5,"fuel":7.2,"age":17.4,"owner":8.8,"incentive":15},"gaps":[]}},{"type":"Feature","geometry":{"type":"Polygon","coordinates":[[[-73.86791,40.74493],[-73.86749,40.7433],[-73.86747,40.7421],[-73.86756,40.74168],[-73.86241,40.74289],[-73.86342,40.74478],[-73.86413,40.74512],[-73.86437,40.74508],[-73.86443,40.74524],[-73.86407,40.74607],[-73.86791,40.74493]]]},"properties":{"geoid":"36081041100","county":"081","county_name":"Queens","utility":"coned","utility_split":false,"homes":391,"homes_source":"pluto","multifamily_5plus_lots":6,"median_income":73899,"income_band":"60–100k","low_income_share":0.65,"median_year_built":1956,"pre1980":0.86,"owner":0.56,"fuel":{"gas":0.76,"propane":0,"electric":0.05,"oil":0.2,"other":0,"none":0},"dac":true,"dac_share":1,"score":73,"parts":{"volume":22.3,"fuel":10.2,"age":17.2,"owner":8.3,"incentive":15},"gaps":[]}},{"type":"Feature","geometry":{"type":"Polygon","coordinates":[[[-73.78839,40.69972],[-73.7869,40.69839],[-73.78476,40.69747],[-73.78277,40.69599],[-73.77396,40.69981],[-73.77691,40.70252],[-73.77784,40.70322],[-73.78045,40.70228],[-73.78166,40.7026],[-73.78276,40.70074],[-73.78839,40.69972]]]},"properties":{"geoid":"36081041400","county":"081","county_name":"Queens","utility":"coned","utility_split":false,"homes":714,"homes_source":"pluto","multifamily_5plus_lots":3,"median_income":92939,"income_band":"60–100k","low_income_share":0.61,"median_year_built":1953,"pre1980":0.85,"owner":0.52,"fuel":{"gas":0.86,"propane":0.02,"electric":0.01,"oil":0.09,"other":0.02,"none":0},"dac":true,"dac_share":1,"score":73,"parts":{"volume":24.6,"fuel":8.5,"age":17.1,"owner":7.8,"incentive":15},"gaps":[]}},{"type":"Feature","geometry":{"type":"Polygon","coordinates":[[[-73.75202,40.64667],[-73.75018,40.64545],[-73.75003,40.64541],[-73.74943,40.64493],[-73.7489,40.64517],[-73.74872,40.64502],[-73.74877,40.6446],[-73.74853,40.64432],[-73.7479,40.64385],[-73.74727,40.64316],[-73.7472,40.64282],[-73.74679,40.64235],[-73.74662,40.6418],[-73.74637,40.64152],[-73.74628,40.64094],[-73.74635,40.64066],[-73.74615,40.64038],[-73.74635,40.63983],[-73.74635,40.6393],[-73.7466,40.63861],[-73.74661,40.63832],[-73.74681,40.63814],[-73.74685,40.63794],[-73.74676,40.63782],[-73.74688,40.63777],[-73.748,40.63463],[-73.74602,40.63521],[-73.74418,40.63736],[-73.74329,40.63805],[-73.74236,40.63809],[-73.7415,40.63785],[-73.7412,40.63759],[-73.74127,40.63726],[-73.74208,40.63638],[-73.74258,40.63565],[-73.74267,40.63541],[-73.74265,40.63505],[-73.74224,40.63485],[-73.74168,40.63484],[-73.73996,40.63514],[-73.73947,40.63571],[-73.74126,40.63891],[-73.74228,40.64012],[-73.74143,40.6405],[-73.74205,40.64147],[-73.74166,40.6422],[-73.74144,40.64689],[-73.73905,40.6482],[-73.73674,40.6491],[-73.74019,40.65526],[-73.74153,40.65736],[-73.743,40.65726],[-73.74506,40.65741],[-73.74487,40.65615],[-73.74329,40.65613],[-73.74332,40.65254],[-73.74655,40.65255],[-73.74655,40.65201],[-73.74643,40.65148],[-73.74587,40.65044],[-73.746,40.65045],[-73.74645,40.65017],[-73.74633,40.64997],[-73.74653,40.64972],[-73.74622,40.64962],[-73.74624,40.64939],[-73.74635,40.6493],[-73.7461,40.64905],[-73.74612,40.64888],[-73.74642,40.64814],[-73.74705,40.6473],[-73.74707,40.64706],[-73.74732,40.64693],[-73.74835,40.64536],[-73.75162,40.64724],[-73.75202,40.64667]]]},"properties":{"geoid":"36081066401","county":"081","county_name":"Queens","utility":"coned","utility_split":false,"homes":370,"homes_source":"pluto","multifamily_5plus_lots":0,"median_income":110000,"income_band":"100–150k","low_income_share":0.37,"median_year_built":1955,"pre1980":0.92,"owner":0.51,"fuel":{"gas":0.62,"propane":0.02,"electric":0.28,"oil":0.08,"other":0,"none":0},"dac":true,"dac_share":1,"score":73,"parts":{"volume":22.1,"fuel":9.9,"age":18.5,"owner":7.7,"incentive":15},"gaps":[]}},{"type":"Feature","geometry":{"type":"Polygon","coordinates":[[[-73.8132,40.66725],[-73.81242,40.66711],[-73.80545,40.6669],[-73.80525,40.66762],[-73.80714,40.66767],[-73.80641,40.67099],[-73.80638,40.67468],[-73.8062,40.67478],[-73.80978,40.67511],[-73.81115,40.67071],[-73.81207,40.67087],[-73.8132,40.66725]]]},"properties":{"geoid":"36081081800","county":"081","county_name":"Queens","utility":"coned","utility_split":false,"homes":664,"homes_source":"pluto","multifamily_5plus_lots":3,"median_income":130457,"income_band":"100–150k","low_income_share":0.38,"median_year_built":1956,"pre1980":0.68,"owner":0.71,"fuel":{"gas":0.79,"propane":0.03,"electric":0.09,"oil":0.08,"other":0,"none":0.01},"dac":true,"dac_share":1,"score":73,"parts":{"volume":24.3,"fuel":8.8,"age":13.7,"owner":10.7,"incentive":15},"gaps":[]}},{"type":"Feature","geometry":{"type":"Polygon","coordinates":[[[-73.83883,40.67986],[-73.83952,40.67996],[-73.83794,40.67679],[-73.83804,40.67664],[-73.83698,40.67468],[-73.83641,40.67312],[-73.83546,40.67102],[-73.83331,40.66676],[-73.83102,40.66621],[-73.83025,40.66612],[-73.82808,40.66609],[-73.82467,40.67703],[-73.82995,40.6779],[-73.83333,40.67866],[-73.83678,40.67957],[-73.83883,40.67986]]]},"properties":{"geoid":"36081086400","county":"081","county_name":"Queens","utility":"coned","utility_split":false,"homes":473,"homes_source":"pluto","multifamily_5plus_lots":5,"median_income":128398,"income_band":"100–150k","low_income_share":0.4,"median_year_built":1942,"pre1980":0.85,"owner":0.6,"fuel":{"gas":0.76,"propane":0.01,"electric":0.06,"oil":0.1,"other":0.04,"none":0.04},"dac":true,"dac_share":1,"score":73,"parts":{"volume":23,"fuel":8.5,"age":17.1,"owner":9,"incentive":15},"gaps":[]}},{"type":"Feature","geometry":{"type":"Polygon","coordinates":[[[-73.65732,40.70583],[-73.65748,40.70566],[-73.65485,40.70527],[-73.65302,40.7051],[-73.64413,40.70504],[-73.63806,40.7048],[-73.63731,40.7049],[-73.63859,40.70618],[-73.63872,40.70657],[-73.6398,40.70774],[-73.64226,40.71106],[-73.6432,40.71278],[-73.64404,40.71258],[-73.64494,40.71249],[-73.64615,40.71247],[-73.64891,40.71222],[-73.64892,40.71169],[-73.65013,40.71157],[-73.65016,40.71108],[-73.65204,40.7111],[-73.65391,40.70893],[-73.65732,40.70583]]]},"properties":{"geoid":"36059406100","county":"059","county_name":"Nassau","utility":"psegli","utility_split":false,"homes":963,"homes_source":"acs_est","multifamily_5plus_lots":null,"median_income":146026,"income_band":"100–150k","low_income_share":0.3,"median_year_built":1951,"pre1980":0.99,"owner":0.98,"fuel":{"gas":0.72,"propane":0.01,"electric":0.04,"oil":0.23,"other":0,"none":0},"dac":false,"dac_share":0,"score":73,"parts":{"volume":25,"fuel":11,"age":19.8,"owner":14.6,"incentive":2.2},"gaps":[]}},{"type":"Feature","geometry":{"type":"Polygon","coordinates":[[[-73.60118,40.70501],[-73.6014,40.70197],[-73.59664,40.70111],[-73.59334,40.70064],[-73.59001,40.69952],[-73.58852,40.69895],[-73.58788,40.69985],[-73.58757,40.70114],[-73.58715,40.70118],[-73.58654,40.70138],[-73.58631,40.70153],[-73.58623,40.70168],[-73.58645,40.70229],[-73.58668,40.7046],[-73.58722,40.70456],[-73.58739,40.70619],[-73.58726,40.7068],[-73.58787,40.70793],[-73.58819,40.70804],[-73.59028,40.70785],[-73.59248,40.70789],[-73.59236,40.70956],[-73.59483,40.70936],[-73.60038,40.70937],[-73.60035,40.70763],[-73.60135,40.70759],[-73.60119,40.70627],[-73.60118,40.70501]]]},"properties":{"geoid":"36059407401","county":"059","county_name":"Nassau","utility":"psegli","utility_split":false,"homes":1479,"homes_source":"acs_est","multifamily_5plus_lots":null,"median_income":148583,"income_band":"100–150k","low_income_share":0.33,"median_year_built":1952,"pre1980":0.82,"owner":0.73,"fuel":{"gas":0.69,"propane":0.01,"electric":0.09,"oil":0.2,"other":0,"none":0},"dac":true,"dac_share":1,"score":73,"parts":{"volume":25,"fuel":10.8,"age":16.4,"owner":11,"incentive":10},"gaps":[]}},{"type":"Feature","geometry":{"type":"Polygon","coordinates":[[[-73.60929,40.69319],[-73.60821,40.6908],[-73.60773,40.68927],[-73.60758,40.68822],[-73.60772,40.6853],[-73.60759,40.68478],[-73.60726,40.68402],[-73.60618,40.68423],[-73.60381,40.68539],[-73.60204,40.68596],[-73.60067,40.68615],[-73.59838,40.68616],[-73.59684,40.68629],[-73.59612,40.68851],[-73.59612,40.68982],[-73.59593,40.69254],[-73.59528,40.69436],[-73.59457,40.69688],[-73.59317,40.70058],[-73.59664,40.70111],[-73.60197,40.70207],[-73.60132,40.69753],[-73.6043,40.69606],[-73.60592,40.69516],[-73.60476,40.69453],[-73.60929,40.69319]]]},"properties":{"geoid":"36059407501","county":"059","county_name":"Nassau","utility":"psegli","utility_split":false,"homes":960,"homes_source":"acs_est","multifamily_5plus_lots":null,"median_income":110203,"income_band":"100–150k","low_income_share":0.47,"median_year_built":1955,"pre1980":0.93,"owner":0.67,"fuel":{"gas":0.74,"propane":0.01,"electric":0.14,"oil":0.06,"other":0,"none":0.04},"dac":true,"dac_share":1,"score":73,"parts":{"volume":25,"fuel":8.2,"age":18.6,"owner":10,"incentive":11},"gaps":[]}},{"type":"Feature","geometry":{"type":"Polygon","coordinates":[[[-73.57695,40.72305],[-73.57567,40.71998],[-73.5746,40.71707],[-73.57385,40.71556],[-73.57088,40.70857],[-73.56955,40.706],[-73.56789,40.70194],[-73.56603,40.70303],[-73.56557,40.70364],[-73.56344,40.70684],[-73.56251,40.70892],[-73.56172,40.71124],[-73.56105,40.71278],[-73.56076,40.71316],[-73.55952,40.71417],[-73.56416,40.72013],[-73.56649,40.7236],[-73.56656,40.72401],[-73.56676,40.72414],[-73.57564,40.72326],[-73.57695,40.72305]]]},"properties":{"geoid":"36059408000","county":"059","county_name":"Nassau","utility":"psegli","utility_split":false,"homes":1902,"homes_source":"acs_est","multifamily_5plus_lots":null,"median_income":192778,"income_band":"150k+","low_income_share":0.26,"median_year_built":1957,"pre1980":0.91,"owner":0.94,"fuel":{"gas":0.56,"propane":0.02,"electric":0.1,"oil":0.32,"other":0,"none":0},"dac":false,"dac_share":0,"score":73,"parts":{"volume":25,"fuel":13.3,"age":18.2,"owner":14.2,"incentive":1.9},"gaps":[]}},{"type":"Feature","geometry":{"type":"Polygon","coordinates":[[[-73.68581,40.67048],[-73.68601,40.67031],[-73.68508,40.66931],[-73.68376,40.66744],[-73.68368,40.66702],[-73.68002,40.669],[-73.66427,40.67815],[-73.66192,40.67941],[-73.65488,40.68356],[-73.65666,40.68364],[-73.66114,40.68267],[-73.66191,40.68258],[-73.66395,40.68252],[-73.6649,40.68258],[-73.66802,40.68302],[-73.67424,40.68306],[-73.67766,40.68359],[-73.67863,40.68364],[-73.67979,40.68356],[-73.68104,40.68148],[-73.68198,40.68083],[-73.68132,40.68057],[-73.68158,40.67952],[-73.68134,40.67828],[-73.68131,40.67689],[-73.68149,40.67641],[-73.682,40.67572],[-73.68311,40.67474],[-73.68581,40.67048]]]},"properties":{"geoid":"36059410100","county":"059","county_name":"Nassau","utility":"psegli","utility_split":false,"homes":2162,"homes_source":"acs_est","multifamily_5plus_lots":null,"median_income":144809,"income_band":"100–150k","low_income_share":0.32,"median_year_built":1943,"pre1980":0.97,"owner":0.98,"fuel":{"gas":0.72,"propane":0.03,"electric":0.01,"oil":0.24,"other":0,"none":0},"dac":false,"dac_share":0,"score":73,"parts":{"volume":25,"fuel":11.3,"age":19.3,"owner":14.7,"incentive":2.4},"gaps":[]}},{"type":"Feature","geometry":{"type":"Polygon","coordinates":[[[-73.7096,40.67755],[-73.70932,40.67672],[-73.70953,40.67534],[-73.70951,40.6743],[-73.70895,40.67196],[-73.70827,40.66987],[-73.70801,40.66814],[-73.70803,40.66755],[-73.70875,40.66272],[-73.70529,40.66183],[-73.70013,40.6603],[-73.69491,40.65889],[-73.6899,40.65796],[-73.68854,40.66132],[-73.68793,40.66358],[-73.6884,40.66373],[-73.6892,40.66373],[-73.69085,40.66278],[-73.70104,40.66557],[-73.70082,40.66601],[-73.70046,40.6663],[-73.69982,40.66719],[-73.69895,40.668],[-73.69895,40.66812],[-73.69859,40.66827],[-73.69873,40.66854],[-73.6974,40.66972],[-73.69682,40.67094],[-73.69693,40.67131],[-73.69758,40.67131],[-73.69763,40.67228],[-73.69738,40.67298],[-73.69569,40.67493],[-73.69557,40.6752],[-73.69602,40.67531],[-73.69637,40.6753],[-73.69719,40.67555],[-73.69774,40.67605],[-73.6988,40.67631],[-73.70064,40.67646],[-73.70163,40.67687],[-73.70569,40.67783],[-73.70634,40.67787],[-73.7096,40.67755]]]},"properties":{"geoid":"36059410500","county":"059","county_name":"Nassau","utility":"psegli","utility_split":false,"homes":2055,"homes_source":"acs_est","multifamily_5plus_lots":null,"median_income":79650,"income_band":"60–100k","low_income_share":0.56,"median_year_built":1954,"pre1980":0.83,"owner":0.53,"fuel":{"gas":0.64,"propane":0.07,"electric":0.09,"oil":0.2,"other":0,"none":0},"dac":true,"dac_share":1,"score":73,"parts":{"volume":25,"fuel":11.9,"age":16.5,"owner":8,"incentive":11.7},"gaps":[]}},{"type":"Feature","geometry":{"type":"Polygon","coordinates":[[[-73.63065,40.8759],[-73.63024,40.87126],[-73.62997,40.86959],[-73.62446,40.87214],[-73.62052,40.87369],[-73.61923,40.87394],[-73.61561,40.87439],[-73.6152,40.87438],[-73.61419,40.87498],[-73.61399,40.87559],[-73.61406,40.87664],[-73.61516,40.87827],[-73.61616,40.88026],[-73.61684,40.88281],[-73.61761,40.88494],[-73.618,40.88457],[-73.61845,40.8844],[-73.62051,40.8842],[-73.62198,40.88392],[-73.62547,40.88356],[-73.62684,40.88371],[-73.63063,40.88332],[-73.62956,40.87788],[-73.62969,40.87742],[-73.63058,40.87655],[-73.63065,40.8759]]]},"properties":{"geoid":"36059517102","county":"059","county_name":"Nassau","utility":"psegli","utility_split":false,"homes":775,"homes_source":"acs_est","multifamily_5plus_lots":null,"median_income":136161,"income_band":"100–150k","low_income_share":0.3,"median_year_built":1958,"pre1980":0.92,"owner":0.98,"fuel":{"gas":0.63,"propane":0.01,"electric":0.03,"oil":0.32,"other":0,"none":0.01},"dac":false,"dac_share":0,"score":73,"parts":{"volume":24.9,"fuel":12.6,"age":18.5,"owner":14.7,"incentive":2.2},"gaps":[]}},{"type":"Feature","geometry":{"type":"Polygon","coordinates":[[[-73.62102,40.89851],[-73.62099,40.89802],[-73.62039,40.89579],[-73.62029,40.89567],[-73.61968,40.89056],[-73.61927,40.88906],[-73.61881,40.88812],[-73.6186,40.88734],[-73.61797,40.88636],[-73.61761,40.88494],[-73.61684,40.88281],[-73.61616,40.88026],[-73.61516,40.87827],[-73.61412,40.87673],[-73.61392,40.87706],[-73.61281,40.87769],[-73.61211,40.87785],[-73.61082,40.87789],[-73.60941,40.87809],[-73.60906,40.87656],[-73.60105,40.87729],[-73.5997,40.87763],[-73.59931,40.87885],[-73.59916,40.88049],[-73.59858,40.88029],[-73.59782,40.88021],[-73.59794,40.88068],[-73.59632,40.88092],[-73.5962,40.88141],[-73.59623,40.88162],[-73.59321,40.88187],[-73.59339,40.88284],[-73.59203,40.88255],[-73.59177,40.8816],[-73.59157,40.8801],[-73.59046,40.88064],[-73.58914,40.88093],[-73.58818,40.88078],[-73.5887,40.88231],[-73.5872,40.88328],[-73.58543,40.88405],[-73.58549,40.88439],[-73.58169,40.88474],[-73.58034,40.88001],[-73.58109,40.87908],[-73.58085,40.87901],[-73.58001,40.87953],[-73.57798,40.88128],[-73.57637,40.88194],[-73.57564,40.88216],[-73.57135,40.88265],[-73.57085,40.88313],[-73.56897,40.883],[-73.56945,40.88387],[-73.56934,40.88432],[-73.56617,40.88383],[-73.56466,40.88382],[-73.5662,40.88001],[-73.56613,40.8799],[-73.56561,40.87992],[-73.56529,40.87984],[-73.56526,40.8796],[-73.56508,40.87926],[-73.56555,40.87879],[-73.5656,40.87845],[-73.568,40.87868],[-73.56779,40.87838],[-73.56772,40.87803],[-73.56795,40.87742],[-73.56787,40.87675],[-73.56791,40.87609],[-73.56829,40.87538],[-73.5686,40.87514],[-73.56921,40.87504],[-73.57041,40.87517],[-73.57169,40.87518],[-73.57311,40.87541],[-73.57356,40.87526],[-73.5751,40.87444],[-73.57668,40.8763],[-73.57733,40.87738],[-73.57776,40.87785],[-73.57798,40.87797],[-73.57863,40.87823],[-73.5798,40.8785],[-73.58156,40.87878],[-73.58255,40.87867],[-73.5844,40.87875],[-73.5848,40.8787],[-73.59131,40.87752],[-73.59217,40.87721],[-73.59472,40.87609],[-73.59695,40.87521],[-73.59682,40.87474],[-73.59774,40.8748],[-73.60489,40.87063],[-73.59708,40.86721],[-73.59381,40.86597],[-73.59367,40.86527],[-73.59256,40.86339],[-73.59259,40.8614],[-73.59251,40.86099],[-73.59194,40.85971],[-73.59191,40.85943],[-73.59172,40.859],[-73.59111,40.85825],[-73.59092,40.85789],[-73.58989,40.85378],[-73.58904,40.85212],[-73.58859,40.85098],[-73.58848,40.85042],[-73.58838,40.8488],[-73.58826,40.84831],[-73.58773,40.84755],[-73.58706,40.8469],[-73.58646,40.84569],[-73.58585,40.84479],[-73.58294,40.84599],[-73.58267,40.84617],[-73.58146,40.84748],[-73.58103,40.84778],[-73.58026,40.84812],[-73.57947,40.84865],[-73.57792,40.84942],[-73.57581,40.85032],[-73.5736,40.85162],[-73.57182,40.85246],[-73.57137,40.85287],[-73.57083,40.85405],[-73.56998,40.8549],[-73.56936,40.85628],[-73.56841,40.85794],[-73.56823,40.85842],[-73.56491,40.859],[-73.56242,40.86488],[-73.56025,40.86941],[-73.55894,40.86958],[-73.55644,40.87045],[-73.55423,40.87076],[-73.55132,40.87226],[-73.55071,40.87168],[-73.54985,40.87024],[-73.54868,40.86934],[-73.54823,40.86865],[-73.54785,40.86836],[-73.54472,40.86803],[-73.54303,40.86756],[-73.54135,40.87208],[-73.54125,40.87248],[-73.54134,40.87306],[-73.54127,40.87374],[-73.54142,40.8741],[-73.54142,40.87451],[-73.54199,40.87507],[-73.54233,40.87552],[-73.5424,40.87605],[-73.54255,40.87642],[-73.54157,40.8769],[-73.54189,40.87768],[-73.54398,40.88149],[-73.54486,40.88289],[-73.54672,40.88623],[-73.54599,40.89018],[-73.54801,40.89503],[-73.54705,40.90077],[-73.54864,40.90296],[-73.56682,40.8982],[-73.57199,40.89519],[-73.57211,40.8954],[-73.57247,40.89563],[-73.57347,40.89584],[-73.57359,40.89595],[-73.5728,40.89636],[-73.57232,40.89703],[-73.5722,40.89741],[-73.57226,40.89815],[-73.57347,40.89892],[-73.57368,40.8992],[-73.57383,40.89966],[-73.57362,40.89993],[-73.57304,40.90041],[-73.57307,40.90073],[-73.57331,40.90089],[-73.57576,40.90076],[-73.576,40.90085],[-73.57603,40.90105],[-73.57579,40.90119],[-73.57473,40.90137],[-73.57461,40.90151],[-73.57461,40.90165],[-73.57494,40.90176],[-73.57549,40.90181],[-73.5833,40.90024],[-73.58467,40.90546],[-73.58464,40.90593],[-73.58453,40.90627],[-73.58376,40.90734],[-73.58369,40.90812],[-73.58535,40.90842],[-73.5871,40.90826],[-73.59083,40.90841],[-73.59127,40.9139],[-73.62024,40.90247],[-73.62102,40.89851]]]},"properties":{"geoid":"36059517801","county":"059","county_name":"Nassau","utility":"psegli","utility_split":false,"homes":1470,"homes_source":"acs_est","multifamily_5plus_lots":null,"median_income":250001,"income_band":"150k+","low_income_share":0.25,"median_year_built":1957,"pre1980":0.8,"owner":0.87,"fuel":{"gas":0.35,"propane":0.02,"electric":0.04,"oil":0.54,"other":0.05,"none":0},"dac":false,"dac_share":0,"score":73,"parts":{"volume":25,"fuel":17.2,"age":16,"owner":13.1,"incentive":1.9},"gaps":[]}},{"type":"Feature","geometry":{"type":"Polygon","coordinates":[[[-73.52562,40.8653],[-73.52555,40.86487],[-73.52501,40.86422],[-73.52459,40.86397],[-73.52319,40.86349],[-73.52282,40.86325],[-73.52222,40.86227],[-73.52207,40.86188],[-73.52215,40.86112],[-73.51957,40.85898],[-73.51936,40.85876],[-73.51917,40.85833],[-73.51876,40.85803],[-73.51878,40.85551],[-73.52082,40.85531],[-73.52007,40.8532],[-73.52056,40.8529],[-73.5192,40.84942],[-73.51861,40.84832],[-73.5174,40.8457],[-73.51976,40.84533],[-73.52165,40.84479],[-73.52286,40.8443],[-73.52275,40.84371],[-73.52253,40.84338],[-73.52144,40.84255],[-73.5188,40.84126],[-73.5182,40.84105],[-73.51753,40.84093],[-73.51639,40.84116],[-73.51603,40.84108],[-73.5156,40.84079],[-73.51536,40.8405],[-73.51516,40.83979],[-73.51261,40.84071],[-73.51158,40.84101],[-73.50468,40.84148],[-73.50419,40.83911],[-73.50136,40.83944],[-73.50126,40.83893],[-73.49985,40.83897],[-73.49949,40.83652],[-73.49878,40.83658],[-73.49765,40.83649],[-73.49714,40.83492],[-73.49671,40.83403],[-73.48945,40.83653],[-73.49009,40.84063],[-73.49042,40.84163],[-73.48982,40.84174],[-73.48977,40.84214],[-73.49036,40.84224],[-73.49007,40.84336],[-73.489,40.84312],[-73.48939,40.84256],[-73.48939,40.84223],[-73.4867,40.83939],[-73.48558,40.83899],[-73.48364,40.83693],[-73.48278,40.83787],[-73.48184,40.83778],[-73.47559,40.8385],[-73.47226,40.83937],[-73.47138,40.83934],[-73.47046,40.83909],[-73.46976,40.83914],[-73.4693,40.83928],[-73.46855,40.83975],[-73.46775,40.84004],[-73.46653,40.84069],[-73.46394,40.84125],[-73.46289,40.84128],[-73.46189,40.84107],[-73.4604,40.84032],[-73.45997,40.83991],[-73.45955,40.83981],[-73.45851,40.84006],[-73.45729,40.8408],[-73.45526,40.84087],[-73.45536,40.84259],[-73.45586,40.84347],[-73.4566,40.84511],[-73.45749,40.84871],[-73.45958,40.85188],[-73.4606,40.85381],[-73.46296,40.85721],[-73.46407,40.85955],[-73.46226,40.86671],[-73.46253,40.8673],[-73.46385,40.86731],[-73.46385,40.86768],[-73.46404,40.86791],[-73.46437,40.86798],[-73.46737,40.8681],[-73.47347,40.8745],[-73.47608,40.87711],[-73.47731,40.89925],[-73.47847,40.89979],[-73.47967,40.9008],[-73.47988,40.90112],[-73.48003,40.90097],[-73.48018,40.90109],[-73.48024,40.90129],[-73.48187,40.90351],[-73.48269,40.9044],[-73.48356,40.90557],[-73.48447,40.90712],[-73.48586,40.91021],[-73.49778,40.90643],[-73.49774,40.90639],[-73.50407,40.8996],[-73.50897,40.8974],[-73.51587,40.8887],[-73.52217,40.87098],[-73.5229,40.871],[-73.52272,40.86976],[-73.52243,40.86925],[-73.52195,40.86877],[-73.52413,40.8684],[-73.52413,40.86781],[-73.5242,40.86756],[-73.52539,40.86612],[-73.52562,40.8653]]]},"properties":{"geoid":"36059518201","county":"059","county_name":"Nassau","utility":"psegli","utility_split":false,"homes":1493,"homes_source":"acs_est","multifamily_5plus_lots":null,"median_income":250001,"income_band":"150k+","low_income_share":0.13,"median_year_built":1971,"pre1980":0.63,"owner":0.93,"fuel":{"gas":0.17,"propane":0.06,"electric":0.06,"oil":0.69,"other":0.01,"none":0},"dac":false,"dac_share":0,"score":73,"parts":{"volume":25,"fuel":20.8,"age":12.5,"owner":14,"incentive":1},"gaps":[]}},{"type":"Feature","geometry":{"type":"Polygon","coordinates":[[[-73.52832,40.80281],[-73.52773,40.80228],[-73.52707,40.80195],[-73.5207,40.79976],[-73.51618,40.79804],[-73.51528,40.79756],[-73.51186,40.79543],[-73.51137,40.79494],[-73.50916,40.79579],[-73.5074,40.79633],[-73.50026,40.79832],[-73.49705,40.79886],[-73.49378,40.79928],[-73.49096,40.79951],[-73.48885,40.79956],[-73.49125,40.80668],[-73.49171,40.80942],[-73.49163,40.81178],[-73.4997,40.81032],[-73.50742,40.81028],[-73.51042,40.81006],[-73.51413,40.80948],[-73.51418,40.80956],[-73.5158,40.80914],[-73.51745,40.80859],[-73.51789,40.80822],[-73.52158,40.80589],[-73.52712,40.80349],[-73.52832,40.80281]]]},"properties":{"geoid":"36059518700","county":"059","county_name":"Nassau","utility":"psegli","utility_split":false,"homes":1748,"homes_source":"acs_est","multifamily_5plus_lots":null,"median_income":174412,"income_band":"150k+","low_income_share":0.25,"median_year_built":1957,"pre1980":0.89,"owner":0.94,"fuel":{"gas":0.56,"propane":0.01,"electric":0.02,"oil":0.4,"other":0,"none":0.01},"dac":false,"dac_share":0,"score":73,"parts":{"volume":25,"fuel":14,"age":17.8,"owner":14,"incentive":1.9},"gaps":[]}},{"type":"Feature","geometry":{"type":"Polygon","coordinates":[[[-73.51912,40.77647],[-73.51953,40.7739],[-73.5167,40.77262],[-73.50901,40.77807],[-73.503,40.78276],[-73.50388,40.78967],[-73.50384,40.79067],[-73.50352,40.79305],[-73.50486,40.79276],[-73.5071,40.79207],[-73.50906,40.79165],[-73.5111,40.79148],[-73.51439,40.79152],[-73.51605,40.7913],[-73.51745,40.78458],[-73.51802,40.78138],[-73.51912,40.77647]]]},"properties":{"geoid":"36059519500","county":"059","county_name":"Nassau","utility":"psegli","utility_split":false,"homes":1830,"homes_source":"acs_est","multifamily_5plus_lots":null,"median_income":161042,"income_band":"150k+","low_income_share":0.27,"median_year_built":1956,"pre1980":0.97,"owner":0.92,"fuel":{"gas":0.63,"propane":0.01,"electric":0.03,"oil":0.31,"other":0,"none":0.01},"dac":false,"dac_share":0,"score":73,"parts":{"volume":25,"fuel":12.5,"age":19.5,"owner":13.8,"incentive":2.1},"gaps":[]}},{"type":"Feature","geometry":{"type":"Polygon","coordinates":[[[-73.45937,40.71832],[-73.45944,40.71828],[-73.45895,40.71756],[-73.45842,40.71652],[-73.45763,40.71419],[-73.45675,40.71234],[-73.4555,40.71035],[-73.45359,40.70808],[-73.45283,40.70743],[-73.45208,40.70704],[-73.44996,40.70644],[-73.44864,40.70581],[-73.44699,40.70547],[-73.45072,40.70585],[-73.45075,40.70561],[-73.44982,40.70517],[-73.44379,40.70452],[-73.44287,40.70453],[-73.44306,40.70503],[-73.44307,40.70528],[-73.4433,40.70571],[-73.44294,40.7087],[-73.44384,40.70876],[-73.44275,40.71785],[-73.44035,40.71997],[-73.44016,40.7204],[-73.44067,40.72092],[-73.44098,40.72136],[-73.44248,40.72434],[-73.44453,40.72325],[-73.45824,40.7213],[-73.45816,40.72056],[-73.45832,40.71975],[-73.45879,40.71889],[-73.45937,40.71832]]]},"properties":{"geoid":"36059520502","county":"059","county_name":"Nassau","utility":"psegli","utility_split":false,"homes":1683,"homes_source":"acs_est","multifamily_5plus_lots":null,"median_income":140625,"income_band":"100–150k","low_income_share":0.32,"median_year_built":1956,"pre1980":0.95,"owner":0.97,"fuel":{"gas":0.65,"propane":0.01,"electric":0.04,"oil":0.3,"other":0,"none":0},"dac":false,"dac_share":0,"score":73,"parts":{"volume":25,"fuel":12.3,"age":19,"owner":14.5,"incentive":2.4},"gaps":[]}},{"type":"Feature","geometry":{"type":"Polygon","coordinates":[[[-73.47049,40.70471],[-73.47045,40.7006],[-73.46774,40.70063],[-73.46767,40.69226],[-73.45769,40.69294],[-73.4596,40.68885],[-73.46446,40.68178],[-73.46489,40.68143],[-73.46343,40.68147],[-73.46031,40.6811],[-73.45639,40.68628],[-73.45592,40.68711],[-73.45384,40.69011],[-73.45314,40.69148],[-73.45258,40.69225],[-73.45255,40.69337],[-73.45216,40.69433],[-73.45087,40.6967],[-73.44939,40.69918],[-73.44933,40.69953],[-73.44944,40.70026],[-73.45003,40.70105],[-73.45089,40.70186],[-73.45135,40.70263],[-73.45131,40.70333],[-73.45141,40.70404],[-73.45099,40.7048],[-73.45072,40.70585],[-73.4544,40.70603],[-73.46962,40.70591],[-73.47039,40.70585],[-73.47049,40.70471]]]},"properties":{"geoid":"36059521000","county":"059","county_name":"Nassau","utility":"psegli","utility_split":false,"homes":1610,"homes_source":"acs_est","multifamily_5plus_lots":null,"median_income":137589,"income_band":"100–150k","low_income_share":0.37,"median_year_built":1956,"pre1980":0.91,"owner":0.96,"fuel":{"gas":0.6,"propane":0,"electric":0.04,"oil":0.33,"other":0,"none":0.02},"dac":false,"dac_share":0,"score":73,"parts":{"volume":25,"fuel":12.6,"age":18.3,"owner":14.4,"incentive":2.8},"gaps":[]}},{"type":"Feature","geometry":{"type":"Polygon","coordinates":[[[-73.48207,40.66964],[-73.48237,40.6689],[-73.48107,40.6676],[-73.48208,40.66679],[-73.47073,40.66668],[-73.46643,40.66656],[-73.46567,40.66893],[-73.46544,40.66917],[-73.46444,40.66967],[-73.46432,40.66985],[-73.46447,40.6705],[-73.4642,40.67266],[-73.46333,40.67452],[-73.46324,40.67583],[-73.46176,40.67744],[-73.46396,40.67737],[-73.48207,40.6761],[-73.48197,40.67493],[-73.48237,40.6736],[-73.48167,40.6722],[-73.48217,40.6709],[-73.48207,40.66964]]]},"properties":{"geoid":"36059521301","county":"059","county_name":"Nassau","utility":"psegli","utility_split":false,"homes":838,"homes_source":"acs_est","multifamily_5plus_lots":null,"median_income":178929,"income_band":"150k+","low_income_share":0.28,"median_year_built":1953,"pre1980":0.93,"owner":1,"fuel":{"gas":0.65,"propane":0.01,"electric":0.04,"oil":0.3,"other":0,"none":0},"dac":false,"dac_share":0,"score":73,"parts":{"volume":25,"fuel":12.3,"age":18.5,"owner":15,"incentive":2.1},"gaps":[]}},{"type":"Feature","geometry":{"type":"Polygon","coordinates":[[[-73.45216,40.69433],[-73.45255,40.69337],[-73.438,40.69159],[-73.43704,40.69713],[-73.43675,40.69705],[-73.43662,40.69791],[-73.43667,40.69801],[-73.43632,40.70004],[-73.43687,40.70004],[-73.43686,40.70009],[-73.4376,40.69998],[-73.44056,40.70035],[-73.44156,40.70056],[-73.44269,40.70092],[-73.44206,40.70418],[-73.44191,40.70445],[-73.44379,40.70452],[-73.44982,40.70517],[-73.45075,40.70561],[-73.45099,40.7048],[-73.45141,40.70404],[-73.45131,40.70333],[-73.45135,40.70263],[-73.45089,40.70186],[-73.45003,40.70105],[-73.44944,40.70026],[-73.44933,40.69953],[-73.44939,40.69918],[-73.45087,40.6967],[-73.45216,40.69433]]]},"properties":{"geoid":"36059521500","county":"059","county_name":"Nassau","utility":"psegli","utility_split":false,"homes":1731,"homes_source":"acs_est","multifamily_5plus_lots":null,"median_income":170521,"income_band":"150k+","low_income_share":0.29,"median_year_built":1956,"pre1980":0.98,"owner":0.97,"fuel":{"gas":0.7,"propane":0.01,"electric":0.03,"oil":0.25,"other":0.02,"none":0},"dac":false,"dac_share":0,"score":73,"parts":{"volume":25,"fuel":11.3,"age":19.6,"owner":14.6,"incentive":2.1},"gaps":[]}},{"type":"Feature","geometry":{"type":"Polygon","coordinates":[[[-73.58176,40.79836],[-73.57428,40.79242],[-73.57849,40.78757],[-73.58085,40.78512],[-73.58017,40.7848],[-73.57845,40.78357],[-73.57161,40.7843],[-73.57129,40.7831],[-73.57089,40.78226],[-73.57051,40.78167],[-73.57047,40.78087],[-73.5702,40.78013],[-73.56698,40.78083],[-73.56709,40.78101],[-73.56756,40.7836],[-73.56601,40.78397],[-73.56577,40.7842],[-73.56607,40.7848],[-73.56569,40.78504],[-73.5658,40.78525],[-73.56583,40.78571],[-73.5662,40.78584],[-73.56611,40.78638],[-73.56637,40.78783],[-73.56617,40.78831],[-73.56514,40.78828],[-73.56419,40.7888],[-73.56302,40.78921],[-73.56437,40.79124],[-73.56049,40.79207],[-73.56148,40.7961],[-73.56141,40.79626],[-73.55274,40.79715],[-73.55207,40.79731],[-73.55145,40.79758],[-73.54847,40.79901],[-73.54943,40.79972],[-73.54989,40.80025],[-73.5634,40.7966],[-73.56503,40.79852],[-73.5657,40.79886],[-73.56578,40.79835],[-73.5665,40.79789],[-73.57303,40.80297],[-73.5728,40.80326],[-73.57194,40.80607],[-73.57227,40.8062],[-73.57417,40.8062],[-73.57537,40.8054],[-73.57697,40.8053],[-73.57637,40.8046],[-73.57777,40.8028],[-73.58176,40.79836]]]},"properties":{"geoid":"36059982100","county":"059","county_name":"Nassau","utility":"psegli","utility_split":false,"homes":16,"homes_source":"acs_est","multifamily_5plus_lots":null,"median_income":null,"income_band":null,"low_income_share":1,"median_year_built":null,"pre1980":1,"owner":1,"fuel":{"gas":0.25,"propane":0,"electric":0,"oil":0.75,"other":0,"none":0},"dac":false,"dac_share":0,"score":73,"parts":{"volume":10.6,"fuel":20.3,"age":20,"owner":15,"incentive":7.5},"gaps":[]}},{"type":"Feature","geometry":{"type":"Polygon","coordinates":[[[-73.86702,40.68683],[-73.8666,40.68527],[-73.8663,40.68319],[-73.86048,40.68484],[-73.86135,40.68869],[-73.86306,40.68847],[-73.86291,40.6878],[-73.86559,40.68743],[-73.86702,40.68683]]]},"properties":{"geoid":"36081000600","county":"081","county_name":"Queens","utility":"coned","utility_split":false,"homes":635,"homes_source":"pluto","multifamily_5plus_lots":1,"median_income":101042,"income_band":"100–150k","low_income_share":0.49,"median_year_built":1938,"pre1980":0.84,"owner":0.49,"fuel":{"gas":0.78,"propane":0.05,"electric":0.11,"oil":0.04,"other":0.02,"none":0},"dac":true,"dac_share":1,"score":72,"parts":{"volume":24.1,"fuel":8.7,"age":16.8,"owner":7.3,"incentive":15},"gaps":[]}},{"type":"Feature","geometry":{"type":"Polygon","coordinates":[[[-73.86379,40.68111],[-73.86335,40.67935],[-73.85198,40.68256],[-73.8528,40.68425],[-73.86379,40.68111]]]},"properties":{"geoid":"36081004200","county":"081","county_name":"Queens","utility":"coned","utility_split":false,"homes":523,"homes_source":"pluto","multifamily_5plus_lots":13,"median_income":67270,"income_band":"60–100k","low_income_share":0.58,"median_year_built":1941,"pre1980":0.98,"owner":0.45,"fuel":{"gas":0.86,"propane":0,"electric":0.03,"oil":0.07,"other":0.01,"none":0.03},"dac":true,"dac_share":1,"score":72,"parts":{"volume":23.4,"fuel":7.7,"age":19.6,"owner":6.7,"incentive":15},"gaps":[]}},{"type":"Feature","geometry":{"type":"Polygon","coordinates":[[[-73.91997,40.78264],[-73.91238,40.77731],[-73.91015,40.77915],[-73.91711,40.78406],[-73.91668,40.78437],[-73.91593,40.78537],[-73.91524,40.78604],[-73.91534,40.78612],[-73.9154,40.78606],[-73.91575,40.78611],[-73.91683,40.78519],[-73.91718,40.78455],[-73.91717,40.78419],[-73.91819,40.78393],[-73.91909,40.78337],[-73.91997,40.78264]]]},"properties":{"geoid":"36081010300","county":"081","county_name":"Queens","utility":"coned","utility_split":false,"homes":399,"homes_source":"pluto","multifamily_5plus_lots":63,"median_income":84821,"income_band":"60–100k","low_income_share":0.57,"median_year_built":1948,"pre1980":0.96,"owner":0.23,"fuel":{"gas":0.57,"propane":0.05,"electric":0.14,"oil":0.19,"other":0.05,"none":0},"dac":true,"dac_share":1,"score":72,"parts":{"volume":22.4,"fuel":12,"age":19.2,"owner":3.4,"incentive":15},"gaps":[]}},{"type":"Feature","geometry":{"type":"Polygon","coordinates":[[[-73.84344,40.69519],[-73.84105,40.69028],[-73.83868,40.69096],[-73.83942,40.69275],[-73.83839,40.69305],[-73.83963,40.69553],[-73.84114,40.69528],[-73.84344,40.69519]]]},"properties":{"geoid":"36081012602","county":"081","county_name":"Queens","utility":"coned","utility_split":false,"homes":401,"homes_source":"pluto","multifamily_5plus_lots":6,"median_income":79531,"income_band":"60–100k","low_income_share":0.65,"median_year_built":1940,"pre1980":0.9,"owner":0.52,"fuel":{"gas":0.82,"propane":0.05,"electric":0.07,"oil":0.06,"other":0,"none":0},"dac":true,"dac_share":1,"score":72,"parts":{"volume":22.4,"fuel":8.7,"age":17.9,"owner":7.7,"incentive":15},"gaps":[]}},{"type":"Feature","geometry":{"type":"Polygon","coordinates":[[[-73.82797,40.69399],[-73.82718,40.69238],[-73.81571,40.69564],[-73.81617,40.69658],[-73.82085,40.69535],[-73.82107,40.69578],[-73.82477,40.69472],[-73.82797,40.69399]]]},"properties":{"geoid":"36081014800","county":"081","county_name":"Queens","utility":"coned","utility_split":false,"homes":322,"homes_source":"pluto","multifamily_5plus_lots":1,"median_income":null,"income_band":null,"low_income_share":0.57,"median_year_built":1938,"pre1980":0.88,"owner":0.65,"fuel":{"gas":0.86,"propane":0.06,"electric":0.07,"oil":0,"other":0.02,"none":0},"dac":true,"dac_share":1,"score":72,"parts":{"volume":21.6,"fuel":7.9,"age":17.6,"owner":9.8,"incentive":15},"gaps":[]}},{"type":"Feature","geometry":{"type":"Polygon","coordinates":[[[-73.81436,40.67651],[-73.81387,40.67548],[-73.81176,40.67529],[-73.81169,40.67516],[-73.81156,40.67527],[-73.80978,40.67511],[-73.80974,40.67524],[-73.80999,40.67576],[-73.80336,40.67764],[-73.80424,40.67942],[-73.81436,40.67651]]]},"properties":{"geoid":"36081017800","county":"081","county_name":"Queens","utility":"coned","utility_split":false,"homes":405,"homes_source":"pluto","multifamily_5plus_lots":1,"median_income":90096,"income_band":"60–100k","low_income_share":0.59,"median_year_built":1938,"pre1980":0.83,"owner":0.68,"fuel":{"gas":0.89,"propane":0.03,"electric":0.04,"oil":0.03,"other":0,"none":0},"dac":true,"dac_share":1,"score":72,"parts":{"volume":22.5,"fuel":7.7,"age":16.7,"owner":10.2,"incentive":15},"gaps":[]}},{"type":"Feature","geometry":{"type":"Polygon","coordinates":[[[-73.81924,40.70842],[-73.81946,40.7084],[-73.8191,40.70775],[-73.81902,40.70738],[-73.81819,40.70595],[-73.81648,40.70245],[-73.81399,40.70254],[-73.81302,40.70249],[-73.81153,40.70227],[-73.81216,40.70705],[-73.81306,40.70698],[-73.81342,40.70971],[-73.81561,40.70955],[-73.81597,40.70963],[-73.81642,40.70987],[-73.81704,40.70956],[-73.8178,40.70934],[-73.81881,40.70882],[-73.81915,40.70843],[-73.81924,40.70842]]]},"properties":{"geoid":"36081021400","county":"081","county_name":"Queens","utility":"coned","utility_split":false,"homes":535,"homes_source":"pluto","multifamily_5plus_lots":24,"median_income":87356,"income_band":"60–100k","low_income_share":0.62,"median_year_built":1949,"pre1980":1,"owner":0.36,"fuel":{"gas":0.83,"propane":0.02,"electric":0.01,"oil":0.08,"other":0.01,"none":0.04},"dac":true,"dac_share":1,"score":72,"parts":{"volume":23.5,"fuel":8,"age":20,"owner":5.4,"incentive":15},"gaps":[]}},{"type":"Feature","geometry":{"type":"Polygon","coordinates":[[[-73.86675,40.76609],[-73.86749,40.76569],[-73.8635,40.76156],[-73.86156,40.76265],[-73.8612,40.76214],[-73.86052,40.76143],[-73.85976,40.76184],[-73.85982,40.76226],[-73.86094,40.76373],[-73.86312,40.7663],[-73.86408,40.76575],[-73.86527,40.76694],[-73.86675,40.76609]]]},"properties":{"geoid":"36081037100","county":"081","county_name":"Queens","utility":"coned","utility_split":false,"homes":298,"homes_source":"pluto","multifamily_5plus_lots":0,"median_income":81607,"income_band":"60–100k","low_income_share":0.64,"median_year_built":1940,"pre1980":0.88,"owner":0.68,"fuel":{"gas":0.89,"propane":0.01,"electric":0.04,"oil":0.06,"other":0,"none":0},"dac":true,"dac_share":1,"score":72,"parts":{"volume":21.3,"fuel":7.8,"age":17.6,"owner":10.3,"incentive":15},"gaps":[]}},{"type":"Feature","geometry":{"type":"Polygon","coordinates":[[[-73.86191,40.7578],[-73.86121,40.75393],[-73.85845,40.75394],[-73.85781,40.75401],[-73.8558,40.75441],[-73.85313,40.75511],[-73.85335,40.75601],[-73.85372,40.75697],[-73.85421,40.75787],[-73.85464,40.75847],[-73.85856,40.75791],[-73.86191,40.7578]]]},"properties":{"geoid":"36081038100","county":"081","county_name":"Queens","utility":"coned","utility_split":false,"homes":479,"homes_source":"pluto","multifamily_5plus_lots":23,"median_income":83654,"income_band":"60–100k","low_income_share":0.6,"median_year_built":1956,"pre1980":0.92,"owner":0.36,"fuel":{"gas":0.8,"propane":0,"electric":0.02,"oil":0.18,"other":0,"none":0},"dac":true,"dac_share":1,"score":72,"parts":{"volume":23.1,"fuel":9.7,"age":18.5,"owner":5.5,"incentive":15},"gaps":[]}},{"type":"Feature","geometry":{"type":"Polygon","coordinates":[[[-73.85325,40.77826],[-73.8605,40.77898],[-73.8529,40.77546],[-73.85264,40.77208],[-73.84886,40.77201],[-73.8488,40.77321],[-73.8446,40.77306],[-73.84454,40.77439],[-73.84362,40.77436],[-73.84339,40.77861],[-73.83976,40.77862],[-73.8396,40.78169],[-73.84141,40.78169],[-73.8415,40.78015],[-73.84933,40.78014],[-73.84953,40.77948],[-73.84955,40.77909],[-73.84969,40.77917],[-73.85325,40.77826]]]},"properties":{"geoid":"36081091900","county":"081","county_name":"Queens","utility":"coned","utility_split":false,"homes":830,"homes_source":"pluto","multifamily_5plus_lots":16,"median_income":106612,"income_band":"100–150k","low_income_share":0.49,"median_year_built":1959,"pre1980":0.7,"owner":0.6,"fuel":{"gas":0.8,"propane":0.02,"electric":0.12,"oil":0.06,"other":0,"none":0},"dac":true,"dac_share":1,"score":72,"parts":{"volume":25,"fuel":8.6,"age":13.9,"owner":9,"incentive":15},"gaps":[]}},{"type":"Feature","geometry":{"type":"Polygon","coordinates":[[[-73.70434,40.75646],[-73.70362,40.75479],[-73.70163,40.75249],[-73.70072,40.75159],[-73.69903,40.74972],[-73.69732,40.74695],[-73.6953,40.745],[-73.69438,40.744],[-73.69186,40.74094],[-73.69088,40.73951],[-73.69007,40.73817],[-73.68965,40.7373],[-73.68538,40.73819],[-73.68215,40.73899],[-73.68247,40.7396],[-73.68295,40.74094],[-73.68233,40.74109],[-73.68243,40.74178],[-73.6827,40.74244],[-73.6832,40.7444],[-73.6842,40.74488],[-73.68778,40.75479],[-73.6882,40.75577],[-73.69005,40.75662],[-73.69289,40.75754],[-73.69358,40.75772],[-73.69682,40.75828],[-73.6982,40.75689],[-73.70434,40.75646]]]},"properties":{"geoid":"36059302800","county":"059","county_name":"Nassau","utility":"psegli","utility_split":false,"homes":1810,"homes_source":"acs_est","multifamily_5plus_lots":null,"median_income":153073,"income_band":"150k+","low_income_share":0.22,"median_year_built":1950,"pre1980":0.94,"owner":0.98,"fuel":{"gas":0.7,"propane":0.08,"electric":0.07,"oil":0.16,"other":0,"none":0},"dac":false,"dac_share":0,"score":72,"parts":{"volume":25,"fuel":11.1,"age":18.9,"owner":14.8,"incentive":1.7},"gaps":[]}},{"type":"Feature","geometry":{"type":"Polygon","coordinates":[[[-73.65516,40.76287],[-73.65511,40.76216],[-73.65494,40.76218],[-73.65494,40.76199],[-73.65431,40.76206],[-73.65425,40.76181],[-73.65346,40.75709],[-73.65376,40.75706],[-73.65359,40.75703],[-73.65345,40.75657],[-73.65389,40.75652],[-73.65371,40.75581],[-73.65359,40.75576],[-73.65321,40.75403],[-73.65056,40.75446],[-73.64786,40.75527],[-73.64511,40.75626],[-73.64548,40.75827],[-73.64544,40.75985],[-73.64557,40.76021],[-73.6461,40.76107],[-73.64712,40.76534],[-73.64808,40.76502],[-73.64852,40.76476],[-73.64857,40.76455],[-73.64942,40.76421],[-73.65097,40.763],[-73.65516,40.76287]]]},"properties":{"geoid":"36059303301","county":"059","county_name":"Nassau","utility":"psegli","utility_split":false,"homes":917,"homes_source":"acs_est","multifamily_5plus_lots":null,"median_income":145288,"income_band":"100–150k","low_income_share":0.39,"median_year_built":1938,"pre1980":0.98,"owner":0.93,"fuel":{"gas":0.77,"propane":0.02,"electric":0.04,"oil":0.18,"other":0,"none":0},"dac":false,"dac_share":0,"score":72,"parts":{"volume":25,"fuel":10.2,"age":19.6,"owner":13.9,"incentive":2.9},"gaps":[]}},{"type":"Feature","geometry":{"type":"Polygon","coordinates":[[[-73.68197,40.69906],[-73.68211,40.6984],[-73.67603,40.69591],[-73.67426,40.69843],[-73.67384,40.69826],[-73.67374,40.70065],[-73.66397,40.70042],[-73.66247,40.70176],[-73.66117,40.70276],[-73.66103,40.70273],[-73.66121,40.70441],[-73.66124,40.70634],[-73.66334,40.70661],[-73.67056,40.70694],[-73.67595,40.70746],[-73.67761,40.70386],[-73.67788,40.70354],[-73.68135,40.70089],[-73.68168,40.7004],[-73.68197,40.69906]]]},"properties":{"geoid":"36059405500","county":"059","county_name":"Nassau","utility":"psegli","utility_split":false,"homes":1692,"homes_source":"acs_est","multifamily_5plus_lots":null,"median_income":125428,"income_band":"100–150k","low_income_share":0.37,"median_year_built":1948,"pre1980":0.94,"owner":0.93,"fuel":{"gas":0.71,"propane":0.06,"electric":0.01,"oil":0.21,"other":0,"none":0},"dac":false,"dac_share":0,"score":72,"parts":{"volume":25,"fuel":11.5,"age":18.7,"owner":14,"incentive":2.8},"gaps":[]}},{"type":"Feature","geometry":{"type":"Polygon","coordinates":[[[-73.66124,40.70634],[-73.66121,40.70441],[-73.66092,40.70176],[-73.66054,40.69913],[-73.66005,40.69702],[-73.66005,40.69586],[-73.66043,40.69438],[-73.66062,40.69269],[-73.66061,40.69206],[-73.65798,40.69184],[-73.6575,40.69278],[-73.65708,40.69332],[-73.65604,40.69416],[-73.65548,40.69488],[-73.6526,40.69808],[-73.65182,40.69885],[-73.65099,40.69949],[-73.64704,40.70125],[-73.64362,40.70222],[-73.64181,40.70291],[-73.63791,40.70449],[-73.63731,40.7049],[-73.63806,40.7048],[-73.64413,40.70504],[-73.65179,40.70505],[-73.65345,40.70512],[-73.65848,40.70579],[-73.66124,40.70634]]]},"properties":{"geoid":"36059406001","county":"059","county_name":"Nassau","utility":"psegli","utility_split":false,"homes":1614,"homes_source":"acs_est","multifamily_5plus_lots":null,"median_income":164194,"income_band":"150k+","low_income_share":0.34,"median_year_built":1947,"pre1980":0.99,"owner":0.91,"fuel":{"gas":0.74,"propane":0.01,"electric":0.04,"oil":0.19,"other":0,"none":0.01},"dac":false,"dac_share":0,"score":72,"parts":{"volume":25,"fuel":10.4,"age":19.8,"owner":13.7,"incentive":2.6},"gaps":[]}},{"type":"Feature","geometry":{"type":"Polygon","coordinates":[[[-73.7688,40.62403],[-73.76884,40.62395],[-73.76855,40.62315],[-73.76757,40.62148],[-73.76672,40.615],[-73.76524,40.61494],[-73.76002,40.61135],[-73.75723,40.61099],[-73.7552,40.61059],[-73.75473,40.6104],[-73.75346,40.61052],[-73.75266,40.61463],[-73.75254,40.61503],[-73.7518,40.61661],[-73.75005,40.61682],[-73.74664,40.61697],[-73.74657,40.61887],[-73.74553,40.61865],[-73.7445,40.61854],[-73.74104,40.61868],[-73.73674,40.61835],[-73.73514,40.61867],[-73.73231,40.61955],[-73.73604,40.62547],[-73.73734,40.62869],[-73.73553,40.62924],[-73.73563,40.6295],[-73.73544,40.62958],[-73.73547,40.62981],[-73.73565,40.62995],[-73.73565,40.63013],[-73.73644,40.63187],[-73.73644,40.63231],[-73.73636,40.63236],[-73.73717,40.63305],[-73.73788,40.63272],[-73.73863,40.63267],[-73.73989,40.6323],[-73.74001,40.6321],[-73.74127,40.63104],[-73.74169,40.6309],[-73.7443,40.63151],[-73.748,40.63463],[-73.76742,40.62661],[-73.76776,40.62611],[-73.76778,40.62591],[-73.76825,40.6254],[-73.76833,40.6251],[-73.7686,40.62473],[-73.76865,40.62447],[-73.76876,40.62435],[-73.7688,40.62403]]]},"properties":{"geoid":"36059411000","county":"059","county_name":"Nassau","utility":"psegli","utility_split":false,"homes":1561,"homes_source":"acs_est","multifamily_5plus_lots":null,"median_income":97301,"income_band":"60–100k","low_income_share":0.53,"median_year_built":1948,"pre1980":0.84,"owner":0.65,"fuel":{"gas":0.78,"propane":0.03,"electric":0.06,"oil":0.11,"other":0.03,"none":0},"dac":true,"dac_share":1,"score":72,"parts":{"volume":25,"fuel":9.3,"age":16.8,"owner":9.8,"incentive":11.5},"gaps":[]}},{"type":"Feature","geometry":{"type":"Polygon","coordinates":[[[-73.63271,40.69026],[-73.63277,40.69003],[-73.63168,40.68994],[-73.631,40.68973],[-73.6309,40.68943],[-73.63036,40.68879],[-73.62457,40.68707],[-73.62439,40.68718],[-73.62511,40.68569],[-73.62631,40.68405],[-73.62704,40.6826],[-73.62758,40.68214],[-73.62825,40.68172],[-73.6289,40.68114],[-73.63007,40.6806],[-73.63084,40.67988],[-73.63121,40.67927],[-73.63031,40.67905],[-73.63052,40.67833],[-73.6286,40.67781],[-73.62897,40.677],[-73.62927,40.677],[-73.63098,40.6724],[-73.62696,40.67133],[-73.62624,40.67346],[-73.62593,40.6751],[-73.62117,40.67445],[-73.62109,40.67634],[-73.62068,40.67668],[-73.62082,40.67771],[-73.62079,40.67875],[-73.61946,40.67888],[-73.61977,40.68037],[-73.61498,40.68094],[-73.61518,40.68291],[-73.61519,40.6838],[-73.61435,40.68814],[-73.61498,40.68822],[-73.61497,40.6878],[-73.61583,40.68787],[-73.61636,40.68761],[-73.61659,40.6877],[-73.61738,40.68763],[-73.61965,40.6877],[-73.62117,40.68791],[-73.62109,40.68821],[-73.62171,40.68829],[-73.62182,40.688],[-73.62381,40.68822],[-73.63012,40.68995],[-73.63076,40.69017],[-73.63075,40.6903],[-73.63092,40.69038],[-73.63204,40.69068],[-73.63264,40.69061],[-73.63271,40.69026]]]},"properties":{"geoid":"36059412800","county":"059","county_name":"Nassau","utility":"psegli","utility_split":false,"homes":1162,"homes_source":"acs_est","multifamily_5plus_lots":null,"median_income":156023,"income_band":"150k+","low_income_share":0.28,"median_year_built":1954,"pre1980":0.94,"owner":0.96,"fuel":{"gas":0.7,"propane":0.06,"electric":0.02,"oil":0.22,"other":0,"none":0},"dac":false,"dac_share":0,"score":72,"parts":{"volume":25,"fuel":11.6,"age":18.7,"owner":14.4,"incentive":2.1},"gaps":[]}},{"type":"Feature","geometry":{"type":"Polygon","coordinates":[[[-73.64097,40.63001],[-73.641,40.62969],[-73.63778,40.62977],[-73.63519,40.62998],[-73.63432,40.63008],[-73.63198,40.63061],[-73.62851,40.63127],[-73.62709,40.63218],[-73.62526,40.6336],[-73.62141,40.6377],[-73.61861,40.63785],[-73.61689,40.63818],[-73.61726,40.63984],[-73.61713,40.6419],[-73.61728,40.64336],[-73.61724,40.64367],[-73.61672,40.64442],[-73.61628,40.64558],[-73.6162,40.64621],[-73.61625,40.64643],[-73.61601,40.64665],[-73.616,40.64692],[-73.61802,40.64626],[-73.61892,40.64612],[-73.6211,40.64598],[-73.62278,40.64561],[-73.62362,40.64531],[-73.62696,40.64477],[-73.62825,40.64489],[-73.6339,40.64504],[-73.63405,40.6434],[-73.63396,40.64144],[-73.63378,40.6403],[-73.63378,40.63884],[-73.63385,40.63844],[-73.63418,40.63805],[-73.63549,40.63743],[-73.63609,40.63677],[-73.63634,40.63619],[-73.63641,40.63488],[-73.6377,40.63522],[-73.64041,40.63577],[-73.64065,40.63423],[-73.64097,40.63001]]]},"properties":{"geoid":"36059413300","county":"059","county_name":"Nassau","utility":"psegli","utility_split":false,"homes":2338,"homes_source":"acs_est","multifamily_5plus_lots":null,"median_income":165903,"income_band":"150k+","low_income_share":0.29,"median_year_built":1953,"pre1980":0.96,"owner":1,"fuel":{"gas":0.73,"propane":0.04,"electric":0.03,"oil":0.19,"other":0,"none":0},"dac":false,"dac_share":0,"score":72,"parts":{"volume":25,"fuel":10.9,"age":19.2,"owner":15,"incentive":2.1},"gaps":[]}},{"type":"Feature","geometry":{"type":"Polygon","coordinates":[[[-73.61699,40.63669],[-73.61704,40.63624],[-73.6168,40.63533],[-73.61593,40.6333],[-73.61596,40.6328],[-73.61644,40.6318],[-73.61634,40.62995],[-73.61675,40.62952],[-73.61668,40.62899],[-73.61367,40.6247],[-73.61067,40.6213],[-73.60517,40.6197],[-73.60177,40.6194],[-73.60183,40.62257],[-73.60178,40.62407],[-73.60159,40.62412],[-73.60089,40.62475],[-73.60116,40.62503],[-73.60147,40.62581],[-73.60153,40.62618],[-73.60142,40.62689],[-73.60156,40.62734],[-73.60403,40.63128],[-73.60098,40.63212],[-73.60144,40.63299],[-73.60397,40.63669],[-73.60441,40.63875],[-73.60502,40.64016],[-73.60698,40.6399],[-73.61267,40.63855],[-73.61574,40.63839],[-73.61689,40.63818],[-73.61682,40.63785],[-73.61699,40.63669]]]},"properties":{"geoid":"36059413803","county":"059","county_name":"Nassau","utility":"psegli","utility_split":false,"homes":1447,"homes_source":"acs_est","multifamily_5plus_lots":null,"median_income":146573,"income_band":"100–150k","low_income_share":0.22,"median_year_built":1956,"pre1980":0.92,"owner":0.95,"fuel":{"gas":0.61,"propane":0.02,"electric":0.02,"oil":0.33,"other":0,"none":0.02},"dac":false,"dac_share":0,"score":72,"parts":{"volume":25,"fuel":12.7,"age":18.5,"owner":14.2,"incentive":1.6},"gaps":[]}},{"type":"Feature","geometry":{"type":"Polygon","coordinates":[[[-73.58771,40.67854],[-73.58777,40.67798],[-73.58495,40.67657],[-73.58307,40.67477],[-73.58117,40.67274],[-73.57781,40.6699],[-73.57464,40.66792],[-73.57249,40.66567],[-73.5713,40.66546],[-73.56858,40.66523],[-73.56861,40.66624],[-73.56904,40.66852],[-73.56948,40.66975],[-73.57073,40.67259],[-73.57163,40.6754],[-73.57206,40.67768],[-73.57224,40.67998],[-73.57584,40.67959],[-73.57926,40.67978],[-73.58106,40.68015],[-73.58629,40.67986],[-73.58733,40.67935],[-73.58763,40.67932],[-73.58771,40.67854]]]},"properties":{"geoid":"36059414002","county":"059","county_name":"Nassau","utility":"psegli","utility_split":false,"homes":1187,"homes_source":"acs_est","multifamily_5plus_lots":null,"median_income":142974,"income_band":"100–150k","low_income_share":0.33,"median_year_built":1961,"pre1980":0.7,"owner":0.75,"fuel":{"gas":0.67,"propane":0.02,"electric":0.03,"oil":0.28,"other":0,"none":0},"dac":true,"dac_share":1,"score":72,"parts":{"volume":25,"fuel":12,"age":14,"owner":11.2,"incentive":10},"gaps":[]}},{"type":"Feature","geometry":{"type":"Polygon","coordinates":[[[-73.56301,40.69012],[-73.55752,40.67672],[-73.55519,40.67671],[-73.55291,40.6756],[-73.54953,40.67431],[-73.54966,40.67545],[-73.54958,40.67789],[-73.54896,40.69054],[-73.54882,40.69055],[-73.54938,40.69133],[-73.55072,40.69244],[-73.55275,40.69093],[-73.5537,40.69048],[-73.55464,40.69021],[-73.556,40.69006],[-73.55895,40.69025],[-73.56301,40.69012]]]},"properties":{"geoid":"36059414700","county":"059","county_name":"Nassau","utility":"psegli","utility_split":false,"homes":1547,"homes_source":"acs_est","multifamily_5plus_lots":null,"median_income":145221,"income_band":"100–150k","low_income_share":0.36,"median_year_built":1954,"pre1980":0.9,"owner":0.91,"fuel":{"gas":0.61,"propane":0,"electric":0.01,"oil":0.33,"other":0.06,"none":0},"dac":false,"dac_share":0,"score":72,"parts":{"volume":25,"fuel":12.8,"age":17.9,"owner":13.7,"incentive":2.7},"gaps":[]}},{"type":"Feature","geometry":{"type":"Polygon","coordinates":[[[-73.55072,40.69244],[-73.54938,40.69133],[-73.54882,40.69055],[-73.54896,40.69054],[-73.54958,40.67789],[-73.54966,40.67545],[-73.54953,40.67431],[-73.54814,40.67434],[-73.54579,40.67461],[-73.54432,40.67414],[-73.53769,40.6761],[-73.53654,40.67616],[-73.53455,40.67671],[-73.53173,40.677],[-73.53041,40.67729],[-73.53245,40.67945],[-73.53278,40.6799],[-73.53344,40.68184],[-73.53366,40.68336],[-73.53679,40.68545],[-73.54032,40.69281],[-73.54062,40.69333],[-73.54114,40.69391],[-73.54146,40.69441],[-73.54187,40.69453],[-73.54514,40.69393],[-73.54862,40.69347],[-73.5497,40.6931],[-73.55072,40.69244]]]},"properties":{"geoid":"36059414800","county":"059","county_name":"Nassau","utility":"psegli","utility_split":false,"homes":2208,"homes_source":"acs_est","multifamily_5plus_lots":null,"median_income":130500,"income_band":"100–150k","low_income_share":0.37,"median_year_built":1957,"pre1980":0.87,"owner":0.84,"fuel":{"gas":0.5,"propane":0.02,"electric":0.11,"oil":0.37,"other":0,"none":0},"dac":false,"dac_share":0,"score":72,"parts":{"volume":25,"fuel":14.2,"age":17.5,"owner":12.6,"incentive":2.7},"gaps":[]}},{"type":"Feature","geometry":{"type":"Polygon","coordinates":[[[-73.54187,40.69453],[-73.54146,40.69441],[-73.54043,40.69302],[-73.53679,40.68545],[-73.53366,40.68336],[-73.53344,40.68184],[-73.53278,40.6799],[-73.53245,40.67945],[-73.53041,40.67729],[-73.52513,40.67971],[-73.52468,40.68001],[-73.52236,40.68205],[-73.5221,40.68218],[-73.5211,40.68243],[-73.52977,40.69858],[-73.5302,40.69994],[-73.53202,40.69962],[-73.53317,40.69924],[-73.534,40.69887],[-73.53647,40.6975],[-73.53993,40.6952],[-73.54068,40.69488],[-73.54187,40.69453]]]},"properties":{"geoid":"36059414900","county":"059","county_name":"Nassau","utility":"psegli","utility_split":false,"homes":2172,"homes_source":"acs_est","multifamily_5plus_lots":null,"median_income":193438,"income_band":"150k+","low_income_share":0.21,"median_year_built":1958,"pre1980":0.85,"owner":0.95,"fuel":{"gas":0.55,"propane":0.02,"electric":0.01,"oil":0.42,"other":0,"none":0},"dac":false,"dac_share":0,"score":72,"parts":{"volume":25,"fuel":14.5,"age":17,"owner":14.2,"incentive":1.5},"gaps":[]}},{"type":"Feature","geometry":{"type":"Polygon","coordinates":[[[-73.51021,40.673],[-73.51024,40.67287],[-73.49868,40.67467],[-73.49379,40.67526],[-73.49466,40.67785],[-73.49504,40.67935],[-73.49554,40.68261],[-73.49563,40.68485],[-73.49557,40.68648],[-73.49539,40.68811],[-73.49483,40.6909],[-73.49591,40.69128],[-73.49727,40.69222],[-73.49737,40.69213],[-73.49856,40.69285],[-73.5006,40.69347],[-73.50092,40.69371],[-73.50257,40.69384],[-73.50769,40.69354],[-73.50797,40.69195],[-73.50827,40.69082],[-73.50943,40.68799],[-73.51,40.68466],[-73.51008,40.68315],[-73.50974,40.67976],[-73.50971,40.67835],[-73.50978,40.67662],[-73.51021,40.673]]]},"properties":{"geoid":"36059415802","county":"059","county_name":"Nassau","utility":"psegli","utility_split":false,"homes":2155,"homes_source":"acs_est","multifamily_5plus_lots":null,"median_income":183178,"income_band":"150k+","low_income_share":0.16,"median_year_built":1955,"pre1980":0.92,"owner":0.95,"fuel":{"gas":0.6,"propane":0,"electric":0.01,"oil":0.36,"other":0.03,"none":0},"dac":false,"dac_share":0,"score":72,"parts":{"volume":25,"fuel":13.2,"age":18.3,"owner":14.3,"incentive":1.2},"gaps":[]}},{"type":"Feature","geometry":{"type":"Polygon","coordinates":[[[-73.52455,40.84129],[-73.52456,40.83978],[-73.52403,40.83892],[-73.52167,40.8391],[-73.52087,40.8379],[-73.52035,40.83789],[-73.52053,40.83667],[-73.52137,40.8366],[-73.52127,40.833],[-73.51967,40.8315],[-73.5153,40.83326],[-73.51273,40.8344],[-73.5106,40.83232],[-73.50971,40.83129],[-73.50609,40.82662],[-73.50684,40.82625],[-73.50679,40.82576],[-73.50661,40.82455],[-73.50575,40.82404],[-73.50778,40.82368],[-73.50715,40.82196],[-73.50671,40.82138],[-73.50647,40.82031],[-73.50662,40.82012],[-73.50943,40.81986],[-73.50997,40.81923],[-73.51436,40.81243],[-73.51441,40.81179],[-73.51413,40.80948],[-73.51042,40.81006],[-73.50742,40.81028],[-73.50184,40.81028],[-73.50135,40.81398],[-73.50112,40.81671],[-73.50168,40.81846],[-73.50187,40.8194],[-73.50229,40.8235],[-73.50234,40.82435],[-73.5019,40.82531],[-73.50119,40.82616],[-73.50067,40.82634],[-73.49435,40.82768],[-73.49385,40.82787],[-73.49379,40.8281],[-73.49412,40.83144],[-73.49397,40.83201],[-73.49379,40.83233],[-73.49343,40.8327],[-73.49009,40.83474],[-73.48958,40.83492],[-73.48693,40.83533],[-73.48541,40.8357],[-73.48445,40.83617],[-73.48364,40.83693],[-73.48558,40.83899],[-73.4867,40.83939],[-73.48939,40.84223],[-73.48939,40.84256],[-73.489,40.84312],[-73.49007,40.84336],[-73.49036,40.84224],[-73.48977,40.84214],[-73.48982,40.84174],[-73.49042,40.84163],[-73.49009,40.84063],[-73.48945,40.83653],[-73.49671,40.83403],[-73.49714,40.83492],[-73.49765,40.83649],[-73.49878,40.83658],[-73.49949,40.83652],[-73.49985,40.83897],[-73.50126,40.83893],[-73.50136,40.83944],[-73.50419,40.83911],[-73.50468,40.84148],[-73.51158,40.84101],[-73.51261,40.84071],[-73.51516,40.83979],[-73.51536,40.8405],[-73.5156,40.84079],[-73.51603,40.84108],[-73.51639,40.84116],[-73.51753,40.84093],[-73.51856,40.84117],[-73.52144,40.84255],[-73.52253,40.84338],[-73.52454,40.84321],[-73.52455,40.84129]]]},"properties":{"geoid":"36059518300","county":"059","county_name":"Nassau","utility":"psegli","utility_split":false,"homes":1787,"homes_source":"acs_est","multifamily_5plus_lots":null,"median_income":199621,"income_band":"150k+","low_income_share":0.33,"median_year_built":1959,"pre1980":0.84,"owner":0.84,"fuel":{"gas":0.5,"propane":0.04,"electric":0.05,"oil":0.41,"other":0,"none":0},"dac":false,"dac_share":0,"score":72,"parts":{"volume":25,"fuel":15,"age":16.8,"owner":12.5,"incentive":2.5},"gaps":[]}},{"type":"Feature","geometry":{"type":"Polygon","coordinates":[[[-73.50234,40.82435],[-73.50187,40.8194],[-73.50168,40.81846],[-73.50112,40.81671],[-73.50135,40.81398],[-73.50184,40.81028],[-73.4997,40.81032],[-73.49163,40.81178],[-73.49159,40.81228],[-73.49132,40.81264],[-73.49055,40.8141],[-73.49042,40.81511],[-73.48997,40.81682],[-73.49001,40.81735],[-73.48977,40.82054],[-73.48899,40.82044],[-73.48785,40.82054],[-73.48733,40.82068],[-73.48549,40.82143],[-73.48338,40.82176],[-73.47977,40.8226],[-73.48047,40.82443],[-73.48107,40.82839],[-73.4823,40.83232],[-73.48341,40.83614],[-73.48349,40.83663],[-73.48364,40.83693],[-73.48445,40.83617],[-73.48541,40.8357],[-73.48693,40.83533],[-73.48958,40.83492],[-73.49009,40.83474],[-73.49313,40.83291],[-73.49379,40.83233],[-73.49409,40.83165],[-73.49411,40.83116],[-73.49379,40.8281],[-73.49385,40.82787],[-73.49435,40.82768],[-73.50007,40.82648],[-73.50119,40.82616],[-73.5019,40.82531],[-73.50234,40.82435]]]},"properties":{"geoid":"36059518400","county":"059","county_name":"Nassau","utility":"psegli","utility_split":false,"homes":1405,"homes_source":"acs_est","multifamily_5plus_lots":null,"median_income":173750,"income_band":"150k+","low_income_share":0.32,"median_year_built":1963,"pre1980":0.72,"owner":0.98,"fuel":{"gas":0.36,"propane":0.03,"electric":0.22,"oil":0.38,"other":0,"none":0.01},"dac":false,"dac_share":0,"score":72,"parts":{"volume":25,"fuel":15.3,"age":14.5,"owner":14.7,"incentive":2.4},"gaps":[]}},{"type":"Feature","geometry":{"type":"Polygon","coordinates":[[[-73.51907,40.77114],[-73.51971,40.77074],[-73.51683,40.76837],[-73.50121,40.7697],[-73.503,40.78276],[-73.50901,40.77807],[-73.51677,40.77257],[-73.51907,40.77114]]]},"properties":{"geoid":"36059519400","county":"059","county_name":"Nassau","utility":"psegli","utility_split":false,"homes":1450,"homes_source":"acs_est","multifamily_5plus_lots":null,"median_income":128344,"income_band":"100–150k","low_income_share":0.22,"median_year_built":1954,"pre1980":0.96,"owner":0.93,"fuel":{"gas":0.68,"propane":0,"electric":0.02,"oil":0.27,"other":0.01,"none":0.01},"dac":false,"dac_share":0,"score":72,"parts":{"volume":25,"fuel":11.6,"age":19.2,"owner":14,"incentive":1.7},"gaps":[]}},{"type":"Feature","geometry":{"type":"Polygon","coordinates":[[[-73.48207,40.67721],[-73.48207,40.6761],[-73.46396,40.67737],[-73.46176,40.67744],[-73.46031,40.6811],[-73.46343,40.68147],[-73.46489,40.68143],[-73.46446,40.68178],[-73.46219,40.68506],[-73.48039,40.68378],[-73.48148,40.68379],[-73.48155,40.6812],[-73.48207,40.6787],[-73.48207,40.67721]]]},"properties":{"geoid":"36059521200","county":"059","county_name":"Nassau","utility":"psegli","utility_split":false,"homes":921,"homes_source":"acs_est","multifamily_5plus_lots":null,"median_income":170833,"income_band":"150k+","low_income_share":0.26,"median_year_built":1955,"pre1980":0.92,"owner":0.89,"fuel":{"gas":0.62,"propane":0.03,"electric":0.03,"oil":0.32,"other":0.01,"none":0},"dac":false,"dac_share":0,"score":72,"parts":{"volume":25,"fuel":13,"age":18.5,"owner":13.3,"incentive":1.9},"gaps":[]}},{"type":"Feature","geometry":{"type":"Polygon","coordinates":[[[-73.47264,40.65728],[-73.47279,40.65685],[-73.4718,40.65591],[-73.47142,40.65654],[-73.4712,40.6565],[-73.4711,40.65681],[-73.4713,40.65686],[-73.47122,40.65712],[-73.47107,40.65709],[-73.471,40.65735],[-73.47092,40.65734],[-73.47058,40.65841],[-73.47051,40.6584],[-73.47023,40.65922],[-73.46976,40.65994],[-73.46934,40.66025],[-73.46922,40.66046],[-73.46933,40.66219],[-73.46947,40.66225],[-73.46947,40.66237],[-73.46904,40.6624],[-73.46903,40.66226],[-73.46915,40.66218],[-73.46903,40.6606],[-73.46908,40.66034],[-73.4697,40.65969],[-73.47001,40.65922],[-73.47119,40.65573],[-73.47111,40.65565],[-73.47109,40.65286],[-73.47097,40.6523],[-73.46617,40.646],[-73.45417,40.6463],[-73.45417,40.651],[-73.45495,40.65102],[-73.45482,40.65225],[-73.455,40.65633],[-73.45488,40.65637],[-73.45572,40.65954],[-73.4561,40.65944],[-73.45616,40.65966],[-73.45594,40.65969],[-73.45649,40.66354],[-73.45678,40.66645],[-73.45689,40.6668],[-73.45723,40.67081],[-73.46444,40.67107],[-73.46447,40.6705],[-73.46432,40.66985],[-73.46444,40.66967],[-73.46544,40.66917],[-73.46567,40.66893],[-73.46643,40.66656],[-73.46966,40.66666],[-73.46994,40.66442],[-73.47051,40.66346],[-73.47111,40.66174],[-73.4711,40.66025],[-73.47143,40.65996],[-73.47228,40.65973],[-73.47276,40.65827],[-73.47275,40.65815],[-73.47251,40.658],[-73.47242,40.65773],[-73.47264,40.65728]]]},"properties":{"geoid":"36059521400","county":"059","county_name":"Nassau","utility":"psegli","utility_split":false,"homes":2180,"homes_source":"acs_est","multifamily_5plus_lots":null,"median_income":189194,"income_band":"150k+","low_income_share":0.24,"median_year_built":1958,"pre1980":0.91,"owner":0.99,"fuel":{"gas":0.7,"propane":0.01,"electric":0.02,"oil":0.28,"other":0,"none":0},"dac":false,"dac_share":0,"score":72,"parts":{"volume":25,"fuel":11.8,"age":18.2,"owner":14.8,"incentive":1.8},"gaps":[]}},{"type":"Feature","geometry":{"type":"Polygon","coordinates":[[[-73.46167,40.67759],[-73.46176,40.67744],[-73.45423,40.67801],[-73.44896,40.67828],[-73.44596,40.69254],[-73.45255,40.69337],[-73.45258,40.69225],[-73.45314,40.69148],[-73.45384,40.69011],[-73.45592,40.68711],[-73.45639,40.68628],[-73.46031,40.6811],[-73.46167,40.67759]]]},"properties":{"geoid":"36059521601","county":"059","county_name":"Nassau","utility":"psegli","utility_split":false,"homes":1486,"homes_source":"acs_est","multifamily_5plus_lots":null,"median_income":164536,"income_band":"150k+","low_income_share":0.18,"median_year_built":1955,"pre1980":0.95,"owner":0.99,"fuel":{"gas":0.7,"propane":0.01,"electric":0.01,"oil":0.27,"other":0.01,"none":0},"dac":false,"dac_share":0,"score":72,"parts":{"volume":25,"fuel":11.7,"age":18.9,"owner":14.8,"incentive":1.3},"gaps":[]}},{"type":"Feature","geometry":{"type":"Polygon","coordinates":[[[-73.49563,40.68485],[-73.49554,40.68261],[-73.49526,40.68048],[-73.49466,40.67785],[-73.49379,40.67526],[-73.48207,40.6761],[-73.48207,40.6787],[-73.48155,40.6812],[-73.48148,40.68379],[-73.48166,40.6883],[-73.48209,40.69129],[-73.4933,40.69071],[-73.49483,40.6909],[-73.49539,40.68811],[-73.49557,40.68648],[-73.49563,40.68485]]]},"properties":{"geoid":"36059522700","county":"059","county_name":"Nassau","utility":"psegli","utility_split":false,"homes":1619,"homes_source":"acs_est","multifamily_5plus_lots":null,"median_income":191318,"income_band":"150k+","low_income_share":0.2,"median_year_built":1955,"pre1980":0.96,"owner":0.95,"fuel":{"gas":0.64,"propane":0,"electric":0.02,"oil":0.31,"other":0.03,"none":0},"dac":false,"dac_share":0,"score":72,"parts":{"volume":25,"fuel":12.4,"age":19.1,"owner":14.3,"incentive":1.5},"gaps":[]}},{"type":"Feature","geometry":{"type":"Polygon","coordinates":[[[-73.85468,40.69283],[-73.85321,40.68895],[-73.85231,40.68717],[-73.84898,40.68804],[-73.8494,40.68852],[-73.84929,40.68869],[-73.85007,40.68984],[-73.85217,40.69366],[-73.85384,40.69305],[-73.85468,40.69283]]]},"properties":{"geoid":"36081001800","county":"081","county_name":"Queens","utility":"coned","utility_split":false,"homes":465,"homes_source":"pluto","multifamily_5plus_lots":3,"median_income":118694,"income_band":"100–150k","low_income_share":0.46,"median_year_built":1938,"pre1980":0.86,"owner":0.57,"fuel":{"gas":0.89,"propane":0.04,"electric":0.01,"oil":0.01,"other":0.03,"none":0.01},"dac":true,"dac_share":1,"score":71,"parts":{"volume":23,"fuel":7.6,"age":17.3,"owner":8.5,"incentive":15},"gaps":[]}},{"type":"Feature","geometry":{"type":"Polygon","coordinates":[[[-73.8663,40.68319],[-73.86603,40.68192],[-73.8641,40.68237],[-73.84995,40.6864],[-73.85057,40.68766],[-73.8663,40.68319]]]},"properties":{"geoid":"36081003400","county":"081","county_name":"Queens","utility":"coned","utility_split":false,"homes":380,"homes_source":"pluto","multifamily_5plus_lots":2,"median_income":74922,"income_band":"60–100k","low_income_share":0.64,"median_year_built":1938,"pre1980":0.96,"owner":0.47,"fuel":{"gas":0.9,"propane":0.03,"electric":0.03,"oil":0.02,"other":0,"none":0.02},"dac":true,"dac_share":1,"score":71,"parts":{"volume":22.2,"fuel":7.2,"age":19.3,"owner":7,"incentive":15},"gaps":[]}},{"type":"Feature","geometry":{"type":"Polygon","coordinates":[[[-73.84105,40.69028],[-73.83988,40.68792],[-73.84075,40.68767],[-73.83992,40.68599],[-73.83728,40.68675],[-73.83811,40.68843],[-73.83635,40.68893],[-73.83751,40.6913],[-73.84105,40.69028]]]},"properties":{"geoid":"36081011600","county":"081","county_name":"Queens","utility":"coned","utility_split":false,"homes":321,"homes_source":"pluto","multifamily_5plus_lots":1,"median_income":71576,"income_band":"60–100k","low_income_share":0.56,"median_year_built":1938,"pre1980":0.85,"owner":0.59,"fuel":{"gas":0.83,"propane":0.01,"electric":0.08,"oil":0.08,"other":0,"none":0},"dac":true,"dac_share":1,"score":71,"parts":{"volume":21.6,"fuel":8.4,"age":17.1,"owner":8.8,"incentive":15},"gaps":[]}},{"type":"Feature","geometry":{"type":"Polygon","coordinates":[[[-73.82795,40.70229],[-73.82725,40.70068],[-73.82747,40.70064],[-73.82631,40.69826],[-73.82125,40.6997],[-73.82251,40.70176],[-73.82211,40.70185],[-73.82246,40.70366],[-73.82795,40.70229]]]},"properties":{"geoid":"36081014201","county":"081","county_name":"Queens","utility":"coned","utility_split":false,"homes":475,"homes_source":"pluto","multifamily_5plus_lots":14,"median_income":70813,"income_band":"60–100k","low_income_share":0.69,"median_year_built":1938,"pre1980":0.83,"owner":0.47,"fuel":{"gas":0.79,"propane":0.06,"electric":0.05,"oil":0.09,"other":0,"none":0.01},"dac":true,"dac_share":1,"score":71,"parts":{"volume":23.1,"fuel":9.3,"age":16.6,"owner":7.1,"incentive":15},"gaps":[]}},{"type":"Feature","geometry":{"type":"Polygon","coordinates":[[[-73.79593,40.6766],[-73.79469,40.67389],[-73.79473,40.67376],[-73.79047,40.67339],[-73.78687,40.67282],[-73.7883,40.67349],[-73.78886,40.67391],[-73.78937,40.67444],[-73.78971,40.6749],[-73.79034,40.67604],[-73.79113,40.67777],[-73.79404,40.67681],[-73.79593,40.6766]]]},"properties":{"geoid":"36081018401","county":"081","county_name":"Queens","utility":"coned","utility_split":false,"homes":344,"homes_source":"pluto","multifamily_5plus_lots":2,"median_income":57679,"income_band":"<60k","low_income_share":0.68,"median_year_built":1946,"pre1980":0.77,"owner":0.63,"fuel":{"gas":0.71,"propane":0.01,"electric":0.1,"oil":0.09,"other":0.07,"none":0.01},"dac":true,"dac_share":1,"score":71,"parts":{"volume":21.9,"fuel":9.2,"age":15.5,"owner":9.5,"incentive":15},"gaps":[]}},{"type":"Feature","geometry":{"type":"Polygon","coordinates":[[[-73.80399,40.67946],[-73.80424,40.67942],[-73.80336,40.67764],[-73.79553,40.67986],[-73.7937,40.68019],[-73.79464,40.68211],[-73.80399,40.67946]]]},"properties":{"geoid":"36081018600","county":"081","county_name":"Queens","utility":"coned","utility_split":false,"homes":386,"homes_source":"pluto","multifamily_5plus_lots":0,"median_income":94840,"income_band":"60–100k","low_income_share":0.56,"median_year_built":1948,"pre1980":0.74,"owner":0.64,"fuel":{"gas":0.77,"propane":0.05,"electric":0.13,"oil":0.04,"other":0.01,"none":0},"dac":true,"dac_share":1,"score":71,"parts":{"volume":22.3,"fuel":8.9,"age":14.9,"owner":9.6,"incentive":15},"gaps":[]}},{"type":"Feature","geometry":{"type":"Polygon","coordinates":[[[-73.87725,40.75257],[-73.87648,40.74842],[-73.8737,40.74872],[-73.87514,40.75663],[-73.877,40.75644],[-73.87632,40.75267],[-73.87725,40.75257]]]},"properties":{"geoid":"36081027500","county":"081","county_name":"Queens","utility":"coned","utility_split":false,"homes":317,"homes_source":"pluto","multifamily_5plus_lots":30,"median_income":66971,"income_band":"60–100k","low_income_share":0.79,"median_year_built":1950,"pre1980":0.98,"owner":0.39,"fuel":{"gas":0.75,"propane":0,"electric":0.01,"oil":0.16,"other":0.03,"none":0.04},"dac":true,"dac_share":1,"score":71,"parts":{"volume":21.5,"fuel":9.3,"age":19.6,"owner":5.8,"incentive":15},"gaps":[]}},{"type":"Feature","geometry":{"type":"Polygon","coordinates":[[[-73.89974,40.75742],[-73.89959,40.75656],[-73.89922,40.75554],[-73.89861,40.75428],[-73.89877,40.7542],[-73.89874,40.75415],[-73.8928,40.75478],[-73.89347,40.75845],[-73.8997,40.75778],[-73.89974,40.75742]]]},"properties":{"geoid":"36081030906","county":"081","county_name":"Queens","utility":"coned","utility_split":false,"homes":506,"homes_source":"pluto","multifamily_5plus_lots":6,"median_income":84907,"income_band":"60–100k","low_income_share":0.63,"median_year_built":1963,"pre1980":0.95,"owner":0.29,"fuel":{"gas":0.8,"propane":0.08,"electric":0.08,"oil":0.05,"other":0,"none":0},"dac":true,"dac_share":1,"score":71,"parts":{"volume":23.3,"fuel":9.1,"age":19.1,"owner":4.4,"incentive":15},"gaps":[]}},{"type":"Feature","geometry":{"type":"Polygon","coordinates":[[[-73.87639,40.769],[-73.87554,40.76423],[-73.86898,40.76491],[-73.86527,40.76694],[-73.86408,40.76575],[-73.86312,40.7663],[-73.86484,40.76794],[-73.86598,40.76886],[-73.868,40.77026],[-73.86957,40.77109],[-73.87129,40.77164],[-73.8726,40.77183],[-73.87383,40.77187],[-73.87612,40.77163],[-73.87599,40.77091],[-73.87601,40.76982],[-73.87639,40.769]]]},"properties":{"geoid":"36081035700","county":"081","county_name":"Queens","utility":"coned","utility_split":false,"homes":800,"homes_source":"pluto","multifamily_5plus_lots":2,"median_income":93153,"income_band":"60–100k","low_income_share":0.58,"median_year_built":1949,"pre1980":0.82,"owner":0.5,"fuel":{"gas":0.79,"propane":0,"electric":0.15,"oil":0.03,"other":0,"none":0.03},"dac":true,"dac_share":1,"score":71,"parts":{"volume":25,"fuel":7.5,"age":16.4,"owner":7.5,"incentive":15},"gaps":[]}},{"type":"Feature","geometry":{"type":"Polygon","coordinates":[[[-73.88857,40.73459],[-73.88806,40.73009],[-73.88756,40.7302],[-73.88724,40.72893],[-73.8872,40.72787],[-73.88629,40.72818],[-73.88517,40.72842],[-73.88143,40.72873],[-73.88039,40.72891],[-73.87972,40.72909],[-73.87634,40.7304],[-73.87524,40.73072],[-73.88353,40.73385],[-73.88381,40.73356],[-73.88484,40.73393],[-73.88689,40.7341],[-73.88751,40.73422],[-73.88857,40.73459]]]},"properties":{"geoid":"36081049900","county":"081","county_name":"Queens","utility":"coned","utility_split":false,"homes":821,"homes_source":"pluto","multifamily_5plus_lots":12,"median_income":85045,"income_band":"60–100k","low_income_share":0.59,"median_year_built":1954,"pre1980":0.86,"owner":0.46,"fuel":{"gas":0.9,"propane":0,"electric":0.05,"oil":0.03,"other":0,"none":0},"dac":true,"dac_share":1,"score":71,"parts":{"volume":25,"fuel":7.3,"age":17.2,"owner":6.9,"incentive":15},"gaps":[]}},{"type":"Feature","geometry":{"type":"Polygon","coordinates":[[[-73.9006,40.7127],[-73.89936,40.71032],[-73.89756,40.70776],[-73.89633,40.70527],[-73.89181,40.7064],[-73.89133,40.70509],[-73.89248,40.70337],[-73.89344,40.70219],[-73.89297,40.70214],[-73.89274,40.70185],[-73.89194,40.70289],[-73.89127,40.7036],[-73.88912,40.7056],[-73.88653,40.70622],[-73.88555,40.70615],[-73.88553,40.70645],[-73.8887,40.70767],[-73.88899,40.70911],[-73.88756,40.70958],[-73.88782,40.71004],[-73.88725,40.71026],[-73.88855,40.71228],[-73.9006,40.7127]]]},"properties":{"geoid":"36081061301","county":"081","county_name":"Queens","utility":"coned","utility_split":false,"homes":618,"homes_source":"pluto","multifamily_5plus_lots":83,"median_income":93669,"income_band":"60–100k","low_income_share":0.56,"median_year_built":1938,"pre1980":0.92,"owner":0.27,"fuel":{"gas":0.68,"propane":0.08,"electric":0.13,"oil":0.07,"other":0.02,"none":0.02},"dac":true,"dac_share":1,"score":71,"parts":{"volume":24,"fuel":9.8,"age":18.3,"owner":4,"incentive":15},"gaps":[]}},{"type":"Feature","geometry":{"type":"Polygon","coordinates":[[[-73.83331,40.66676],[-73.83271,40.66541],[-73.83174,40.66518],[-73.82838,40.66404],[-73.82683,40.66371],[-73.82528,40.66359],[-73.82305,40.66356],[-73.82301,40.66384],[-73.81446,40.66286],[-73.81334,40.66281],[-73.81207,40.66303],[-73.80818,40.66453],[-73.80503,40.66506],[-73.80216,40.66525],[-73.80166,40.66676],[-73.80665,40.66698],[-73.81242,40.66711],[-73.8132,40.66725],[-73.81326,40.66703],[-73.8143,40.6668],[-73.81756,40.66562],[-73.81858,40.66548],[-73.81953,40.66549],[-73.82228,40.66612],[-73.83025,40.66612],[-73.83157,40.66631],[-73.83331,40.66676]]]},"properties":{"geoid":"36081084602","county":"081","county_name":"Queens","utility":"coned","utility_split":false,"homes":174,"homes_source":"pluto","multifamily_5plus_lots":0,"median_income":91953,"income_band":"60–100k","low_income_share":0.55,"median_year_built":1958,"pre1980":0.73,"owner":0.71,"fuel":{"gas":0.73,"propane":0,"electric":0,"oil":0.27,"other":0,"none":0},"dac":true,"dac_share":1,"score":71,"parts":{"volume":19.3,"fuel":11.4,"age":14.7,"owner":10.7,"incentive":15},"gaps":[]}},{"type":"Feature","geometry":{"type":"Polygon","coordinates":[[[-73.84867,40.78168],[-73.84875,40.78015],[-73.8415,40.78015],[-73.84117,40.78525],[-73.84481,40.78537],[-73.84487,40.78435],[-73.84581,40.78419],[-73.84853,40.78411],[-73.84867,40.78168]]]},"properties":{"geoid":"36081092500","county":"081","county_name":"Queens","utility":"coned","utility_split":false,"homes":563,"homes_source":"pluto","multifamily_5plus_lots":16,"median_income":64107,"income_band":"60–100k","low_income_share":0.72,"median_year_built":1938,"pre1980":0.83,"owner":0.39,"fuel":{"gas":0.74,"propane":0.05,"electric":0.03,"oil":0.14,"other":0.03,"none":0.01},"dac":true,"dac_share":1,"score":71,"parts":{"volume":23.7,"fuel":10.2,"age":16.6,"owner":5.8,"incentive":15},"gaps":[]}},{"type":"Feature","geometry":{"type":"Polygon","coordinates":[[[-73.67362,40.75526],[-73.67328,40.75153],[-73.66407,40.75263],[-73.66133,40.75288],[-73.66131,40.75278],[-73.65946,40.75297],[-73.65321,40.75403],[-73.65359,40.75576],[-73.65371,40.75581],[-73.65389,40.75652],[-73.65345,40.75657],[-73.65359,40.75703],[-73.65376,40.75706],[-73.65346,40.75709],[-73.65431,40.76206],[-73.65494,40.76199],[-73.65494,40.76218],[-73.65511,40.76216],[-73.65514,40.76259],[-73.65688,40.76273],[-73.65773,40.76144],[-73.65844,40.76096],[-73.65908,40.76078],[-73.66078,40.76057],[-73.66354,40.75993],[-73.66473,40.75988],[-73.66555,40.76005],[-73.66629,40.76039],[-73.66726,40.76118],[-73.66973,40.76014],[-73.67094,40.76003],[-73.67286,40.75972],[-73.67346,40.75845],[-73.67295,40.75602],[-73.67308,40.75576],[-73.67362,40.75526]]]},"properties":{"geoid":"36059303102","county":"059","county_name":"Nassau","utility":"psegli","utility_split":false,"homes":1272,"homes_source":"acs_est","multifamily_5plus_lots":null,"median_income":135208,"income_band":"100–150k","low_income_share":0.36,"median_year_built":1953,"pre1980":0.9,"owner":0.96,"fuel":{"gas":0.71,"propane":0,"electric":0.05,"oil":0.23,"other":0,"none":0},"dac":false,"dac_share":0,"score":71,"parts":{"volume":25,"fuel":11,"age":18.1,"owner":14.4,"incentive":2.7},"gaps":[]}},{"type":"Feature","geometry":{"type":"Polygon","coordinates":[[[-73.68326,40.69378],[-73.68343,40.69348],[-73.67526,40.69151],[-73.67502,40.69126],[-73.67522,40.69066],[-73.67499,40.69047],[-73.6746,40.69036],[-73.67443,40.6907],[-73.67387,40.69059],[-73.67296,40.69061],[-73.67233,40.69081],[-73.67148,40.69132],[-73.66927,40.69153],[-73.66879,40.69176],[-73.66866,40.69205],[-73.66836,40.6923],[-73.66799,40.69239],[-73.66759,40.69234],[-73.66646,40.69763],[-73.66604,40.6984],[-73.66397,40.70042],[-73.67374,40.70065],[-73.67384,40.69826],[-73.67426,40.69843],[-73.67603,40.69591],[-73.68211,40.6984],[-73.68253,40.69688],[-73.68295,40.69453],[-73.68326,40.69378]]]},"properties":{"geoid":"36059405600","county":"059","county_name":"Nassau","utility":"psegli","utility_split":false,"homes":1284,"homes_source":"acs_est","multifamily_5plus_lots":null,"median_income":149975,"income_band":"100–150k","low_income_share":0.25,"median_year_built":1954,"pre1980":0.92,"owner":0.84,"fuel":{"gas":0.62,"propane":0.05,"electric":0.01,"oil":0.33,"other":0,"none":0},"dac":false,"dac_share":0,"score":71,"parts":{"volume":25,"fuel":13.4,"age":18.4,"owner":12.6,"incentive":1.9},"gaps":[]}},{"type":"Feature","geometry":{"type":"Polygon","coordinates":[[[-73.63893,40.70407],[-73.63934,40.7039],[-73.63862,40.70131],[-73.63842,40.70098],[-73.63881,40.7009],[-73.6387,40.70036],[-73.63852,40.70002],[-73.63638,40.6999],[-73.63627,40.7008],[-73.63556,40.70091],[-73.63667,40.7036],[-73.63679,40.70414],[-73.63645,40.70376],[-73.63607,40.7035],[-73.63356,40.70229],[-73.63309,40.6985],[-73.63327,40.6977],[-73.63477,40.6965],[-73.63647,40.6949],[-73.63237,40.69379],[-73.6318,40.69355],[-73.63141,40.69449],[-73.63084,40.69553],[-73.62979,40.69722],[-73.62871,40.69918],[-73.62664,40.70213],[-73.62636,40.70277],[-73.6257,40.70359],[-73.62586,40.70397],[-73.626,40.70559],[-73.6269,40.70744],[-73.6278,40.70965],[-73.63035,40.70898],[-73.63182,40.70885],[-73.63413,40.70818],[-73.63302,40.70632],[-73.63643,40.70511],[-73.63731,40.7049],[-73.63791,40.70449],[-73.63893,40.70407]]]},"properties":{"geoid":"36059406701","county":"059","county_name":"Nassau","utility":"psegli","utility_split":false,"homes":296,"homes_source":"acs_est","multifamily_5plus_lots":null,"median_income":102783,"income_band":"100–150k","low_income_share":0.49,"median_year_built":1955,"pre1980":0.98,"owner":0.63,"fuel":{"gas":0.79,"propane":0.04,"electric":0.03,"oil":0.09,"other":0.05,"none":0},"dac":true,"dac_share":1,"score":71,"parts":{"volume":21.3,"fuel":9.2,"age":19.5,"owner":9.4,"incentive":11.2},"gaps":[]}},{"type":"Feature","geometry":{"type":"Polygon","coordinates":[[[-73.58053,40.71695],[-73.58048,40.7157],[-73.58032,40.7145],[-73.5784,40.70641],[-73.5763,40.69589],[-73.57595,40.6945],[-73.57481,40.69468],[-73.56729,40.69743],[-73.56617,40.69776],[-73.56955,40.706],[-73.57088,40.70857],[-73.57385,40.71556],[-73.5746,40.71707],[-73.57567,40.71998],[-73.57695,40.72305],[-73.58035,40.72224],[-73.58053,40.71695]]]},"properties":{"geoid":"36059407900","county":"059","county_name":"Nassau","utility":"psegli","utility_split":false,"homes":1535,"homes_source":"acs_est","multifamily_5plus_lots":null,"median_income":95833,"income_band":"60–100k","low_income_share":0.55,"median_year_built":1978,"pre1980":0.51,"owner":0.71,"fuel":{"gas":0.41,"propane":0,"electric":0.19,"oil":0.34,"other":0.01,"none":0.04},"dac":true,"dac_share":1,"score":71,"parts":{"volume":25,"fuel":13.6,"age":10.2,"owner":10.6,"incentive":11.6},"gaps":[]}},{"type":"Feature","geometry":{"type":"Polygon","coordinates":[[[-73.72593,40.68622],[-73.7258,40.68435],[-73.72591,40.68266],[-73.72563,40.67959],[-73.72584,40.67875],[-73.72415,40.67844],[-73.72404,40.67856],[-73.72236,40.67844],[-73.72201,40.67821],[-73.72181,40.6784],[-73.72157,40.67826],[-73.72024,40.67828],[-73.7193,40.67815],[-73.71837,40.67949],[-73.71779,40.67912],[-73.71823,40.67828],[-73.71774,40.67826],[-73.71583,40.6778],[-73.71565,40.67795],[-73.71489,40.67757],[-73.71472,40.67769],[-73.71278,40.67763],[-73.71053,40.67734],[-73.7096,40.67755],[-73.70634,40.67787],[-73.70589,40.67786],[-73.70163,40.67687],[-73.70064,40.67646],[-73.6988,40.67631],[-73.69774,40.67605],[-73.69719,40.67555],[-73.69713,40.67591],[-73.69721,40.6771],[-73.69946,40.67752],[-73.69991,40.67753],[-73.70019,40.67902],[-73.70226,40.67944],[-73.70384,40.68057],[-73.70538,40.68183],[-73.70776,40.68361],[-73.7091,40.68428],[-73.71385,40.68634],[-73.71493,40.68662],[-73.71749,40.68705],[-73.71859,40.68734],[-73.72057,40.68801],[-73.72158,40.68815],[-73.72264,40.68807],[-73.72412,40.68764],[-73.72489,40.68727],[-73.72523,40.68703],[-73.72593,40.68622]]]},"properties":{"geoid":"36059409900","county":"059","county_name":"Nassau","utility":"psegli","utility_split":false,"homes":2295,"homes_source":"acs_est","multifamily_5plus_lots":null,"median_income":134779,"income_band":"100–150k","low_income_share":0.35,"median_year_built":1952,"pre1980":0.95,"owner":0.9,"fuel":{"gas":0.73,"propane":0,"electric":0.03,"oil":0.24,"other":0.01,"none":0},"dac":false,"dac_share":0,"score":71,"parts":{"volume":25,"fuel":10.9,"age":19,"owner":13.6,"incentive":2.6},"gaps":[]}},{"type":"Feature","geometry":{"type":"Polygon","coordinates":[[[-73.67603,40.6713],[-73.67603,40.6708],[-73.67572,40.66903],[-73.67557,40.6667],[-73.67569,40.66588],[-73.67144,40.6662],[-73.67117,40.66616],[-73.671,40.66563],[-73.67034,40.66563],[-73.67048,40.6661],[-73.66984,40.6663],[-73.66987,40.6666],[-73.66549,40.6667],[-73.66548,40.6662],[-73.66532,40.66643],[-73.66438,40.66675],[-73.65939,40.66749],[-73.65877,40.66766],[-73.65819,40.66798],[-73.65881,40.66915],[-73.65943,40.6699],[-73.66014,40.6711],[-73.66143,40.67383],[-73.66198,40.67369],[-73.66198,40.67388],[-73.66246,40.67525],[-73.66232,40.67669],[-73.66255,40.67908],[-73.67603,40.6713]]]},"properties":{"geoid":"36059410200","county":"059","county_name":"Nassau","utility":"psegli","utility_split":false,"homes":1425,"homes_source":"acs_est","multifamily_5plus_lots":null,"median_income":147765,"income_band":"100–150k","low_income_share":0.31,"median_year_built":1938,"pre1980":1,"owner":0.93,"fuel":{"gas":0.79,"propane":0.01,"electric":0.01,"oil":0.18,"other":0,"none":0.01},"dac":false,"dac_share":0,"score":71,"parts":{"volume":25,"fuel":9.9,"age":20,"owner":14,"incentive":2.3},"gaps":[]}},{"type":"Feature","geometry":{"type":"Polygon","coordinates":[[[-73.69078,40.65058],[-73.69022,40.65026],[-73.68902,40.64938],[-73.6878,40.64833],[-73.68703,40.64863],[-73.68524,40.64912],[-73.68417,40.648],[-73.68252,40.6484],[-73.68203,40.64867],[-73.68201,40.64879],[-73.68141,40.64916],[-73.68238,40.65041],[-73.68184,40.6508],[-73.68165,40.65081],[-73.68043,40.64975],[-73.67756,40.64791],[-73.67984,40.6459],[-73.68161,40.64414],[-73.67936,40.64316],[-73.67919,40.64445],[-73.67658,40.64582],[-73.67628,40.64567],[-73.67459,40.64688],[-73.67436,40.64716],[-73.67421,40.64716],[-73.67413,40.64725],[-73.67388,40.64712],[-73.67348,40.64749],[-73.6723,40.64799],[-73.67613,40.64964],[-73.67791,40.65083],[-73.68137,40.6537],[-73.68358,40.65531],[-73.69014,40.65741],[-73.69026,40.65716],[-73.6876,40.65628],[-73.68922,40.65339],[-73.68976,40.65208],[-73.69026,40.65109],[-73.69078,40.65058]]]},"properties":{"geoid":"36059411902","county":"059","county_name":"Nassau","utility":"psegli","utility_split":false,"homes":1154,"homes_source":"acs_est","multifamily_5plus_lots":null,"median_income":155795,"income_band":"150k+","low_income_share":0.33,"median_year_built":1945,"pre1980":0.98,"owner":0.9,"fuel":{"gas":0.78,"propane":0.02,"electric":0.03,"oil":0.17,"other":0.01,"none":0},"dac":false,"dac_share":0,"score":71,"parts":{"volume":25,"fuel":10,"age":19.5,"owner":13.5,"incentive":2.5},"gaps":[]}},{"type":"Feature","geometry":{"type":"Polygon","coordinates":[[[-73.63264,40.66354],[-73.63315,40.66112],[-73.62952,40.66069],[-73.62411,40.66057],[-73.62348,40.66062],[-73.62285,40.66081],[-73.62116,40.66176],[-73.62043,40.66197],[-73.61759,40.6624],[-73.61854,40.66491],[-73.61947,40.66474],[-73.61953,40.66507],[-73.61934,40.66506],[-73.61912,40.6653],[-73.61904,40.6658],[-73.61856,40.66627],[-73.61833,40.66706],[-73.61803,40.66717],[-73.61833,40.66815],[-73.62132,40.6686],[-73.62167,40.66849],[-73.62189,40.66855],[-73.62197,40.6684],[-73.62369,40.66863],[-73.62313,40.67018],[-73.62224,40.67027],[-73.62207,40.67143],[-73.62113,40.67169],[-73.62047,40.6744],[-73.62087,40.6744],[-73.62593,40.6751],[-73.62624,40.67346],[-73.6271,40.6709],[-73.62998,40.66863],[-73.63232,40.66504],[-73.63264,40.66354]]]},"properties":{"geoid":"36059412700","county":"059","county_name":"Nassau","utility":"psegli","utility_split":false,"homes":1399,"homes_source":"acs_est","multifamily_5plus_lots":null,"median_income":240642,"income_band":"150k+","low_income_share":0.16,"median_year_built":1938,"pre1980":0.98,"owner":0.97,"fuel":{"gas":0.74,"propane":0,"electric":0.05,"oil":0.19,"other":0.02,"none":0},"dac":false,"dac_share":0,"score":71,"parts":{"volume":25,"fuel":10.2,"age":19.6,"owner":14.6,"incentive":1.2},"gaps":[]}},{"type":"Feature","geometry":{"type":"Polygon","coordinates":[[[-73.62238,40.65762],[-73.62276,40.65743],[-73.62193,40.6574],[-73.62225,40.65695],[-73.62218,40.6534],[-73.62091,40.6534],[-73.61889,40.65366],[-73.61832,40.6536],[-73.61639,40.65281],[-73.6136,40.65106],[-73.61262,40.65075],[-73.61063,40.65083],[-73.60707,40.65131],[-73.60561,40.65124],[-73.60394,40.65103],[-73.60292,40.65108],[-73.60316,40.65238],[-73.60311,40.65262],[-73.60294,40.65283],[-73.60378,40.65493],[-73.6038,40.6563],[-73.60295,40.65629],[-73.60279,40.65665],[-73.60273,40.65734],[-73.60294,40.6585],[-73.60285,40.65869],[-73.60316,40.66076],[-73.60318,40.66136],[-73.60285,40.66294],[-73.60279,40.66386],[-73.60769,40.66356],[-73.60767,40.66305],[-73.61148,40.66297],[-73.6164,40.66257],[-73.61846,40.66227],[-73.6186,40.66037],[-73.61931,40.6604],[-73.61935,40.65996],[-73.62039,40.65991],[-73.62133,40.65813],[-73.62238,40.65762]]]},"properties":{"geoid":"36059413600","county":"059","county_name":"Nassau","utility":"psegli","utility_split":false,"homes":1521,"homes_source":"acs_est","multifamily_5plus_lots":null,"median_income":125598,"income_band":"100–150k","low_income_share":0.36,"median_year_built":1938,"pre1980":0.96,"owner":0.74,"fuel":{"gas":0.63,"propane":0.09,"electric":0.04,"oil":0.24,"other":0,"none":0},"dac":false,"dac_share":0,"score":71,"parts":{"volume":25,"fuel":12.6,"age":19.1,"owner":11.1,"incentive":2.7},"gaps":[]}},{"type":"Feature","geometry":{"type":"Polygon","coordinates":[[[-73.56652,40.66038],[-73.56633,40.65994],[-73.56611,40.65797],[-73.56575,40.6559],[-73.56593,40.65479],[-73.56561,40.65447],[-73.56555,40.65426],[-73.56572,40.65404],[-73.56611,40.65386],[-73.56323,40.65376],[-73.56159,40.65394],[-73.56035,40.65398],[-73.55692,40.65355],[-73.55598,40.65358],[-73.55214,40.6545],[-73.55108,40.65512],[-73.54922,40.65653],[-73.55212,40.66352],[-73.56154,40.66132],[-73.56652,40.66038]]]},"properties":{"geoid":"36059415101","county":"059","county_name":"Nassau","utility":"psegli","utility_split":false,"homes":925,"homes_source":"acs_est","multifamily_5plus_lots":null,"median_income":142644,"income_band":"100–150k","low_income_share":0.38,"median_year_built":1947,"pre1980":0.87,"owner":0.99,"fuel":{"gas":0.7,"propane":0.03,"electric":0.07,"oil":0.19,"other":0,"none":0},"dac":false,"dac_share":0,"score":71,"parts":{"volume":25,"fuel":10.9,"age":17.4,"owner":14.8,"incentive":2.9},"gaps":[]}},{"type":"Feature","geometry":{"type":"Polygon","coordinates":[[[-73.52615,40.69182],[-73.5211,40.68243],[-73.5221,40.68218],[-73.52236,40.68205],[-73.52468,40.68001],[-73.52513,40.67971],[-73.52362,40.67781],[-73.52327,40.67793],[-73.52217,40.67806],[-73.52178,40.67697],[-73.52126,40.67496],[-73.5214,40.67452],[-73.5214,40.67367],[-73.52082,40.6725],[-73.52105,40.67017],[-73.52088,40.66929],[-73.52121,40.66831],[-73.52096,40.66745],[-73.52123,40.66561],[-73.52105,40.66438],[-73.52037,40.66423],[-73.51858,40.66356],[-73.51769,40.66343],[-73.51701,40.66342],[-73.5147,40.66379],[-73.51452,40.66407],[-73.51394,40.66391],[-73.51102,40.6644],[-73.51121,40.66518],[-73.51117,40.66593],[-73.51013,40.67363],[-73.50976,40.67697],[-73.50974,40.67976],[-73.51008,40.68315],[-73.51,40.68466],[-73.50943,40.68799],[-73.50827,40.69082],[-73.50797,40.69195],[-73.50769,40.69354],[-73.50852,40.69349],[-73.51648,40.69233],[-73.51826,40.69216],[-73.52615,40.69182]]]},"properties":{"geoid":"36059415600","county":"059","county_name":"Nassau","utility":"psegli","utility_split":false,"homes":1716,"homes_source":"acs_est","multifamily_5plus_lots":null,"median_income":181731,"income_band":"150k+","low_income_share":0.2,"median_year_built":1956,"pre1980":0.9,"owner":0.95,"fuel":{"gas":0.68,"propane":0.02,"electric":0.02,"oil":0.27,"other":0.01,"none":0},"dac":false,"dac_share":0,"score":71,"parts":{"volume":25,"fuel":11.8,"age":18.1,"owner":14.3,"incentive":1.5},"gaps":[]}},{"type":"Feature","geometry":{"type":"Polygon","coordinates":[[[-73.50681,40.66485],[-73.50587,40.6622],[-73.50517,40.6611],[-73.50577,40.6605],[-73.50457,40.6597],[-73.50088,40.648],[-73.50105,40.64569],[-73.50053,40.64578],[-73.49957,40.64636],[-73.49942,40.64661],[-73.49843,40.64661],[-73.49717,40.64682],[-73.496,40.64687],[-73.49486,40.64705],[-73.49396,40.64735],[-73.49267,40.64815],[-73.49135,40.64843],[-73.48855,40.64665],[-73.48723,40.64608],[-73.48699,40.64626],[-73.48675,40.64672],[-73.48654,40.64887],[-73.48561,40.65036],[-73.48613,40.65182],[-73.48607,40.65241],[-73.48589,40.65299],[-73.48595,40.65335],[-73.48637,40.65355],[-73.48577,40.65438],[-73.48586,40.65472],[-73.48608,40.65499],[-73.48639,40.65525],[-73.48703,40.65557],[-73.48704,40.65735],[-73.48644,40.6593],[-73.48599,40.6601],[-73.48539,40.66088],[-73.48437,40.66175],[-73.48386,40.66333],[-73.48314,40.66431],[-73.48311,40.66461],[-73.4829,40.66491],[-73.48233,40.66534],[-73.48208,40.66679],[-73.49204,40.66542],[-73.50681,40.66485]]]},"properties":{"geoid":"36059416100","county":"059","county_name":"Nassau","utility":"psegli","utility_split":false,"homes":2190,"homes_source":"acs_est","multifamily_5plus_lots":null,"median_income":152750,"income_band":"150k+","low_income_share":0.22,"median_year_built":1965,"pre1980":0.85,"owner":0.9,"fuel":{"gas":0.61,"propane":0,"electric":0.01,"oil":0.38,"other":0,"none":0.01},"dac":false,"dac_share":0,"score":71,"parts":{"volume":25,"fuel":13.4,"age":17,"owner":13.5,"incentive":1.7},"gaps":[]}},{"type":"Feature","geometry":{"type":"Polygon","coordinates":[[[-73.63571,40.84358],[-73.63548,40.8422],[-73.63465,40.84131],[-73.6338,40.83922],[-73.63245,40.8371],[-73.63137,40.83595],[-73.62986,40.83301],[-73.62973,40.83262],[-73.62962,40.83143],[-73.62949,40.83095],[-73.62904,40.82996],[-73.62447,40.83109],[-73.62428,40.83051],[-73.62328,40.83063],[-73.62338,40.83084],[-73.62288,40.83105],[-73.62299,40.83146],[-73.62084,40.832],[-73.61901,40.83215],[-73.61979,40.83497],[-73.61919,40.83597],[-73.61788,40.8362],[-73.61601,40.83694],[-73.61394,40.83739],[-73.61431,40.8381],[-73.61466,40.83977],[-73.61506,40.84073],[-73.6156,40.84239],[-73.61572,40.84325],[-73.61548,40.84513],[-73.61549,40.84562],[-73.61564,40.84651],[-73.61584,40.84709],[-73.59944,40.84835],[-73.60001,40.85081],[-73.60012,40.85145],[-73.6001,40.85207],[-73.60041,40.85347],[-73.59836,40.8537],[-73.59444,40.85396],[-73.59025,40.85504],[-73.59069,40.85698],[-73.59584,40.85671],[-73.59617,40.85678],[-73.60166,40.85634],[-73.60401,40.85629],[-73.60544,40.85597],[-73.60643,40.85585],[-73.60848,40.856],[-73.60823,40.85535],[-73.61133,40.85507],[-73.61137,40.85524],[-73.6119,40.8552],[-73.61281,40.85484],[-73.61454,40.85491],[-73.61447,40.85434],[-73.61417,40.85367],[-73.61893,40.85329],[-73.61927,40.85299],[-73.6192,40.85262],[-73.62021,40.85183],[-73.62154,40.85085],[-73.62267,40.8503],[-73.62547,40.8481],[-73.62677,40.8475],[-73.63139,40.84643],[-73.63571,40.84608],[-73.63543,40.84542],[-73.63537,40.84494],[-73.63542,40.84448],[-73.63571,40.84358]]]},"properties":{"geoid":"36059517600","county":"059","county_name":"Nassau","utility":"psegli","utility_split":false,"homes":1749,"homes_source":"acs_est","multifamily_5plus_lots":null,"median_income":138465,"income_band":"100–150k","low_income_share":0.36,"median_year_built":1958,"pre1980":0.9,"owner":0.9,"fuel":{"gas":0.67,"propane":0,"electric":0.03,"oil":0.3,"other":0,"none":0},"dac":false,"dac_share":0,"score":71,"parts":{"volume":25,"fuel":12,"age":18,"owner":13.4,"incentive":2.7},"gaps":[]}},{"type":"Feature","geometry":{"type":"Polygon","coordinates":[[[-73.54442,40.84673],[-73.54274,40.84537],[-73.53957,40.84176],[-73.53821,40.84084],[-73.53822,40.84077],[-73.53702,40.83952],[-73.53508,40.83939],[-73.53495,40.83894],[-73.53114,40.83958],[-73.53231,40.84161],[-73.53126,40.84174],[-73.53143,40.8423],[-73.52936,40.84242],[-73.52795,40.84261],[-73.52649,40.84293],[-73.52513,40.84335],[-73.52454,40.84321],[-73.52253,40.84338],[-73.52275,40.84371],[-73.52286,40.8443],[-73.52165,40.84479],[-73.52033,40.84519],[-73.51887,40.84551],[-73.5174,40.8457],[-73.51861,40.84832],[-73.5192,40.84942],[-73.52056,40.8529],[-73.52007,40.8532],[-73.52082,40.85531],[-73.51878,40.85551],[-73.51876,40.85803],[-73.51917,40.85833],[-73.51936,40.85876],[-73.51994,40.85931],[-73.52215,40.86112],[-73.52304,40.86173],[-73.52394,40.86215],[-73.52447,40.8623],[-73.52704,40.86257],[-73.5279,40.86291],[-73.52881,40.86072],[-73.52833,40.85773],[-73.52836,40.85754],[-73.52857,40.85725],[-73.52906,40.85736],[-73.52966,40.85732],[-73.52918,40.85544],[-73.5292,40.85511],[-73.52888,40.85503],[-73.52886,40.85453],[-73.52827,40.85226],[-73.52806,40.85193],[-73.5276,40.85159],[-73.52813,40.85109],[-73.52848,40.8509],[-73.5311,40.85038],[-73.5321,40.8501],[-73.53281,40.8498],[-73.53454,40.85206],[-73.53492,40.85276],[-73.53519,40.85297],[-73.53536,40.85219],[-73.53579,40.85108],[-73.53587,40.85003],[-73.54342,40.8473],[-73.54353,40.84716],[-73.54442,40.84673]]]},"properties":{"geoid":"36059518100","county":"059","county_name":"Nassau","utility":"psegli","utility_split":false,"homes":966,"homes_source":"acs_est","multifamily_5plus_lots":null,"median_income":204071,"income_band":"150k+","low_income_share":0.17,"median_year_built":1958,"pre1980":0.9,"owner":0.98,"fuel":{"gas":0.67,"propane":0.01,"electric":0.01,"oil":0.31,"other":0,"none":0},"dac":false,"dac_share":0,"score":71,"parts":{"volume":25,"fuel":12.3,"age":18.1,"owner":14.7,"incentive":1.2},"gaps":[]}},{"type":"Feature","geometry":{"type":"Polygon","coordinates":[[[-73.49613,40.78832],[-73.49558,40.78791],[-73.49506,40.78829],[-73.49481,40.78828],[-73.4905,40.78504],[-73.49013,40.78106],[-73.48928,40.78119],[-73.48365,40.78164],[-73.48207,40.78187],[-73.47878,40.7835],[-73.48096,40.7885],[-73.48115,40.79187],[-73.4782,40.79334],[-73.47994,40.79568],[-73.48188,40.79513],[-73.48402,40.7949],[-73.48987,40.79522],[-73.49329,40.79135],[-73.49613,40.78832]]]},"properties":{"geoid":"36059519703","county":"059","county_name":"Nassau","utility":"psegli","utility_split":false,"homes":1176,"homes_source":"acs_est","multifamily_5plus_lots":null,"median_income":151210,"income_band":"150k+","low_income_share":0.23,"median_year_built":1957,"pre1980":0.89,"owner":0.99,"fuel":{"gas":0.69,"propane":0,"electric":0.05,"oil":0.25,"other":0.01,"none":0},"dac":false,"dac_share":0,"score":71,"parts":{"volume":25,"fuel":11.3,"age":17.8,"owner":14.9,"incentive":1.7},"gaps":[]}},{"type":"Feature","geometry":{"type":"Polygon","coordinates":[[[-73.50121,40.7697],[-73.5009,40.76757],[-73.49996,40.76775],[-73.49982,40.76735],[-73.49696,40.76796],[-73.49676,40.76752],[-73.49644,40.7672],[-73.49581,40.76705],[-73.49138,40.7677],[-73.49062,40.76788],[-73.4891,40.76831],[-73.4859,40.76963],[-73.48561,40.76967],[-73.48518,40.76906],[-73.48495,40.76897],[-73.4817,40.76984],[-73.4803,40.7678],[-73.48018,40.7636],[-73.48028,40.76309],[-73.47885,40.76245],[-73.47698,40.76196],[-73.47954,40.76988],[-73.48014,40.7714],[-73.48127,40.7738],[-73.50121,40.7697]]]},"properties":{"geoid":"36059519801","county":"059","county_name":"Nassau","utility":"psegli","utility_split":false,"homes":771,"homes_source":"acs_est","multifamily_5plus_lots":null,"median_income":207877,"income_band":"150k+","low_income_share":0.22,"median_year_built":1957,"pre1980":0.85,"owner":0.87,"fuel":{"gas":0.5,"propane":0.03,"electric":0.07,"oil":0.37,"other":0.01,"none":0.01},"dac":false,"dac_share":0,"score":71,"parts":{"volume":24.9,"fuel":14.3,"age":17.1,"owner":13,"incentive":1.7},"gaps":[]}},{"type":"Feature","geometry":{"type":"Polygon","coordinates":[[[-73.48127,40.7738],[-73.48014,40.7714],[-73.47954,40.76988],[-73.47698,40.76196],[-73.47617,40.7618],[-73.46875,40.7616],[-73.46673,40.76398],[-73.46497,40.7663],[-73.46074,40.77107],[-73.4581,40.77445],[-73.45701,40.77717],[-73.45707,40.77796],[-73.46056,40.77654],[-73.46137,40.77634],[-73.46289,40.77615],[-73.46729,40.77643],[-73.47029,40.77631],[-73.4759,40.77488],[-73.48127,40.7738]]]},"properties":{"geoid":"36059519802","county":"059","county_name":"Nassau","utility":"psegli","utility_split":false,"homes":1642,"homes_source":"acs_est","multifamily_5plus_lots":null,"median_income":166037,"income_band":"150k+","low_income_share":0.29,"median_year_built":1957,"pre1980":0.85,"owner":0.92,"fuel":{"gas":0.5,"propane":0,"electric":0.12,"oil":0.34,"other":0.01,"none":0.03},"dac":false,"dac_share":0,"score":71,"parts":{"volume":25,"fuel":13.3,"age":17.1,"owner":13.8,"incentive":2.2},"gaps":[]}},{"type":"Feature","geometry":{"type":"Polygon","coordinates":[[[-73.48518,40.75621],[-73.48407,40.75382],[-73.48298,40.75212],[-73.48273,40.75138],[-73.48174,40.7426],[-73.48112,40.73539],[-73.48163,40.73179],[-73.47774,40.7315],[-73.47561,40.73165],[-73.47484,40.7314],[-73.46977,40.73122],[-73.47005,40.73329],[-73.47007,40.73431],[-73.4676,40.73275],[-73.46634,40.7322],[-73.46233,40.73104],[-73.46078,40.73316],[-73.46033,40.73401],[-73.46047,40.73426],[-73.46077,40.73462],[-73.46161,40.73485],[-73.46414,40.73491],[-73.46432,40.73507],[-73.46433,40.73526],[-73.46458,40.73572],[-73.46579,40.73658],[-73.46738,40.73742],[-73.4684,40.73786],[-73.46875,40.73825],[-73.46899,40.73828],[-73.4693,40.73817],[-73.4704,40.73877],[-73.47082,40.74017],[-73.47102,40.74052],[-73.47119,40.74107],[-73.47263,40.74328],[-73.47257,40.74352],[-73.47265,40.74381],[-73.47339,40.74438],[-73.47357,40.74466],[-73.47369,40.74471],[-73.47305,40.74821],[-73.47295,40.74919],[-73.47301,40.75014],[-73.47315,40.75083],[-73.47381,40.75287],[-73.47398,40.75372],[-73.47372,40.75513],[-73.47379,40.75562],[-73.47386,40.75569],[-73.47421,40.75552],[-73.47743,40.75471],[-73.47795,40.75467],[-73.47826,40.75487],[-73.48518,40.75621]]]},"properties":{"geoid":"36059520002","county":"059","county_name":"Nassau","utility":"psegli","utility_split":false,"homes":1418,"homes_source":"acs_est","multifamily_5plus_lots":null,"median_income":114821,"income_band":"100–150k","low_income_share":0.45,"median_year_built":1958,"pre1980":0.82,"owner":0.89,"fuel":{"gas":0.58,"propane":0.01,"electric":0.07,"oil":0.31,"other":0.01,"none":0.02},"dac":false,"dac_share":0,"score":71,"parts":{"volume":25,"fuel":12.7,"age":16.4,"owner":13.4,"incentive":3.4},"gaps":[]}},{"type":"Feature","geometry":{"type":"Polygon","coordinates":[[[-73.48525,40.64606],[-73.48494,40.64505],[-73.48496,40.64137],[-73.48487,40.63788],[-73.48491,40.62824],[-73.48504,40.62233],[-73.48487,40.61954],[-73.4849,40.6175],[-73.48484,40.61741],[-73.48498,40.61408],[-73.48438,40.60789],[-73.48489,40.60619],[-73.48483,40.60025],[-73.48494,40.59685],[-73.48487,40.58969],[-73.42387,40.60072],[-73.42379,40.6092],[-73.42402,40.60958],[-73.42414,40.61389],[-73.42417,40.6152],[-73.42407,40.6154],[-73.4242,40.6166],[-73.4241,40.61785],[-73.42414,40.61982],[-73.42437,40.62321],[-73.42427,40.6237],[-73.42427,40.62749],[-73.42457,40.63107],[-73.42498,40.63976],[-73.42535,40.65182],[-73.42555,40.65461],[-73.43007,40.654],[-73.4314,40.65814],[-73.43141,40.66016],[-73.43147,40.66027],[-73.43136,40.66061],[-73.4311,40.6603],[-73.43105,40.66052],[-73.43112,40.66107],[-73.43121,40.66119],[-73.43152,40.6613],[-73.43189,40.6613],[-73.43199,40.66144],[-73.43193,40.66155],[-73.4315,40.66176],[-73.43143,40.66187],[-73.43153,40.66184],[-73.43148,40.66203],[-73.43135,40.6621],[-73.43084,40.66199],[-73.43075,40.66215],[-73.43122,40.66232],[-73.43159,40.66233],[-73.43194,40.66259],[-73.4321,40.66335],[-73.43239,40.66379],[-73.43263,40.66461],[-73.4323,40.66508],[-73.43282,40.66693],[-73.43279,40.66774],[-73.4323,40.6687],[-73.43311,40.66922],[-73.44279,40.66662],[-73.44377,40.66647],[-73.44626,40.66627],[-73.44956,40.66649],[-73.45128,40.66649],[-73.45047,40.66495],[-73.4502,40.66417],[-73.45009,40.66348],[-73.44989,40.66334],[-73.4484,40.6629],[-73.4467,40.66143],[-73.44703,40.66078],[-73.44649,40.65939],[-73.44658,40.65901],[-73.44687,40.65844],[-73.44686,40.65753],[-73.447,40.65707],[-73.44731,40.65648],[-73.44943,40.65419],[-73.45231,40.65082],[-73.45417,40.651],[-73.45417,40.6463],[-73.46617,40.646],[-73.47097,40.6523],[-73.47823,40.64743],[-73.48059,40.6464],[-73.48332,40.64631],[-73.48525,40.64606]]]},"properties":{"geoid":"36059521902","county":"059","county_name":"Nassau","utility":"psegli","utility_split":false,"homes":1514,"homes_source":"acs_est","multifamily_5plus_lots":null,"median_income":174924,"income_band":"150k+","low_income_share":0.18,"median_year_built":1958,"pre1980":0.87,"owner":0.97,"fuel":{"gas":0.62,"propane":0.03,"electric":0.02,"oil":0.3,"other":0.02,"none":0},"dac":false,"dac_share":0,"score":71,"parts":{"volume":25,"fuel":12.8,"age":17.4,"owner":14.6,"incentive":1.4},"gaps":[]}},{"type":"Feature","geometry":{"type":"Polygon","coordinates":[[[-73.86872,40.69462],[-73.86869,40.69385],[-73.86806,40.69118],[-73.86331,40.69196],[-73.86456,40.69552],[-73.86872,40.69462]]]},"properties":{"geoid":"36081000200","county":"081","county_name":"Queens","utility":"coned","utility_split":false,"homes":449,"homes_source":"pluto","multifamily_5plus_lots":3,"median_income":84643,"income_band":"60–100k","low_income_share":0.54,"median_year_built":1952,"pre1980":0.91,"owner":0.46,"fuel":{"gas":0.86,"propane":0.01,"electric":0.09,"oil":0.01,"other":0.04,"none":0},"dac":true,"dac_share":1,"score":70,"parts":{"volume":22.8,"fuel":7.3,"age":18.2,"owner":6.9,"incentive":15},"gaps":[]}},{"type":"Feature","geometry":{"type":"Polygon","coordinates":[[[-73.86317,40.65828],[-73.86219,40.65683],[-73.86096,40.65518],[-73.86048,40.65466],[-73.85735,40.6568],[-73.85212,40.66085],[-73.85113,40.66151],[-73.84881,40.6628],[-73.84954,40.66375],[-73.84985,40.66441],[-73.8511,40.66941],[-73.8481,40.66983],[-73.84793,40.67004],[-73.84531,40.66929],[-73.84227,40.66827],[-73.84257,40.66928],[-73.84321,40.66932],[-73.84848,40.67092],[-73.85711,40.67358],[-73.85825,40.67414],[-73.86132,40.67502],[-73.86106,40.67434],[-73.86108,40.67402],[-73.86039,40.67127],[-73.85763,40.67166],[-73.85642,40.66703],[-73.85569,40.66387],[-73.85843,40.66345],[-73.85761,40.66012],[-73.85851,40.6599],[-73.86036,40.65965],[-73.86317,40.65828]]]},"properties":{"geoid":"36081006202","county":"081","county_name":"Queens","utility":"coned","utility_split":false,"homes":598,"homes_source":"pluto","multifamily_5plus_lots":36,"median_income":91902,"income_band":"60–100k","low_income_share":0.54,"median_year_built":1964,"pre1980":0.76,"owner":0.51,"fuel":{"gas":0.84,"propane":0.06,"electric":0.05,"oil":0.03,"other":0,"none":0.01},"dac":true,"dac_share":1,"score":70,"parts":{"volume":23.9,"fuel":8.3,"age":15.2,"owner":7.6,"incentive":15},"gaps":[]}},{"type":"Feature","geometry":{"type":"Polygon","coordinates":[[[-73.92339,40.77509],[-73.92398,40.77462],[-73.92279,40.77396],[-73.92008,40.77207],[-73.91959,40.77247],[-73.9189,40.77198],[-73.91708,40.77347],[-73.92265,40.77742],[-73.92376,40.77655],[-73.92303,40.77538],[-73.92339,40.77509]]]},"properties":{"geoid":"36081009500","county":"081","county_name":"Queens","utility":"coned","utility_split":false,"homes":281,"homes_source":"pluto","multifamily_5plus_lots":48,"median_income":127946,"income_band":"100–150k","low_income_share":0.44,"median_year_built":1938,"pre1980":0.97,"owner":0.27,"fuel":{"gas":0.68,"propane":0.04,"electric":0.11,"oil":0.12,"other":0.05,"none":0},"dac":true,"dac_share":1,"score":70,"parts":{"volume":21.1,"fuel":10.2,"age":19.5,"owner":4,"incentive":15},"gaps":[]}},{"type":"Feature","geometry":{"type":"Polygon","coordinates":[[[-73.83751,40.6913],[-73.83635,40.68893],[-73.83546,40.68918],[-73.83604,40.69035],[-73.83515,40.6906],[-73.83373,40.68776],[-73.83185,40.68829],[-73.8331,40.69083],[-73.83151,40.69128],[-73.8311,40.69128],[-73.83053,40.69143],[-73.8313,40.69306],[-73.83751,40.6913]]]},"properties":{"geoid":"36081011800","county":"081","county_name":"Queens","utility":"coned","utility_split":false,"homes":352,"homes_source":"pluto","multifamily_5plus_lots":6,"median_income":86754,"income_band":"60–100k","low_income_share":0.61,"median_year_built":1945,"pre1980":0.92,"owner":0.47,"fuel":{"gas":0.82,"propane":0.03,"electric":0.13,"oil":0.02,"other":0,"none":0},"dac":true,"dac_share":1,"score":70,"parts":{"volume":21.9,"fuel":8,"age":18.4,"owner":7,"incentive":15},"gaps":[]}},{"type":"Feature","geometry":{"type":"Polygon","coordinates":[[[-73.8313,40.69306],[-73.82934,40.689],[-73.82599,40.68995],[-73.82797,40.69399],[-73.8313,40.69306]]]},"properties":{"geoid":"36081012000","county":"081","county_name":"Queens","utility":"coned","utility_split":false,"homes":318,"homes_source":"pluto","multifamily_5plus_lots":2,"median_income":82500,"income_band":"60–100k","low_income_share":0.64,"median_year_built":1938,"pre1980":0.91,"owner":0.42,"fuel":{"gas":0.8,"propane":0.02,"electric":0.11,"oil":0.07,"other":0,"none":0},"dac":true,"dac_share":1,"score":70,"parts":{"volume":21.6,"fuel":8.6,"age":18.2,"owner":6.3,"incentive":15},"gaps":[]}},{"type":"Feature","geometry":{"type":"Polygon","coordinates":[[[-73.90596,40.77619],[-73.89881,40.77115],[-73.89665,40.77291],[-73.89522,40.7719],[-73.89289,40.77381],[-73.89356,40.77412],[-73.89657,40.77625],[-73.89423,40.77815],[-73.89779,40.78073],[-73.90017,40.77878],[-73.90087,40.77928],[-73.90309,40.77746],[-73.90379,40.77796],[-73.90596,40.77619]]]},"properties":{"geoid":"36081012301","county":"081","county_name":"Queens","utility":"coned","utility_split":false,"homes":555,"homes_source":"pluto","multifamily_5plus_lots":28,"median_income":106328,"income_band":"100–150k","low_income_share":0.45,"median_year_built":1948,"pre1980":0.82,"owner":0.4,"fuel":{"gas":0.75,"propane":0.03,"electric":0.09,"oil":0.07,"other":0,"none":0.06},"dac":true,"dac_share":1,"score":70,"parts":{"volume":23.6,"fuel":8.4,"age":16.5,"owner":6,"incentive":15},"gaps":[]}},{"type":"Feature","geometry":{"type":"Polygon","coordinates":[[[-73.8364,40.69741],[-73.83717,40.69687],[-73.83481,40.69207],[-73.8313,40.69306],[-73.83407,40.6987],[-73.8364,40.69741]]]},"properties":{"geoid":"36081012400","county":"081","county_name":"Queens","utility":"coned","utility_split":false,"homes":349,"homes_source":"pluto","multifamily_5plus_lots":9,"median_income":71435,"income_band":"60–100k","low_income_share":0.61,"median_year_built":1938,"pre1980":0.96,"owner":0.4,"fuel":{"gas":0.88,"propane":0.03,"electric":0.02,"oil":0.05,"other":0,"none":0.02},"dac":true,"dac_share":1,"score":70,"parts":{"volume":21.9,"fuel":7.9,"age":19.2,"owner":6,"incentive":15},"gaps":[]}},{"type":"Feature","geometry":{"type":"Polygon","coordinates":[[[-73.88733,40.76112],[-73.8863,40.75546],[-73.88351,40.75575],[-73.88454,40.76141],[-73.88733,40.76112]]]},"properties":{"geoid":"36081032700","county":"081","county_name":"Queens","utility":"coned","utility_split":false,"homes":458,"homes_source":"pluto","multifamily_5plus_lots":12,"median_income":88167,"income_band":"60–100k","low_income_share":0.55,"median_year_built":1938,"pre1980":0.92,"owner":0.34,"fuel":{"gas":0.82,"propane":0.01,"electric":0.01,"oil":0.1,"other":0.04,"none":0.02},"dac":true,"dac_share":1,"score":70,"parts":{"volume":22.9,"fuel":8.5,"age":18.3,"owner":5.1,"incentive":15},"gaps":[]}},{"type":"Feature","geometry":{"type":"Polygon","coordinates":[[[-73.87601,40.76144],[-73.87514,40.75663],[-73.87222,40.75694],[-73.87325,40.76266],[-73.87531,40.76301],[-73.875,40.76126],[-73.87601,40.76144]]]},"properties":{"geoid":"36081035300","county":"081","county_name":"Queens","utility":"coned","utility_split":false,"homes":353,"homes_source":"pluto","multifamily_5plus_lots":8,"median_income":104107,"income_band":"100–150k","low_income_share":0.45,"median_year_built":1949,"pre1980":0.93,"owner":0.48,"fuel":{"gas":0.86,"propane":0.02,"electric":0.09,"oil":0.03,"other":0,"none":0},"dac":true,"dac_share":1,"score":70,"parts":{"volume":21.9,"fuel":7.7,"age":18.6,"owner":7.2,"incentive":15},"gaps":[]}},{"type":"Feature","geometry":{"type":"Polygon","coordinates":[[[-73.87554,40.76423],[-73.87531,40.76301],[-73.87325,40.76266],[-73.87222,40.75694],[-73.87041,40.75713],[-73.87177,40.76463],[-73.87554,40.76423]]]},"properties":{"geoid":"36081036100","county":"081","county_name":"Queens","utility":"coned","utility_split":false,"homes":336,"homes_source":"pluto","multifamily_5plus_lots":9,"median_income":92500,"income_band":"60–100k","low_income_share":0.57,"median_year_built":1946,"pre1980":0.94,"owner":0.39,"fuel":{"gas":0.85,"propane":0.02,"electric":0.01,"oil":0.08,"other":0.04,"none":0},"dac":true,"dac_share":1,"score":70,"parts":{"volume":21.8,"fuel":8.5,"age":18.9,"owner":5.9,"incentive":15},"gaps":[]}},{"type":"Feature","geometry":{"type":"Polygon","coordinates":[[[-73.89384,40.70086],[-73.89335,40.70089],[-73.89289,40.69774],[-73.88819,40.69886],[-73.88882,40.69951],[-73.88873,40.6996],[-73.88886,40.70128],[-73.8874,40.7014],[-73.88804,40.70297],[-73.89274,40.70185],[-73.89384,40.70086]]]},"properties":{"geoid":"36081057700","county":"081","county_name":"Queens","utility":"coned","utility_split":false,"homes":460,"homes_source":"pluto","multifamily_5plus_lots":54,"median_income":75750,"income_band":"60–100k","low_income_share":0.64,"median_year_built":1938,"pre1980":0.9,"owner":0.23,"fuel":{"gas":0.72,"propane":0.15,"electric":0.06,"oil":0.03,"other":0.05,"none":0},"dac":true,"dac_share":1,"score":70,"parts":{"volume":22.9,"fuel":10.3,"age":18.1,"owner":3.5,"incentive":15},"gaps":[]}},{"type":"Feature","geometry":{"type":"Polygon","coordinates":[[[-73.73661,40.6616],[-73.73708,40.66098],[-73.73627,40.66063],[-73.73584,40.66116],[-73.733,40.66266],[-73.72943,40.65869],[-73.72839,40.65741],[-73.72952,40.65743],[-73.72977,40.65216],[-73.7269,40.65209],[-73.72689,40.65281],[-73.72649,40.65281],[-73.72636,40.65416],[-73.72487,40.65345],[-73.72479,40.654],[-73.72534,40.65532],[-73.72593,40.65773],[-73.72644,40.65916],[-73.72793,40.66175],[-73.72833,40.66304],[-73.72809,40.66307],[-73.72781,40.66322],[-73.72776,40.66399],[-73.72784,40.66505],[-73.72822,40.66596],[-73.72827,40.66644],[-73.72981,40.66643],[-73.72985,40.66535],[-73.73297,40.66536],[-73.73287,40.66521],[-73.73618,40.66349],[-73.73516,40.66236],[-73.73661,40.6616]]]},"properties":{"geoid":"36081065600","county":"081","county_name":"Queens","utility":"coned","utility_split":false,"homes":921,"homes_source":"pluto","multifamily_5plus_lots":2,"median_income":117800,"income_band":"100–150k","low_income_share":0.4,"median_year_built":1959,"pre1980":0.68,"owner":0.62,"fuel":{"gas":0.93,"propane":0.01,"electric":0.02,"oil":0.04,"other":0,"none":0},"dac":true,"dac_share":1,"score":70,"parts":{"volume":25,"fuel":7.3,"age":13.6,"owner":9.3,"incentive":15},"gaps":[]}},{"type":"Feature","geometry":{"type":"Polygon","coordinates":[[[-73.75982,40.65935],[-73.76007,40.65784],[-73.75837,40.6576],[-73.75682,40.65705],[-73.75598,40.65664],[-73.75295,40.65488],[-73.75154,40.6543],[-73.74804,40.65251],[-73.74332,40.65254],[-73.74329,40.65613],[-73.74487,40.65615],[-73.74506,40.65741],[-73.74806,40.65754],[-73.75396,40.65821],[-73.75744,40.65913],[-73.75982,40.65935]]]},"properties":{"geoid":"36081069400","county":"081","county_name":"Queens","utility":"coned","utility_split":false,"homes":628,"homes_source":"pluto","multifamily_5plus_lots":0,"median_income":117692,"income_band":"100–150k","low_income_share":0.4,"median_year_built":1963,"pre1980":0.74,"owner":0.48,"fuel":{"gas":0.67,"propane":0,"electric":0.21,"oil":0.07,"other":0.04,"none":0},"dac":true,"dac_share":1,"score":70,"parts":{"volume":24.1,"fuel":9.2,"age":14.8,"owner":7.3,"incentive":15},"gaps":[]}},{"type":"Feature","geometry":{"type":"Polygon","coordinates":[[[-73.73949,40.77585],[-73.73954,40.77581],[-73.73943,40.77582],[-73.73762,40.77474],[-73.72162,40.76484],[-73.72114,40.76487],[-73.72146,40.76503],[-73.72045,40.7652],[-73.72051,40.76934],[-73.72057,40.7694],[-73.7223,40.76934],[-73.72676,40.76887],[-73.72693,40.77076],[-73.72736,40.77081],[-73.72845,40.77066],[-73.72871,40.77097],[-73.7287,40.7711],[-73.72899,40.77154],[-73.72918,40.77164],[-73.72949,40.77213],[-73.7297,40.7729],[-73.72892,40.7732],[-73.72882,40.77306],[-73.72577,40.7737],[-73.72438,40.7743],[-73.71758,40.77628],[-73.71697,40.7752],[-73.71606,40.77559],[-73.71682,40.77676],[-73.71839,40.77809],[-73.71845,40.77887],[-73.71723,40.77936],[-73.71836,40.78123],[-73.72202,40.77964],[-73.72833,40.77668],[-73.72878,40.7773],[-73.72953,40.77894],[-73.73071,40.78231],[-73.73065,40.78258],[-73.73017,40.78302],[-73.73117,40.78297],[-73.7329,40.78071],[-73.73341,40.78122],[-73.73423,40.7803],[-73.73575,40.77892],[-73.73938,40.77601],[-73.73933,40.77596],[-73.73949,40.77585]]]},"properties":{"geoid":"36059300800","county":"059","county_name":"Nassau","utility":"psegli","utility_split":false,"homes":956,"homes_source":"acs_est","multifamily_5plus_lots":null,"median_income":101786,"income_band":"100–150k","low_income_share":0.5,"median_year_built":1950,"pre1980":0.95,"owner":0.86,"fuel":{"gas":0.76,"propane":0.02,"electric":0.02,"oil":0.16,"other":0.01,"none":0.03},"dac":false,"dac_share":0,"score":70,"parts":{"volume":25,"fuel":9.7,"age":19,"owner":13,"incentive":3.7},"gaps":[]}},{"type":"Feature","geometry":{"type":"Polygon","coordinates":[[[-73.69376,40.79963],[-73.69306,40.7967],[-73.68821,40.79725],[-73.68827,40.79743],[-73.68865,40.79742],[-73.68879,40.79783],[-73.68879,40.7985],[-73.68713,40.79855],[-73.68698,40.79825],[-73.68623,40.79534],[-73.68568,40.79443],[-73.67826,40.79528],[-73.67493,40.79582],[-73.66902,40.79716],[-73.66934,40.79917],[-73.66926,40.79931],[-73.66917,40.80039],[-73.66862,40.80278],[-73.67152,40.80259],[-73.67278,40.8035],[-73.68565,40.80119],[-73.68589,40.802],[-73.68757,40.80197],[-73.68921,40.80165],[-73.68896,40.80035],[-73.69376,40.79963]]]},"properties":{"geoid":"36059301700","county":"059","county_name":"Nassau","utility":"psegli","utility_split":false,"homes":829,"homes_source":"acs_est","multifamily_5plus_lots":null,"median_income":250001,"income_band":"150k+","low_income_share":0.13,"median_year_built":1938,"pre1980":0.99,"owner":0.99,"fuel":{"gas":0.77,"propane":0.06,"electric":0.06,"oil":0.1,"other":0.01,"none":0},"dac":false,"dac_share":0,"score":70,"parts":{"volume":25,"fuel":9.7,"age":19.7,"owner":14.9,"incentive":1},"gaps":[]}},{"type":"Feature","geometry":{"type":"Polygon","coordinates":[[[-73.64203,40.79317],[-73.64221,40.79299],[-73.6417,40.79271],[-73.64083,40.79271],[-73.64033,40.79288],[-73.63911,40.79282],[-73.63988,40.79117],[-73.64037,40.7912],[-73.6407,40.79145],[-73.64072,40.78969],[-73.64061,40.78931],[-73.63989,40.78842],[-73.63959,40.78693],[-73.63896,40.7852],[-73.63884,40.78457],[-73.63888,40.78391],[-73.63939,40.78198],[-73.63941,40.78151],[-73.63929,40.78071],[-73.63907,40.78009],[-73.63247,40.78008],[-73.62957,40.77997],[-73.62872,40.77982],[-73.62775,40.77939],[-73.62678,40.77877],[-73.62626,40.77818],[-73.62483,40.77799],[-73.62412,40.77805],[-73.62347,40.78111],[-73.62419,40.7811],[-73.62427,40.7817],[-73.62327,40.78206],[-73.6213,40.79066],[-73.62037,40.79059],[-73.61786,40.79019],[-73.61771,40.79053],[-73.61775,40.7911],[-73.61752,40.79171],[-73.61888,40.79301],[-73.61984,40.79359],[-73.62058,40.79426],[-73.62224,40.7955],[-73.62233,40.79528],[-73.62245,40.79521],[-73.62604,40.79445],[-73.62953,40.79486],[-73.63223,40.79508],[-73.64069,40.79431],[-73.64101,40.79417],[-73.64203,40.79317]]]},"properties":{"geoid":"36059302102","county":"059","county_name":"Nassau","utility":"psegli","utility_split":false,"homes":1130,"homes_source":"acs_est","multifamily_5plus_lots":null,"median_income":250001,"income_band":"150k+","low_income_share":0.16,"median_year_built":1950,"pre1980":0.82,"owner":1,"fuel":{"gas":0.67,"propane":0.02,"electric":0,"oil":0.31,"other":0,"none":0},"dac":false,"dac_share":0,"score":70,"parts":{"volume":25,"fuel":12.5,"age":16.4,"owner":15,"incentive":1.2},"gaps":[]}},{"type":"Feature","geometry":{"type":"Polygon","coordinates":[[[-73.67084,40.76603],[-73.67074,40.76534],[-73.67038,40.7643],[-73.66998,40.76356],[-73.66661,40.76063],[-73.66609,40.76028],[-73.66555,40.76005],[-73.66473,40.75988],[-73.66354,40.75993],[-73.66078,40.76057],[-73.65887,40.76082],[-73.65803,40.76118],[-73.6575,40.76174],[-73.6562,40.76388],[-73.65596,40.76447],[-73.65589,40.76494],[-73.65585,40.76565],[-73.65595,40.76618],[-73.65742,40.76973],[-73.65123,40.77049],[-73.652,40.77178],[-73.65197,40.7722],[-73.65153,40.77307],[-73.65126,40.77503],[-73.65145,40.77599],[-73.65172,40.77677],[-73.65174,40.77714],[-73.6516,40.77741],[-73.65083,40.77833],[-73.65073,40.77887],[-73.64999,40.77888],[-73.64952,40.78165],[-73.6522,40.78151],[-73.65354,40.78135],[-73.65454,40.78108],[-73.65577,40.78052],[-73.65731,40.77966],[-73.65678,40.77892],[-73.65661,40.77882],[-73.65655,40.77779],[-73.65831,40.77755],[-73.65921,40.77734],[-73.65964,40.77791],[-73.66086,40.7789],[-73.66142,40.77867],[-73.66322,40.77815],[-73.66488,40.77726],[-73.66546,40.77679],[-73.6668,40.7754],[-73.66658,40.77374],[-73.66724,40.77353],[-73.66718,40.77325],[-73.66771,40.77302],[-73.66722,40.77004],[-73.6668,40.76945],[-73.66545,40.76846],[-73.66687,40.76774],[-73.66804,40.76752],[-73.67058,40.76721],[-73.67084,40.76603]]]},"properties":{"geoid":"36059302300","county":"059","county_name":"Nassau","utility":"psegli","utility_split":false,"homes":1610,"homes_source":"acs_est","multifamily_5plus_lots":null,"median_income":212344,"income_band":"150k+","low_income_share":0.18,"median_year_built":1962,"pre1980":0.92,"owner":0.97,"fuel":{"gas":0.76,"propane":0.02,"electric":0.02,"oil":0.18,"other":0.01,"none":0},"dac":false,"dac_share":0,"score":70,"parts":{"volume":25,"fuel":10.4,"age":18.4,"owner":14.5,"incentive":1.3},"gaps":[]}},{"type":"Feature","geometry":{"type":"Polygon","coordinates":[[[-73.65742,40.76973],[-73.65595,40.76618],[-73.65586,40.76579],[-73.65589,40.76494],[-73.65602,40.76428],[-73.65688,40.76273],[-73.65514,40.76259],[-73.65516,40.76287],[-73.65499,40.7629],[-73.65097,40.763],[-73.64942,40.76421],[-73.64857,40.76455],[-73.64852,40.76476],[-73.64808,40.76502],[-73.64712,40.76534],[-73.6472,40.76571],[-73.64536,40.76575],[-73.64076,40.7665],[-73.643,40.77988],[-73.64331,40.78132],[-73.64545,40.78171],[-73.64645,40.7818],[-73.64952,40.78165],[-73.64999,40.77888],[-73.65073,40.77887],[-73.65083,40.77833],[-73.6516,40.77741],[-73.65174,40.77714],[-73.65172,40.77677],[-73.65145,40.77599],[-73.65126,40.77503],[-73.65153,40.77307],[-73.65197,40.7722],[-73.652,40.77178],[-73.65123,40.77049],[-73.65742,40.76973]]]},"properties":{"geoid":"36059302400","county":"059","county_name":"Nassau","utility":"psegli","utility_split":false,"homes":1755,"homes_source":"acs_est","multifamily_5plus_lots":null,"median_income":132955,"income_band":"100–150k","low_income_share":0.28,"median_year_built":1954,"pre1980":0.89,"owner":0.94,"fuel":{"gas":0.69,"propane":0.01,"electric":0.1,"oil":0.2,"other":0,"none":0},"dac":false,"dac_share":0,"score":70,"parts":{"volume":25,"fuel":10.8,"age":17.7,"owner":14.1,"incentive":2.1},"gaps":[]}},{"type":"Feature","geometry":{"type":"Polygon","coordinates":[[[-73.68778,40.75479],[-73.6842,40.74488],[-73.6832,40.7444],[-73.6827,40.74244],[-73.68243,40.74178],[-73.68233,40.74109],[-73.67884,40.74182],[-73.677,40.73715],[-73.67618,40.73564],[-73.67594,40.73478],[-73.67537,40.73336],[-73.6712,40.73413],[-73.67118,40.73708],[-73.67165,40.74014],[-73.67174,40.74134],[-73.67161,40.74222],[-73.67157,40.74341],[-73.67184,40.74464],[-73.67212,40.74663],[-73.67271,40.74835],[-73.67306,40.74976],[-73.67321,40.75119],[-73.6734,40.75192],[-73.67394,40.75224],[-73.67499,40.75246],[-73.67551,40.75268],[-73.67583,40.75296],[-73.67636,40.75394],[-73.67679,40.75426],[-73.67731,40.75442],[-73.68048,40.75477],[-73.68211,40.75504],[-73.68614,40.75497],[-73.68778,40.75479]]]},"properties":{"geoid":"36059302900","county":"059","county_name":"Nassau","utility":"psegli","utility_split":false,"homes":1529,"homes_source":"acs_est","multifamily_5plus_lots":null,"median_income":197000,"income_band":"150k+","low_income_share":0.23,"median_year_built":1948,"pre1980":0.95,"owner":0.98,"fuel":{"gas":0.8,"propane":0.05,"electric":0,"oil":0.15,"other":0,"none":0.01},"dac":false,"dac_share":0,"score":70,"parts":{"volume":25,"fuel":9.9,"age":19.1,"owner":14.7,"incentive":1.7},"gaps":[]}},{"type":"Feature","geometry":{"type":"Polygon","coordinates":[[[-73.67328,40.75153],[-73.67321,40.75119],[-73.67289,40.75066],[-73.67213,40.75004],[-73.67098,40.74926],[-73.67021,40.74828],[-73.66923,40.74748],[-73.66678,40.74575],[-73.66321,40.74365],[-73.66157,40.74289],[-73.65986,40.74257],[-73.65724,40.7438],[-73.65755,40.7445],[-73.6579,40.74632],[-73.65787,40.7471],[-73.65747,40.74912],[-73.6574,40.75011],[-73.65741,40.75057],[-73.6579,40.75321],[-73.66131,40.75278],[-73.66133,40.75288],[-73.66497,40.75254],[-73.67328,40.75153]]]},"properties":{"geoid":"36059303203","county":"059","county_name":"Nassau","utility":"psegli","utility_split":false,"homes":1006,"homes_source":"acs_est","multifamily_5plus_lots":null,"median_income":165982,"income_band":"150k+","low_income_share":0.3,"median_year_built":1955,"pre1980":0.98,"owner":0.95,"fuel":{"gas":0.79,"propane":0,"electric":0.05,"oil":0.12,"other":0,"none":0.03},"dac":false,"dac_share":0,"score":70,"parts":{"volume":25,"fuel":8.7,"age":19.6,"owner":14.2,"incentive":2.2},"gaps":[]}},{"type":"Feature","geometry":{"type":"Polygon","coordinates":[[[-73.64076,40.7665],[-73.64049,40.76514],[-73.63993,40.76129],[-73.6396,40.75779],[-73.63897,40.75337],[-73.63856,40.75368],[-73.6356,40.754],[-73.63559,40.7546],[-73.63427,40.75479],[-73.63211,40.75545],[-73.6319,40.75526],[-73.63175,40.75482],[-73.6264,40.75671],[-73.62623,40.75648],[-73.62534,40.7569],[-73.6266,40.75963],[-73.62634,40.7616],[-73.62857,40.7661],[-73.63069,40.76741],[-73.63655,40.76698],[-73.64076,40.7665]]]},"properties":{"geoid":"36059303400","county":"059","county_name":"Nassau","utility":"psegli","utility_split":false,"homes":839,"homes_source":"acs_est","multifamily_5plus_lots":null,"median_income":214750,"income_band":"150k+","low_income_share":0.22,"median_year_built":1951,"pre1980":0.93,"owner":0.98,"fuel":{"gas":0.77,"propane":0,"electric":0,"oil":0.21,"other":0.01,"none":0.01},"dac":false,"dac_share":0,"score":70,"parts":{"volume":25,"fuel":10.3,"age":18.6,"owner":14.6,"incentive":1.6},"gaps":[]}},{"type":"Feature","geometry":{"type":"Polygon","coordinates":[[[-73.6348,40.74964],[-73.63478,40.74803],[-73.63466,40.74637],[-73.6342,40.74295],[-73.63437,40.74209],[-73.63418,40.74148],[-73.63395,40.74115],[-73.63381,40.73996],[-73.62201,40.74208],[-73.62273,40.74437],[-73.62321,40.74513],[-73.62334,40.74566],[-73.62326,40.74632],[-73.62312,40.74667],[-73.6221,40.74809],[-73.6218,40.74894],[-73.62244,40.7488],[-73.62215,40.7496],[-73.62221,40.75031],[-73.62244,40.75098],[-73.62299,40.75158],[-73.62258,40.75165],[-73.62306,40.7523],[-73.62402,40.75409],[-73.6239,40.75415],[-73.62372,40.7546],[-73.62406,40.75515],[-73.62127,40.75661],[-73.6228,40.75799],[-73.62325,40.75875],[-73.62379,40.75999],[-73.6266,40.75963],[-73.62534,40.7569],[-73.62623,40.75648],[-73.6264,40.75671],[-73.63175,40.75482],[-73.6319,40.75526],[-73.63211,40.75545],[-73.63427,40.75479],[-73.6342,40.75314],[-73.6343,40.75237],[-73.63454,40.75159],[-73.6348,40.74964]]]},"properties":{"geoid":"36059303700","county":"059","county_name":"Nassau","utility":"psegli","utility_split":false,"homes":2128,"homes_source":"acs_est","multifamily_5plus_lots":null,"median_income":122112,"income_band":"100–150k","low_income_share":0.44,"median_year_built":1954,"pre1980":0.93,"owner":0.85,"fuel":{"gas":0.76,"propane":0.03,"electric":0.02,"oil":0.19,"other":0,"none":0},"dac":false,"dac_share":0,"score":70,"parts":{"volume":25,"fuel":10.5,"age":18.5,"owner":12.8,"incentive":3.3},"gaps":[]}},{"type":"Feature","geometry":{"type":"Polygon","coordinates":[[[-73.72988,40.72239],[-73.73033,40.72216],[-73.72918,40.71917],[-73.72835,40.71946],[-73.72607,40.72004],[-73.71228,40.72316],[-73.71243,40.72546],[-73.71258,40.72617],[-73.7124,40.72698],[-73.71649,40.72645],[-73.71785,40.72616],[-73.72553,40.72408],[-73.72923,40.72271],[-73.72988,40.72239]]]},"properties":{"geoid":"36059404300","county":"059","county_name":"Nassau","utility":"psegli","utility_split":false,"homes":1089,"homes_source":"acs_est","multifamily_5plus_lots":null,"median_income":166484,"income_band":"150k+","low_income_share":0.28,"median_year_built":1938,"pre1980":0.99,"owner":0.9,"fuel":{"gas":0.79,"propane":0.04,"electric":0.03,"oil":0.12,"other":0,"none":0},"dac":false,"dac_share":0,"score":70,"parts":{"volume":25,"fuel":9.6,"age":19.8,"owner":13.5,"incentive":2.1},"gaps":[]}},{"type":"Feature","geometry":{"type":"Polygon","coordinates":[[[-73.72239,40.72087],[-73.72175,40.71911],[-73.72093,40.71864],[-73.72023,40.71841],[-73.71966,40.71859],[-73.71989,40.71807],[-73.71977,40.71631],[-73.716,40.716],[-73.71507,40.71606],[-73.71423,40.71631],[-73.71382,40.71763],[-73.71382,40.71785],[-73.71304,40.71802],[-73.71209,40.71802],[-73.71053,40.71785],[-73.71022,40.7168],[-73.70868,40.71623],[-73.70864,40.7163],[-73.7082,40.71613],[-73.70799,40.71628],[-73.70751,40.71613],[-73.7071,40.71689],[-73.70628,40.71806],[-73.70487,40.71899],[-73.70232,40.72388],[-73.70458,40.72478],[-73.70453,40.72487],[-73.70534,40.72509],[-73.71048,40.72723],[-73.7124,40.72698],[-73.71258,40.72617],[-73.71243,40.72546],[-73.71228,40.72316],[-73.72239,40.72087]]]},"properties":{"geoid":"36059404400","county":"059","county_name":"Nassau","utility":"psegli","utility_split":false,"homes":1414,"homes_source":"acs_est","multifamily_5plus_lots":null,"median_income":165938,"income_band":"150k+","low_income_share":0.31,"median_year_built":1938,"pre1980":0.98,"owner":0.84,"fuel":{"gas":0.75,"propane":0.02,"electric":0.03,"oil":0.16,"other":0.03,"none":0.01},"dac":false,"dac_share":0,"score":70,"parts":{"volume":25,"fuel":10,"age":19.7,"owner":12.7,"incentive":2.3},"gaps":[]}},{"type":"Feature","geometry":{"type":"Polygon","coordinates":[[[-73.71738,40.69441],[-73.71748,40.69428],[-73.71498,40.69283],[-73.70844,40.68962],[-73.70473,40.68792],[-73.70164,40.68662],[-73.6999,40.68624],[-73.69937,40.68618],[-73.6985,40.68623],[-73.69624,40.6868],[-73.69561,40.68688],[-73.69442,40.68677],[-73.6924,40.68619],[-73.69174,40.68824],[-73.69091,40.69032],[-73.69095,40.69069],[-73.69166,40.69086],[-73.69333,40.69157],[-73.69228,40.69751],[-73.69496,40.6978],[-73.69501,40.69745],[-73.6945,40.69726],[-73.69528,40.6932],[-73.69618,40.69328],[-73.69667,40.69325],[-73.69717,40.69309],[-73.69728,40.69304],[-73.69779,40.69203],[-73.70007,40.6931],[-73.69967,40.6938],[-73.71377,40.69917],[-73.71512,40.69726],[-73.71683,40.69521],[-73.71738,40.69441]]]},"properties":{"geoid":"36059405100","county":"059","county_name":"Nassau","utility":"psegli","utility_split":false,"homes":2120,"homes_source":"acs_est","multifamily_5plus_lots":null,"median_income":132626,"income_band":"100–150k","low_income_share":0.31,"median_year_built":1951,"pre1980":0.96,"owner":0.8,"fuel":{"gas":0.51,"propane":0.03,"electric":0.02,"oil":0.28,"other":0.02,"none":0.13},"dac":false,"dac_share":0,"score":70,"parts":{"volume":25,"fuel":11.5,"age":19.2,"owner":12,"incentive":2.3},"gaps":[]}},{"type":"Feature","geometry":{"type":"Polygon","coordinates":[[[-73.69066,40.70852],[-73.69073,40.7081],[-73.68759,40.70842],[-73.68489,40.70838],[-73.67586,40.70745],[-73.67548,40.70865],[-73.67668,40.71187],[-73.67796,40.71655],[-73.68291,40.71655],[-73.68285,40.71614],[-73.6829,40.7152],[-73.68284,40.71447],[-73.68273,40.71447],[-73.68284,40.71398],[-73.68299,40.71385],[-73.68411,40.71443],[-73.68477,40.71449],[-73.68478,40.71471],[-73.68523,40.71473],[-73.6852,40.71499],[-73.68564,40.7151],[-73.68645,40.71583],[-73.68688,40.71586],[-73.68685,40.71619],[-73.68729,40.71623],[-73.68727,40.71644],[-73.68846,40.71725],[-73.6888,40.71756],[-73.68909,40.71799],[-73.68836,40.71597],[-73.68828,40.71541],[-73.68839,40.71507],[-73.68943,40.71302],[-73.69066,40.70852]]]},"properties":{"geoid":"36059405301","county":"059","county_name":"Nassau","utility":"psegli","utility_split":false,"homes":972,"homes_source":"acs_est","multifamily_5plus_lots":null,"median_income":152083,"income_band":"150k+","low_income_share":0.37,"median_year_built":1951,"pre1980":0.94,"owner":0.89,"fuel":{"gas":0.77,"propane":0.04,"electric":0.05,"oil":0.14,"other":0,"none":0},"dac":false,"dac_share":0,"score":70,"parts":{"volume":25,"fuel":10,"age":18.8,"owner":13.4,"incentive":2.8},"gaps":[]}},{"type":"Feature","geometry":{"type":"Polygon","coordinates":[[[-73.66255,40.67908],[-73.66232,40.67669],[-73.66246,40.67525],[-73.66198,40.67388],[-73.66198,40.67369],[-73.66143,40.67383],[-73.66014,40.6711],[-73.65943,40.6699],[-73.65881,40.66915],[-73.65819,40.66798],[-73.65877,40.66766],[-73.65939,40.66749],[-73.65942,40.66644],[-73.65934,40.66571],[-73.65921,40.6653],[-73.65843,40.66445],[-73.65765,40.66315],[-73.65742,40.66294],[-73.65676,40.66348],[-73.65662,40.66347],[-73.6556,40.66392],[-73.65553,40.66434],[-73.65458,40.66544],[-73.654,40.66677],[-73.65413,40.66747],[-73.65362,40.66819],[-73.65384,40.66826],[-73.65295,40.66981],[-73.65187,40.671],[-73.64987,40.6726],[-73.65126,40.67489],[-73.64573,40.67144],[-73.64474,40.67149],[-73.64435,40.67133],[-73.64358,40.67147],[-73.64231,40.67315],[-73.64073,40.67453],[-73.63923,40.67762],[-73.63778,40.67988],[-73.63684,40.6809],[-73.63655,40.68133],[-73.63618,40.68241],[-73.6342,40.68643],[-73.63324,40.68817],[-73.63296,40.689],[-73.63298,40.68926],[-73.63271,40.69026],[-73.63373,40.69021],[-73.63444,40.69007],[-73.63598,40.6895],[-73.63753,40.68876],[-73.63869,40.68806],[-73.64351,40.68429],[-73.64543,40.68345],[-73.64729,40.68296],[-73.64866,40.6828],[-73.64954,40.68278],[-73.65045,40.68286],[-73.65308,40.68337],[-73.65488,40.68356],[-73.66255,40.67908]]]},"properties":{"geoid":"36059406202","county":"059","county_name":"Nassau","utility":"psegli","utility_split":false,"homes":1559,"homes_source":"acs_est","multifamily_5plus_lots":null,"median_income":118777,"income_band":"100–150k","low_income_share":0.34,"median_year_built":1961,"pre1980":0.83,"owner":0.85,"fuel":{"gas":0.58,"propane":0.01,"electric":0.09,"oil":0.32,"other":0,"none":0},"dac":false,"dac_share":0,"score":70,"parts":{"volume":25,"fuel":13,"age":16.6,"owner":12.7,"incentive":2.5},"gaps":[]}},{"type":"Feature","geometry":{"type":"Polygon","coordinates":[[[-73.6725,40.72158],[-73.67212,40.7175],[-73.67233,40.71664],[-73.6711,40.71661],[-73.67075,40.71765],[-73.6645,40.71752],[-73.66412,40.71757],[-73.66099,40.71756],[-73.66099,40.7174],[-73.65921,40.71735],[-73.65917,40.71651],[-73.6576,40.71662],[-73.65204,40.71724],[-73.6512,40.71664],[-73.65107,40.7164],[-73.65541,40.71497],[-73.65567,40.71037],[-73.65745,40.71057],[-73.65738,40.71052],[-73.65784,40.70837],[-73.65567,40.70732],[-73.65391,40.70893],[-73.65204,40.7111],[-73.65016,40.71108],[-73.65013,40.71157],[-73.64892,40.71169],[-73.64891,40.71222],[-73.64404,40.71258],[-73.63706,40.71399],[-73.63701,40.71431],[-73.63378,40.71578],[-73.62995,40.71738],[-73.63005,40.71749],[-73.62981,40.71748],[-73.6288,40.71708],[-73.62895,40.71744],[-73.62888,40.71747],[-73.62894,40.71762],[-73.61804,40.72004],[-73.61405,40.72106],[-73.61163,40.72151],[-73.61164,40.72103],[-73.60908,40.72072],[-73.6091,40.72078],[-73.60871,40.72113],[-73.60976,40.72392],[-73.609,40.72409],[-73.60978,40.72612],[-73.61054,40.72594],[-73.61137,40.72812],[-73.61172,40.72805],[-73.61204,40.72889],[-73.61211,40.72938],[-73.62906,40.72553],[-73.63976,40.72318],[-73.64196,40.72288],[-73.64273,40.72285],[-73.64924,40.72291],[-73.64927,40.72204],[-73.64847,40.72195],[-73.64847,40.72074],[-73.64887,40.72094],[-73.64927,40.71923],[-73.64977,40.71952],[-73.65027,40.71902],[-73.65037,40.71882],[-73.64957,40.71771],[-73.65111,40.7179],[-73.65245,40.71773],[-73.65274,40.71752],[-73.65298,40.71777],[-73.6544,40.71817],[-73.65524,40.71915],[-73.65522,40.72143],[-73.65457,40.72252],[-73.65417,40.72279],[-73.65416,40.72294],[-73.67149,40.72302],[-73.67165,40.72268],[-73.67237,40.72197],[-73.6725,40.72158]]]},"properties":{"geoid":"36059406501","county":"059","county_name":"Nassau","utility":"psegli","utility_split":false,"homes":1923,"homes_source":"acs_est","multifamily_5plus_lots":null,"median_income":235676,"income_band":"150k+","low_income_share":0.22,"median_year_built":1950,"pre1980":0.95,"owner":0.99,"fuel":{"gas":0.82,"propane":0.02,"electric":0.01,"oil":0.15,"other":0,"none":0},"dac":false,"dac_share":0,"score":70,"parts":{"volume":25,"fuel":9.4,"age":19.1,"owner":14.8,"incentive":1.6},"gaps":[]}},{"type":"Feature","geometry":{"type":"Polygon","coordinates":[[[-73.61644,40.6884],[-73.61659,40.6877],[-73.61636,40.68761],[-73.61583,40.68787],[-73.61497,40.6878],[-73.61498,40.68822],[-73.61435,40.68814],[-73.61449,40.68745],[-73.61385,40.68741],[-73.61141,40.68701],[-73.61131,40.68689],[-73.61116,40.68504],[-73.61108,40.68483],[-73.61056,40.68472],[-73.60747,40.68449],[-73.60772,40.6853],[-73.60758,40.68822],[-73.60773,40.68927],[-73.60821,40.6908],[-73.60929,40.69319],[-73.60476,40.69453],[-73.60592,40.69516],[-73.6043,40.69606],[-73.60132,40.69753],[-73.60197,40.70207],[-73.60329,40.7022],[-73.60664,40.70233],[-73.61079,40.70281],[-73.61163,40.70255],[-73.61096,40.70169],[-73.60998,40.70019],[-73.60883,40.69871],[-73.61062,40.69672],[-73.61097,40.69658],[-73.6111,40.6968],[-73.61497,40.69546],[-73.6142,40.69419],[-73.61356,40.69273],[-73.61351,40.69237],[-73.61362,40.69161],[-73.61391,40.69026],[-73.616,40.69051],[-73.61644,40.6884]]]},"properties":{"geoid":"36059407102","county":"059","county_name":"Nassau","utility":"psegli","utility_split":false,"homes":1623,"homes_source":"acs_est","multifamily_5plus_lots":null,"median_income":159432,"income_band":"150k+","low_income_share":0.22,"median_year_built":1946,"pre1980":0.94,"owner":0.88,"fuel":{"gas":0.69,"propane":0.01,"electric":0.05,"oil":0.23,"other":0.02,"none":0},"dac":false,"dac_share":0,"score":70,"parts":{"volume":25,"fuel":11.2,"age":18.7,"owner":13.2,"incentive":1.7},"gaps":[]}},{"type":"Feature","geometry":{"type":"Polygon","coordinates":[[[-73.72744,40.67443],[-73.72754,40.67416],[-73.72702,40.6741],[-73.72413,40.67318],[-73.72095,40.67156],[-73.71789,40.67062],[-73.71433,40.66901],[-73.71332,40.66872],[-73.70803,40.66772],[-73.70806,40.6686],[-73.70827,40.66987],[-73.70895,40.67196],[-73.70951,40.6743],[-73.70953,40.67534],[-73.70932,40.67672],[-73.7096,40.67755],[-73.71053,40.67734],[-73.71278,40.67763],[-73.71472,40.67769],[-73.71489,40.67757],[-73.71565,40.67795],[-73.71583,40.6778],[-73.71774,40.67826],[-73.71823,40.67828],[-73.71779,40.67912],[-73.71837,40.67949],[-73.7193,40.67815],[-73.72024,40.67828],[-73.72157,40.67826],[-73.72181,40.6784],[-73.72201,40.67821],[-73.72236,40.67844],[-73.72404,40.67856],[-73.72415,40.67844],[-73.72584,40.67875],[-73.7262,40.67738],[-73.72744,40.67443]]]},"properties":{"geoid":"36059410300","county":"059","county_name":"Nassau","utility":"psegli","utility_split":false,"homes":1765,"homes_source":"acs_est","multifamily_5plus_lots":null,"median_income":160202,"income_band":"150k+","low_income_share":0.29,"median_year_built":1954,"pre1980":0.96,"owner":0.9,"fuel":{"gas":0.76,"propane":0.03,"electric":0.02,"oil":0.19,"other":0,"none":0},"dac":false,"dac_share":0,"score":70,"parts":{"volume":25,"fuel":10.4,"age":19.2,"owner":13.5,"incentive":2.2},"gaps":[]}},{"type":"Feature","geometry":{"type":"Polygon","coordinates":[[[-73.70082,40.66601],[-73.70104,40.66557],[-73.69085,40.66278],[-73.68368,40.66702],[-73.68376,40.66744],[-73.68508,40.66931],[-73.68601,40.67031],[-73.68581,40.67048],[-73.68311,40.67474],[-73.682,40.67572],[-73.68151,40.67638],[-73.68398,40.6777],[-73.68588,40.67733],[-73.68604,40.67739],[-73.68635,40.67731],[-73.68642,40.67738],[-73.68684,40.67727],[-73.68695,40.67736],[-73.68921,40.67675],[-73.69171,40.67742],[-73.69205,40.67765],[-73.6925,40.67723],[-73.69273,40.67743],[-73.6932,40.6771],[-73.69472,40.67573],[-73.69557,40.6752],[-73.69569,40.67493],[-73.69738,40.67298],[-73.69763,40.67228],[-73.69758,40.67131],[-73.69693,40.67131],[-73.69682,40.67094],[-73.6974,40.66972],[-73.69873,40.66854],[-73.69859,40.66827],[-73.69895,40.66812],[-73.69895,40.668],[-73.69982,40.66719],[-73.70046,40.6663],[-73.70082,40.66601]]]},"properties":{"geoid":"36059410600","county":"059","county_name":"Nassau","utility":"psegli","utility_split":false,"homes":2239,"homes_source":"acs_est","multifamily_5plus_lots":null,"median_income":161767,"income_band":"150k+","low_income_share":0.26,"median_year_built":1953,"pre1980":0.93,"owner":0.88,"fuel":{"gas":0.7,"propane":0,"electric":0.06,"oil":0.24,"other":0,"none":0},"dac":false,"dac_share":0,"score":70,"parts":{"volume":25,"fuel":11.2,"age":18.7,"owner":13.2,"incentive":1.9},"gaps":[]}},{"type":"Feature","geometry":{"type":"Polygon","coordinates":[[[-73.70314,40.66119],[-73.702,40.6602],[-73.70168,40.65954],[-73.70184,40.64472],[-73.69978,40.64551],[-73.69431,40.64718],[-73.69343,40.6477],[-73.69094,40.64946],[-73.68986,40.64998],[-73.69078,40.65058],[-73.69026,40.65109],[-73.68976,40.65208],[-73.68922,40.65339],[-73.6876,40.65628],[-73.69026,40.65716],[-73.6899,40.65796],[-73.69491,40.65889],[-73.70314,40.66119]]]},"properties":{"geoid":"36059410700","county":"059","county_name":"Nassau","utility":"psegli","utility_split":false,"homes":2155,"homes_source":"acs_est","multifamily_5plus_lots":null,"median_income":138182,"income_band":"100–150k","low_income_share":0.39,"median_year_built":1948,"pre1980":0.93,"owner":0.73,"fuel":{"gas":0.61,"propane":0.02,"electric":0.05,"oil":0.31,"other":0.02,"none":0},"dac":false,"dac_share":0,"score":70,"parts":{"volume":25,"fuel":12.7,"age":18.6,"owner":10.9,"incentive":2.9},"gaps":[]}},{"type":"Feature","geometry":{"type":"Polygon","coordinates":[[[-73.74602,40.63521],[-73.748,40.63463],[-73.7443,40.63151],[-73.74166,40.63091],[-73.74127,40.63104],[-73.74001,40.6321],[-73.73989,40.6323],[-73.73863,40.63267],[-73.73788,40.63272],[-73.73717,40.63305],[-73.73636,40.63236],[-73.73479,40.63327],[-73.73428,40.63366],[-73.7338,40.63384],[-73.73338,40.63386],[-73.73385,40.63406],[-73.73296,40.63551],[-73.73319,40.6358],[-73.73326,40.63601],[-73.73302,40.63666],[-73.73314,40.63785],[-73.73302,40.63807],[-73.73284,40.63819],[-73.73212,40.63814],[-73.73209,40.63835],[-73.73243,40.63892],[-73.7324,40.63936],[-73.73195,40.63963],[-73.73138,40.63945],[-73.73068,40.63954],[-73.72851,40.6405],[-73.72828,40.64067],[-73.72689,40.64078],[-73.7246,40.64115],[-73.72318,40.6422],[-73.72305,40.64238],[-73.72162,40.64288],[-73.72081,40.64343],[-73.71818,40.64338],[-73.71599,40.64399],[-73.71583,40.64526],[-73.71554,40.646],[-73.71528,40.64612],[-73.71463,40.64761],[-73.71475,40.64766],[-73.71482,40.64755],[-73.71504,40.64762],[-73.71568,40.64694],[-73.71548,40.64673],[-73.71571,40.6466],[-73.71866,40.64569],[-73.71987,40.64514],[-73.72134,40.64494],[-73.72244,40.6446],[-73.72335,40.64443],[-73.72442,40.64446],[-73.7257,40.64483],[-73.72532,40.6455],[-73.72524,40.64609],[-73.72607,40.64728],[-73.72469,40.64787],[-73.72399,40.64837],[-73.72396,40.64859],[-73.72414,40.65015],[-73.72403,40.65069],[-73.7225,40.65252],[-73.72487,40.65345],[-73.72482,40.65302],[-73.72505,40.65234],[-73.72525,40.65219],[-73.72643,40.65179],[-73.72687,40.65154],[-73.72974,40.65056],[-73.73106,40.65023],[-73.73514,40.64973],[-73.73905,40.6482],[-73.74144,40.64689],[-73.74166,40.6422],[-73.74205,40.64147],[-73.74143,40.6405],[-73.74228,40.64012],[-73.74126,40.63891],[-73.73947,40.63571],[-73.73996,40.63514],[-73.74168,40.63484],[-73.74224,40.63485],[-73.74265,40.63505],[-73.74267,40.63541],[-73.74258,40.63565],[-73.74208,40.63638],[-73.74127,40.63726],[-73.7412,40.63759],[-73.7415,40.63785],[-73.74236,40.63809],[-73.74329,40.63805],[-73.74418,40.63736],[-73.74602,40.63521]]]},"properties":{"geoid":"36059411301","county":"059","county_name":"Nassau","utility":"psegli","utility_split":false,"homes":1345,"homes_source":"acs_est","multifamily_5plus_lots":null,"median_income":165890,"income_band":"150k+","low_income_share":0.24,"median_year_built":1965,"pre1980":0.93,"owner":0.9,"fuel":{"gas":0.74,"propane":0.02,"electric":0.01,"oil":0.23,"other":0,"none":0},"dac":false,"dac_share":0,"score":70,"parts":{"volume":25,"fuel":11,"age":18.5,"owner":13.5,"incentive":1.8},"gaps":[]}},{"type":"Feature","geometry":{"type":"Polygon","coordinates":[[[-73.68964,40.65859],[-73.6899,40.65796],[-73.68155,40.65694],[-73.6738,40.65563],[-73.67205,40.6555],[-73.6717,40.65539],[-73.67149,40.65708],[-73.67119,40.6577],[-73.67065,40.66276],[-73.67079,40.66486],[-73.67117,40.66616],[-73.67156,40.6662],[-73.67569,40.66588],[-73.67557,40.6667],[-73.67572,40.66903],[-73.67603,40.6708],[-73.67603,40.6713],[-73.68002,40.669],[-73.68368,40.66702],[-73.6892,40.66373],[-73.6884,40.66373],[-73.68793,40.66358],[-73.68854,40.66132],[-73.68964,40.65859]]]},"properties":{"geoid":"36059411800","county":"059","county_name":"Nassau","utility":"psegli","utility_split":false,"homes":1680,"homes_source":"acs_est","multifamily_5plus_lots":null,"median_income":151190,"income_band":"150k+","low_income_share":0.33,"median_year_built":1951,"pre1980":0.97,"owner":0.81,"fuel":{"gas":0.73,"propane":0.02,"electric":0.03,"oil":0.21,"other":0.01,"none":0},"dac":false,"dac_share":0,"score":70,"parts":{"volume":25,"fuel":10.7,"age":19.5,"owner":12.2,"incentive":2.5},"gaps":[]}},{"type":"Feature","geometry":{"type":"Polygon","coordinates":[[[-73.67169,40.65541],[-73.67036,40.6549],[-73.66958,40.65433],[-73.66635,40.65099],[-73.66505,40.65172],[-73.66488,40.65202],[-73.66422,40.65189],[-73.66431,40.6516],[-73.66388,40.65151],[-73.66378,40.65179],[-73.66358,40.65176],[-73.66354,40.65164],[-73.66346,40.65174],[-73.66242,40.65161],[-73.66089,40.65158],[-73.66086,40.65192],[-73.66029,40.65197],[-73.66025,40.65224],[-73.65956,40.65221],[-73.65946,40.65256],[-73.65894,40.65263],[-73.65892,40.6529],[-73.65866,40.65287],[-73.65849,40.65329],[-73.65835,40.65337],[-73.65768,40.65329],[-73.65772,40.65308],[-73.65745,40.65303],[-73.65735,40.65323],[-73.65574,40.65305],[-73.65624,40.65469],[-73.65612,40.65544],[-73.65768,40.65573],[-73.65737,40.65697],[-73.6566,40.65696],[-73.65689,40.65914],[-73.65715,40.65965],[-73.65744,40.66057],[-73.65868,40.66242],[-73.65742,40.66294],[-73.65765,40.66315],[-73.65843,40.66445],[-73.65921,40.6653],[-73.65942,40.66644],[-73.65939,40.66749],[-73.66438,40.66675],[-73.66532,40.66643],[-73.66548,40.6662],[-73.66549,40.6667],[-73.66987,40.6666],[-73.66984,40.6663],[-73.67048,40.6661],[-73.67034,40.66563],[-73.671,40.66563],[-73.67076,40.66457],[-73.67065,40.66276],[-73.67119,40.6577],[-73.67149,40.65708],[-73.67169,40.65541]]]},"properties":{"geoid":"36059412000","county":"059","county_name":"Nassau","utility":"psegli","utility_split":false,"homes":1748,"homes_source":"acs_est","multifamily_5plus_lots":null,"median_income":135293,"income_band":"100–150k","low_income_share":0.34,"median_year_built":1938,"pre1980":0.94,"owner":0.79,"fuel":{"gas":0.65,"propane":0.04,"electric":0.02,"oil":0.27,"other":0.02,"none":0},"dac":false,"dac_share":0,"score":70,"parts":{"volume":25,"fuel":12.3,"age":18.8,"owner":11.8,"incentive":2.6},"gaps":[]}},{"type":"Feature","geometry":{"type":"Polygon","coordinates":[[[-73.65506,40.64959],[-73.65502,40.64862],[-73.65487,40.64848],[-73.65483,40.64824],[-73.65492,40.6475],[-73.65484,40.64745],[-73.65272,40.64775],[-73.65254,40.64824],[-73.652,40.6478],[-73.6502,40.64761],[-73.64951,40.64736],[-73.64821,40.64722],[-73.64705,40.64787],[-73.64666,40.64771],[-73.64473,40.64746],[-73.64096,40.64742],[-73.64056,40.64756],[-73.64032,40.64725],[-73.6397,40.64745],[-73.63919,40.64745],[-73.63825,40.64728],[-73.63471,40.65387],[-73.63153,40.65323],[-73.62997,40.6539],[-73.62739,40.65516],[-73.62681,40.65522],[-73.62677,40.65554],[-73.62645,40.65552],[-73.62637,40.65567],[-73.62276,40.65743],[-73.63062,40.65762],[-73.63754,40.65798],[-73.63858,40.65188],[-73.64015,40.65196],[-73.64176,40.6506],[-73.64409,40.65219],[-73.64539,40.65325],[-73.64758,40.65213],[-73.64755,40.6519],[-73.64775,40.65063],[-73.65067,40.65016],[-73.65462,40.65002],[-73.65506,40.64959]]]},"properties":{"geoid":"36059412302","county":"059","county_name":"Nassau","utility":"psegli","utility_split":false,"homes":1031,"homes_source":"acs_est","multifamily_5plus_lots":null,"median_income":134816,"income_band":"100–150k","low_income_share":0.34,"median_year_built":1938,"pre1980":0.99,"owner":0.79,"fuel":{"gas":0.68,"propane":0.02,"electric":0.08,"oil":0.21,"other":0.01,"none":0},"dac":false,"dac_share":0,"score":70,"parts":{"volume":25,"fuel":11.2,"age":19.8,"owner":11.9,"incentive":2.5},"gaps":[]}},{"type":"Feature","geometry":{"type":"Polygon","coordinates":[[[-73.6588,40.64278],[-73.65857,40.64254],[-73.65827,40.6419],[-73.65839,40.64076],[-73.65644,40.64082],[-73.65137,40.64057],[-73.64887,40.64053],[-73.64294,40.63933],[-73.64118,40.6412],[-73.64032,40.6423],[-73.63836,40.64637],[-73.63825,40.64728],[-73.63919,40.64745],[-73.6397,40.64745],[-73.64032,40.64725],[-73.64056,40.64756],[-73.64096,40.64742],[-73.64473,40.64746],[-73.64666,40.64771],[-73.64705,40.64787],[-73.64821,40.64722],[-73.64951,40.64736],[-73.6502,40.64761],[-73.652,40.6478],[-73.65254,40.64824],[-73.65272,40.64775],[-73.65484,40.64745],[-73.65687,40.64986],[-73.6575,40.64836],[-73.6585,40.6444],[-73.6588,40.64278]]]},"properties":{"geoid":"36059413001","county":"059","county_name":"Nassau","utility":"psegli","utility_split":false,"homes":1244,"homes_source":"acs_est","multifamily_5plus_lots":null,"median_income":123487,"income_band":"100–150k","low_income_share":0.39,"median_year_built":1953,"pre1980":0.88,"owner":0.88,"fuel":{"gas":0.68,"propane":0.03,"electric":0.03,"oil":0.25,"other":0.02,"none":0},"dac":false,"dac_share":0,"score":70,"parts":{"volume":25,"fuel":11.7,"age":17.6,"owner":13.2,"incentive":2.9},"gaps":[]}},{"type":"Feature","geometry":{"type":"Polygon","coordinates":[[[-73.64187,40.61695],[-73.64201,40.61678],[-73.64111,40.61541],[-73.63999,40.61314],[-73.63784,40.61223],[-73.6356,40.61197],[-73.63532,40.61183],[-73.63484,40.61183],[-73.6346,40.61161],[-73.63451,40.61122],[-73.63455,40.61042],[-73.63322,40.61068],[-73.63187,40.6095],[-73.62887,40.6114],[-73.61377,40.6214],[-73.61367,40.6247],[-73.61668,40.62899],[-73.61675,40.62952],[-73.61634,40.62995],[-73.61644,40.6318],[-73.61596,40.6328],[-73.61593,40.6333],[-73.6168,40.63533],[-73.61704,40.63624],[-73.61682,40.63785],[-73.61689,40.63818],[-73.61861,40.63785],[-73.62141,40.6377],[-73.62526,40.6336],[-73.62709,40.63218],[-73.62851,40.63127],[-73.63198,40.63061],[-73.63432,40.63008],[-73.63778,40.62977],[-73.641,40.62969],[-73.64105,40.62817],[-73.63975,40.62584],[-73.63966,40.62463],[-73.64136,40.61787],[-73.64187,40.61695]]]},"properties":{"geoid":"36059413400","county":"059","county_name":"Nassau","utility":"psegli","utility_split":false,"homes":1858,"homes_source":"acs_est","multifamily_5plus_lots":null,"median_income":181250,"income_band":"150k+","low_income_share":0.16,"median_year_built":1960,"pre1980":0.85,"owner":0.97,"fuel":{"gas":0.59,"propane":0.01,"electric":0.11,"oil":0.29,"other":0.01,"none":0},"dac":false,"dac_share":0,"score":70,"parts":{"volume":25,"fuel":12.5,"age":17,"owner":14.6,"incentive":1.2},"gaps":[]}},{"type":"Feature","geometry":{"type":"Polygon","coordinates":[[[-73.62369,40.66863],[-73.62197,40.6684],[-73.62189,40.66855],[-73.62167,40.66849],[-73.62132,40.6686],[-73.61833,40.66815],[-73.61803,40.66717],[-73.61833,40.66706],[-73.61856,40.66627],[-73.61904,40.6658],[-73.61912,40.6653],[-73.61934,40.66506],[-73.61953,40.66507],[-73.61947,40.66474],[-73.61854,40.66491],[-73.61759,40.6624],[-73.6164,40.66257],[-73.61148,40.66297],[-73.60767,40.66305],[-73.60769,40.66356],[-73.60279,40.66386],[-73.60252,40.66777],[-73.60216,40.66914],[-73.6021,40.67031],[-73.60192,40.67099],[-73.60189,40.67191],[-73.60167,40.67239],[-73.60082,40.67189],[-73.60023,40.67327],[-73.60004,40.67392],[-73.59996,40.67509],[-73.59982,40.67588],[-73.60415,40.67553],[-73.60728,40.67515],[-73.60893,40.67512],[-73.60967,40.67551],[-73.61215,40.67502],[-73.61716,40.67385],[-73.6174,40.67377],[-73.6197,40.67223],[-73.62153,40.67154],[-73.62207,40.67143],[-73.62224,40.67027],[-73.62313,40.67018],[-73.62369,40.66863]]]},"properties":{"geoid":"36059413500","county":"059","county_name":"Nassau","utility":"psegli","utility_split":false,"homes":2186,"homes_source":"acs_est","multifamily_5plus_lots":null,"median_income":142349,"income_band":"100–150k","low_income_share":0.29,"median_year_built":1945,"pre1980":0.98,"owner":0.91,"fuel":{"gas":0.73,"propane":0.01,"electric":0.05,"oil":0.17,"other":0,"none":0.04},"dac":false,"dac_share":0,"score":70,"parts":{"volume":25,"fuel":9.8,"age":19.6,"owner":13.6,"incentive":2.2},"gaps":[]}},{"type":"Feature","geometry":{"type":"Polygon","coordinates":[[[-73.57502,40.69084],[-73.57467,40.68955],[-73.57432,40.6872],[-73.57384,40.68583],[-73.5731,40.68411],[-73.57263,40.68266],[-73.57232,40.68109],[-73.57224,40.67998],[-73.57144,40.68007],[-73.57,40.67995],[-73.56996,40.67828],[-73.56994,40.67817],[-73.56984,40.67815],[-73.56335,40.67706],[-73.5595,40.67669],[-73.55756,40.67681],[-73.56301,40.69012],[-73.56847,40.68983],[-73.57394,40.69075],[-73.57502,40.69084]]]},"properties":{"geoid":"36059414600","county":"059","county_name":"Nassau","utility":"psegli","utility_split":false,"homes":1193,"homes_source":"acs_est","multifamily_5plus_lots":null,"median_income":168182,"income_band":"150k+","low_income_share":0.24,"median_year_built":1953,"pre1980":0.84,"owner":0.96,"fuel":{"gas":0.63,"propane":0.01,"electric":0.04,"oil":0.25,"other":0.05,"none":0.02},"dac":false,"dac_share":0,"score":70,"parts":{"volume":25,"fuel":11.6,"age":16.8,"owner":14.4,"incentive":1.8},"gaps":[]}},{"type":"Feature","geometry":{"type":"Polygon","coordinates":[[[-73.52105,40.66438],[-73.52062,40.66076],[-73.52006,40.66035],[-73.51997,40.65941],[-73.5194,40.65896],[-73.51884,40.65899],[-73.51903,40.65868],[-73.51901,40.65859],[-73.51827,40.65775],[-73.51834,40.65699],[-73.51736,40.65579],[-73.51743,40.65554],[-73.51804,40.65527],[-73.51853,40.65535],[-73.51893,40.65517],[-73.51969,40.65441],[-73.51996,40.65356],[-73.5195,40.6518],[-73.51888,40.65105],[-73.51879,40.64974],[-73.51804,40.64832],[-73.51806,40.64666],[-73.51909,40.64453],[-73.51864,40.6438],[-73.5168,40.64302],[-73.51618,40.64383],[-73.51588,40.64301],[-73.51651,40.64187],[-73.51687,40.6415],[-73.51817,40.6359],[-73.51337,40.6308],[-73.51038,40.63416],[-73.51024,40.6341],[-73.50996,40.63468],[-73.50855,40.6362],[-73.50866,40.6374],[-73.50833,40.6375],[-73.50853,40.63788],[-73.50745,40.64031],[-73.50699,40.64046],[-73.5066,40.64082],[-73.50663,40.64117],[-73.50732,40.64167],[-73.50738,40.64199],[-73.50726,40.64206],[-73.50693,40.64204],[-73.50618,40.64178],[-73.50597,40.64185],[-73.50594,40.64293],[-73.50527,40.64407],[-73.50491,40.64407],[-73.50491,40.64334],[-73.50558,40.64245],[-73.50555,40.64197],[-73.50543,40.64178],[-73.50507,40.64185],[-73.5042,40.64261],[-73.50377,40.64338],[-73.50353,40.64457],[-73.50287,40.64505],[-73.50222,40.64537],[-73.50114,40.64491],[-73.50088,40.648],[-73.50457,40.6597],[-73.50577,40.6605],[-73.50517,40.6611],[-73.50587,40.6622],[-73.50681,40.66485],[-73.50143,40.66504],[-73.5021,40.67022],[-73.50201,40.6706],[-73.50173,40.67046],[-73.50266,40.67401],[-73.51024,40.67287],[-73.51121,40.66551],[-73.51117,40.66485],[-73.51102,40.6644],[-73.51394,40.66391],[-73.51452,40.66407],[-73.5147,40.66379],[-73.51701,40.66342],[-73.51769,40.66343],[-73.51858,40.66356],[-73.52037,40.66423],[-73.52105,40.66438]]]},"properties":{"geoid":"36059415700","county":"059","county_name":"Nassau","utility":"psegli","utility_split":false,"homes":1892,"homes_source":"acs_est","multifamily_5plus_lots":null,"median_income":158281,"income_band":"150k+","low_income_share":0.31,"median_year_built":1961,"pre1980":0.88,"owner":0.95,"fuel":{"gas":0.67,"propane":0.01,"electric":0.07,"oil":0.19,"other":0.06,"none":0},"dac":false,"dac_share":0,"score":70,"parts":{"volume":25,"fuel":10.8,"age":17.7,"owner":14.3,"incentive":2.3},"gaps":[]}},{"type":"Feature","geometry":{"type":"Polygon","coordinates":[[[-73.50266,40.67401],[-73.50173,40.67046],[-73.50201,40.6706],[-73.5021,40.67022],[-73.50143,40.66504],[-73.4936,40.66533],[-73.4916,40.66547],[-73.48208,40.66679],[-73.48107,40.6676],[-73.48237,40.6689],[-73.48207,40.66964],[-73.48217,40.6709],[-73.48167,40.6722],[-73.48237,40.6736],[-73.48197,40.67493],[-73.48207,40.6761],[-73.49379,40.67526],[-73.49868,40.67467],[-73.50266,40.67401]]]},"properties":{"geoid":"36059416000","county":"059","county_name":"Nassau","utility":"psegli","utility_split":false,"homes":1363,"homes_source":"acs_est","multifamily_5plus_lots":null,"median_income":185795,"income_band":"150k+","low_income_share":0.24,"median_year_built":1956,"pre1980":0.85,"owner":0.95,"fuel":{"gas":0.67,"propane":0,"electric":0.02,"oil":0.31,"other":0,"none":0},"dac":false,"dac_share":0,"score":70,"parts":{"volume":25,"fuel":12.2,"age":16.9,"owner":14.3,"incentive":1.8},"gaps":[]}},{"type":"Feature","geometry":{"type":"Polygon","coordinates":[[[-73.85057,40.68766],[-73.84937,40.68523],[-73.843,40.68704],[-73.84416,40.6894],[-73.84966,40.68783],[-73.85057,40.68766]]]},"properties":{"geoid":"36081003200","county":"081","county_name":"Queens","utility":"coned","utility_split":false,"homes":266,"homes_source":"pluto","multifamily_5plus_lots":3,"median_income":130160,"income_band":"100–150k","low_income_share":0.37,"median_year_built":1942,"pre1980":0.76,"owner":0.62,"fuel":{"gas":0.84,"propane":0.11,"electric":0.01,"oil":0.04,"other":0,"none":0},"dac":true,"dac_share":1,"score":69,"parts":{"volume":20.9,"fuel":9,"age":15.2,"owner":9.3,"incentive":15},"gaps":[]}},{"type":"Feature","geometry":{"type":"Polygon","coordinates":[[[-73.85113,40.68281],[-73.85198,40.68256],[-73.84787,40.68149],[-73.8412,40.68335],[-73.84218,40.68535],[-73.85113,40.68281]]]},"properties":{"geoid":"36081004001","county":"081","county_name":"Queens","utility":"coned","utility_split":false,"homes":300,"homes_source":"pluto","multifamily_5plus_lots":14,"median_income":92500,"income_band":"60–100k","low_income_share":0.53,"median_year_built":1946,"pre1980":0.85,"owner":0.41,"fuel":{"gas":0.76,"propane":0.06,"electric":0.11,"oil":0.06,"other":0,"none":0.01},"dac":true,"dac_share":1,"score":69,"parts":{"volume":21.3,"fuel":9.1,"age":17,"owner":6.2,"incentive":15},"gaps":[]}},{"type":"Feature","geometry":{"type":"Polygon","coordinates":[[[-73.91051,40.76398],[-73.90651,40.76211],[-73.90451,40.76459],[-73.90849,40.76645],[-73.91051,40.76398]]]},"properties":{"geoid":"36081014500","county":"081","county_name":"Queens","utility":"coned","utility_split":false,"homes":346,"homes_source":"pluto","multifamily_5plus_lots":31,"median_income":88462,"income_band":"60–100k","low_income_share":0.57,"median_year_built":1945,"pre1980":0.93,"owner":0.18,"fuel":{"gas":0.58,"propane":0.04,"electric":0.24,"oil":0.12,"other":0,"none":0.02},"dac":true,"dac_share":1,"score":69,"parts":{"volume":21.9,"fuel":10.6,"age":18.7,"owner":2.7,"incentive":15},"gaps":[]}},{"type":"Feature","geometry":{"type":"Polygon","coordinates":[[[-73.80999,40.67576],[-73.80974,40.67524],[-73.80978,40.67511],[-73.80179,40.67439],[-73.80336,40.67764],[-73.80999,40.67576]]]},"properties":{"geoid":"36081018000","county":"081","county_name":"Queens","utility":"coned","utility_split":false,"homes":229,"homes_source":"pluto","multifamily_5plus_lots":0,"median_income":80147,"income_band":"60–100k","low_income_share":0.56,"median_year_built":1948,"pre1980":0.8,"owner":0.64,"fuel":{"gas":0.87,"propane":0,"electric":0.02,"oil":0.11,"other":0,"none":0},"dac":true,"dac_share":1,"score":69,"parts":{"volume":20.3,"fuel":8.5,"age":15.9,"owner":9.6,"incentive":15},"gaps":[]}},{"type":"Feature","geometry":{"type":"Polygon","coordinates":[[[-73.80314,40.6777],[-73.80336,40.67764],[-73.80179,40.67439],[-73.79473,40.67376],[-73.79469,40.67389],[-73.79593,40.6766],[-73.79692,40.67649],[-73.79822,40.6791],[-73.80314,40.6777]]]},"properties":{"geoid":"36081018200","county":"081","county_name":"Queens","utility":"coned","utility_split":false,"homes":551,"homes_source":"pluto","multifamily_5plus_lots":0,"median_income":93043,"income_band":"60–100k","low_income_share":0.54,"median_year_built":1960,"pre1980":0.61,"owner":0.67,"fuel":{"gas":0.85,"propane":0.01,"electric":0.06,"oil":0.08,"other":0,"none":0},"dac":true,"dac_share":1,"score":69,"parts":{"volume":23.6,"fuel":8.3,"age":12.1,"owner":10,"incentive":15},"gaps":[]}},{"type":"Feature","geometry":{"type":"Polygon","coordinates":[[[-73.9311,40.73807],[-73.92995,40.73754],[-73.92763,40.7384],[-73.9254,40.73811],[-73.92466,40.7418],[-73.93023,40.74245],[-73.9311,40.73807]]]},"properties":{"geoid":"36081018900","county":"081","county_name":"Queens","utility":"coned","utility_split":false,"homes":254,"homes_source":"pluto","multifamily_5plus_lots":20,"median_income":93333,"income_band":"60–100k","low_income_share":0.53,"median_year_built":1951,"pre1980":0.98,"owner":0.31,"fuel":{"gas":0.72,"propane":0.03,"electric":0.13,"oil":0.09,"other":0.01,"none":0.02},"dac":true,"dac_share":1,"score":69,"parts":{"volume":20.7,"fuel":9.3,"age":19.7,"owner":4.6,"incentive":15},"gaps":[]}},{"type":"Feature","geometry":{"type":"Polygon","coordinates":[[[-73.7898,40.69096],[-73.78938,40.69041],[-73.78907,40.69039],[-73.78644,40.68878],[-73.78327,40.68999],[-73.7853,40.69286],[-73.78146,40.69447],[-73.78277,40.69599],[-73.78893,40.6934],[-73.78778,40.69182],[-73.7898,40.69096]]]},"properties":{"geoid":"36081026400","county":"081","county_name":"Queens","utility":"coned","utility_split":false,"homes":432,"homes_source":"pluto","multifamily_5plus_lots":3,"median_income":86411,"income_band":"60–100k","low_income_share":0.57,"median_year_built":1957,"pre1980":0.74,"owner":0.58,"fuel":{"gas":0.87,"propane":0.02,"electric":0.04,"oil":0.05,"other":0,"none":0.02},"dac":true,"dac_share":1,"score":69,"parts":{"volume":22.7,"fuel":7.7,"age":14.9,"owner":8.7,"incentive":15},"gaps":[]}},{"type":"Feature","geometry":{"type":"Polygon","coordinates":[[[-73.78487,40.68289],[-73.7842,40.67836],[-73.78407,40.678],[-73.78391,40.67795],[-73.78245,40.67846],[-73.78199,40.67773],[-73.78206,40.67733],[-73.78157,40.6769],[-73.77948,40.67837],[-73.77989,40.67892],[-73.78302,40.68428],[-73.78468,40.68372],[-73.78431,40.6831],[-73.78487,40.68289]]]},"properties":{"geoid":"36081028802","county":"081","county_name":"Queens","utility":"coned","utility_split":false,"homes":384,"homes_source":"pluto","multifamily_5plus_lots":0,"median_income":89653,"income_band":"60–100k","low_income_share":0.53,"median_year_built":1966,"pre1980":0.58,"owner":0.65,"fuel":{"gas":0.66,"propane":0.01,"electric":0.16,"oil":0.16,"other":0,"none":0.01},"dac":true,"dac_share":1,"score":69,"parts":{"volume":22.3,"fuel":10.4,"age":11.6,"owner":9.8,"incentive":15},"gaps":[]}},{"type":"Feature","geometry":{"type":"Polygon","coordinates":[[[-73.8997,40.758],[-73.8997,40.75778],[-73.89347,40.75845],[-73.89383,40.76043],[-73.8929,40.76053],[-73.89324,40.76235],[-73.89735,40.76198],[-73.89877,40.75992],[-73.89855,40.75993],[-73.89948,40.75864],[-73.8997,40.758]]]},"properties":{"geoid":"36081030905","county":"081","county_name":"Queens","utility":"coned","utility_split":false,"homes":481,"homes_source":"pluto","multifamily_5plus_lots":0,"median_income":74339,"income_band":"60–100k","low_income_share":0.59,"median_year_built":1960,"pre1980":0.97,"owner":0.33,"fuel":{"gas":0.94,"propane":0.01,"electric":0.05,"oil":0,"other":0,"none":0},"dac":true,"dac_share":1,"score":69,"parts":{"volume":23.1,"fuel":6.7,"age":19.4,"owner":4.9,"incentive":15},"gaps":[]}},{"type":"Feature","geometry":{"type":"Polygon","coordinates":[[[-73.86826,40.76181],[-73.86746,40.75744],[-73.86567,40.75763],[-73.86281,40.75776],[-73.86339,40.76098],[-73.86826,40.76181]]]},"properties":{"geoid":"36081036500","county":"081","county_name":"Queens","utility":"coned","utility_split":false,"homes":361,"homes_source":"pluto","multifamily_5plus_lots":20,"median_income":72031,"income_band":"60–100k","low_income_share":0.7,"median_year_built":1944,"pre1980":0.9,"owner":0.41,"fuel":{"gas":0.86,"propane":0.01,"electric":0.03,"oil":0.08,"other":0,"none":0.02},"dac":true,"dac_share":1,"score":69,"parts":{"volume":22,"fuel":8,"age":18,"owner":6.2,"incentive":15},"gaps":[]}},{"type":"Feature","geometry":{"type":"Polygon","coordinates":[[[-73.79116,40.70229],[-73.7905,40.70179],[-73.78839,40.69972],[-73.78276,40.70074],[-73.78166,40.7026],[-73.78045,40.70228],[-73.77784,40.70322],[-73.78035,40.70541],[-73.78257,40.70543],[-73.78598,40.70419],[-73.78966,40.70304],[-73.79116,40.70229]]]},"properties":{"geoid":"36081044000","county":"081","county_name":"Queens","utility":"coned","utility_split":false,"homes":752,"homes_source":"pluto","multifamily_5plus_lots":0,"median_income":67463,"income_band":"60–100k","low_income_share":0.64,"median_year_built":1949,"pre1980":0.71,"owner":0.54,"fuel":{"gas":0.93,"propane":0.01,"electric":0.01,"oil":0.04,"other":0,"none":0},"dac":true,"dac_share":1,"score":69,"parts":{"volume":24.8,"fuel":7.3,"age":14.2,"owner":8.1,"incentive":15},"gaps":[]}},{"type":"Feature","geometry":{"type":"Polygon","coordinates":[[[-73.86756,40.74168],[-73.86756,40.74094],[-73.86583,40.73664],[-73.86007,40.73837],[-73.86185,40.74159],[-73.86241,40.74289],[-73.86756,40.74168]]]},"properties":{"geoid":"36081044302","county":"081","county_name":"Queens","utility":"coned","utility_split":false,"homes":374,"homes_source":"pluto","multifamily_5plus_lots":30,"median_income":62731,"income_band":"60–100k","low_income_share":0.64,"median_year_built":1957,"pre1980":0.86,"owner":0.33,"fuel":{"gas":0.7,"propane":0.07,"electric":0.1,"oil":0.07,"other":0.06,"none":0},"dac":true,"dac_share":1,"score":69,"parts":{"volume":22.2,"fuel":9.8,"age":17.2,"owner":5,"incentive":15},"gaps":[]}},{"type":"Feature","geometry":{"type":"Polygon","coordinates":[[[-73.73311,40.6892],[-73.72702,40.68735],[-73.726,40.68693],[-73.72622,40.68931],[-73.7265,40.69689],[-73.72874,40.69757],[-73.73052,40.69415],[-73.7314,40.69441],[-73.7323,40.69268],[-73.73145,40.69239],[-73.73311,40.6892]]]},"properties":{"geoid":"36081062200","county":"081","county_name":"Queens","utility":"coned","utility_split":false,"homes":579,"homes_source":"pluto","multifamily_5plus_lots":0,"median_income":122938,"income_band":"100–150k","low_income_share":0.35,"median_year_built":1946,"pre1980":0.99,"owner":0.94,"fuel":{"gas":0.71,"propane":0,"electric":0.03,"oil":0.26,"other":0,"none":0},"dac":false,"dac_share":0,"score":69,"parts":{"volume":23.8,"fuel":11.3,"age":19.8,"owner":14,"incentive":0},"gaps":[]}},{"type":"Feature","geometry":{"type":"Polygon","coordinates":[[[-73.88259,40.72508],[-73.88163,40.72388],[-73.88244,40.72351],[-73.88092,40.7216],[-73.87339,40.7251],[-73.8728,40.7253],[-73.87337,40.726],[-73.87471,40.72709],[-73.87756,40.72575],[-73.87863,40.72573],[-73.88259,40.72508]]]},"properties":{"geoid":"36081067100","county":"081","county_name":"Queens","utility":"coned","utility_split":false,"homes":809,"homes_source":"pluto","multifamily_5plus_lots":0,"median_income":121266,"income_band":"100–150k","low_income_share":0.36,"median_year_built":1944,"pre1980":1,"owner":0.93,"fuel":{"gas":0.74,"propane":0.02,"electric":0.1,"oil":0.13,"other":0,"none":0},"dac":false,"dac_share":0,"score":69,"parts":{"volume":25,"fuel":9.8,"age":20,"owner":13.9,"incentive":0},"gaps":[]}},{"type":"Feature","geometry":{"type":"Polygon","coordinates":[[[-73.71763,40.74403],[-73.71545,40.73921],[-73.71477,40.7379],[-73.71371,40.73617],[-73.70651,40.73772],[-73.7103,40.74791],[-73.71763,40.74403]]]},"properties":{"geoid":"36081157902","county":"081","county_name":"Queens","utility":"coned","utility_split":false,"homes":1073,"homes_source":"pluto","multifamily_5plus_lots":0,"median_income":107153,"income_band":"100–150k","low_income_share":0.46,"median_year_built":1951,"pre1980":0.99,"owner":0.96,"fuel":{"gas":0.78,"propane":0.01,"electric":0.02,"oil":0.17,"other":0.02,"none":0},"dac":false,"dac_share":0,"score":69,"parts":{"volume":25,"fuel":9.9,"age":19.8,"owner":14.4,"incentive":0},"gaps":[]}},{"type":"Feature","geometry":{"type":"Polygon","coordinates":[[[-73.72178,40.8364],[-73.72027,40.8285],[-73.71158,40.8171],[-73.70511,40.81881],[-73.70516,40.81905],[-73.69972,40.82049],[-73.69811,40.82083],[-73.69691,40.8182],[-73.69651,40.81836],[-73.69639,40.81787],[-73.69255,40.81915],[-73.68858,40.82068],[-73.68778,40.81839],[-73.68704,40.8185],[-73.68716,40.81737],[-73.68706,40.81736],[-73.68685,40.81874],[-73.68671,40.82156],[-73.68653,40.82241],[-73.6862,40.82337],[-73.68614,40.82381],[-73.6862,40.82434],[-73.68639,40.82516],[-73.68946,40.82488],[-73.6902,40.82715],[-73.69112,40.8304],[-73.68924,40.83049],[-73.68917,40.8313],[-73.68923,40.83151],[-73.69006,40.83144],[-73.69005,40.83153],[-73.68985,40.83156],[-73.68982,40.83244],[-73.69071,40.83243],[-73.69113,40.83665],[-73.69124,40.83717],[-73.69257,40.83671],[-73.69403,40.83655],[-73.69666,40.83669],[-73.69781,40.83684],[-73.69807,40.83645],[-73.69894,40.83618],[-73.69977,40.83568],[-73.70069,40.83497],[-73.70205,40.83438],[-73.70297,40.8357],[-73.70747,40.8314],[-73.71038,40.8314],[-73.71318,40.8367],[-73.72178,40.8364]]]},"properties":{"geoid":"36059301200","county":"059","county_name":"Nassau","utility":"psegli","utility_split":false,"homes":1717,"homes_source":"acs_est","multifamily_5plus_lots":null,"median_income":131307,"income_band":"100–150k","low_income_share":0.43,"median_year_built":1947,"pre1980":0.88,"owner":0.78,"fuel":{"gas":0.6,"propane":0.02,"electric":0.16,"oil":0.18,"other":0.04,"none":0},"dac":false,"dac_share":0,"score":69,"parts":{"volume":25,"fuel":11.2,"age":17.6,"owner":11.7,"incentive":3.2},"gaps":[]}},{"type":"Feature","geometry":{"type":"Polygon","coordinates":[[[-73.7079,40.72784],[-73.70794,40.72777],[-73.70674,40.72797],[-73.69607,40.73019],[-73.6974,40.73168],[-73.69909,40.73426],[-73.69941,40.73478],[-73.69945,40.73504],[-73.69965,40.7352],[-73.7002,40.73664],[-73.70149,40.73756],[-73.7079,40.72784]]]},"properties":{"geoid":"36059302600","county":"059","county_name":"Nassau","utility":"psegli","utility_split":false,"homes":747,"homes_source":"acs_est","multifamily_5plus_lots":null,"median_income":126974,"income_band":"100–150k","low_income_share":0.36,"median_year_built":1938,"pre1980":0.94,"owner":0.81,"fuel":{"gas":0.74,"propane":0.02,"electric":0.04,"oil":0.19,"other":0.01,"none":0},"dac":false,"dac_share":0,"score":69,"parts":{"volume":24.7,"fuel":10.6,"age":18.7,"owner":12.2,"incentive":2.7},"gaps":[]}},{"type":"Feature","geometry":{"type":"Polygon","coordinates":[[[-73.70163,40.75249],[-73.70017,40.73954],[-73.70149,40.73756],[-73.7002,40.73664],[-73.69965,40.7352],[-73.69945,40.73504],[-73.69941,40.73478],[-73.69909,40.73426],[-73.6974,40.73168],[-73.69607,40.73019],[-73.69393,40.73066],[-73.69721,40.73494],[-73.69321,40.73674],[-73.68993,40.73791],[-73.69088,40.73951],[-73.69221,40.74137],[-73.69438,40.744],[-73.6953,40.745],[-73.69732,40.74695],[-73.69903,40.74972],[-73.70072,40.75159],[-73.70163,40.75249]]]},"properties":{"geoid":"36059302700","county":"059","county_name":"Nassau","utility":"psegli","utility_split":false,"homes":1383,"homes_source":"acs_est","multifamily_5plus_lots":null,"median_income":184430,"income_band":"150k+","low_income_share":0.19,"median_year_built":1951,"pre1980":0.94,"owner":0.9,"fuel":{"gas":0.78,"propane":0.02,"electric":0.03,"oil":0.16,"other":0,"none":0},"dac":false,"dac_share":0,"score":69,"parts":{"volume":25,"fuel":9.9,"age":18.8,"owner":13.6,"incentive":1.5},"gaps":[]}},{"type":"Feature","geometry":{"type":"Polygon","coordinates":[[[-73.69721,40.73494],[-73.69393,40.73066],[-73.69345,40.73076],[-73.69208,40.73081],[-73.68938,40.73131],[-73.68758,40.73152],[-73.6867,40.73178],[-73.68667,40.73166],[-73.68529,40.73187],[-73.68519,40.73175],[-73.68466,40.73187],[-73.68438,40.73203],[-73.68207,40.7324],[-73.68109,40.73248],[-73.68106,40.73233],[-73.67929,40.7328],[-73.67747,40.733],[-73.67537,40.73336],[-73.67594,40.73478],[-73.67618,40.73564],[-73.677,40.73715],[-73.67884,40.74182],[-73.68295,40.74094],[-73.68247,40.7396],[-73.68215,40.73899],[-73.68538,40.73819],[-73.68965,40.7373],[-73.6899,40.73772],[-73.68993,40.73791],[-73.69321,40.73674],[-73.69721,40.73494]]]},"properties":{"geoid":"36059303000","county":"059","county_name":"Nassau","utility":"psegli","utility_split":false,"homes":1984,"homes_source":"acs_est","multifamily_5plus_lots":null,"median_income":129029,"income_band":"100–150k","low_income_share":0.28,"median_year_built":1949,"pre1980":0.96,"owner":0.89,"fuel":{"gas":0.84,"propane":0.01,"electric":0.02,"oil":0.13,"other":0,"none":0},"dac":false,"dac_share":0,"score":69,"parts":{"volume":25,"fuel":9,"age":19.1,"owner":13.4,"incentive":2.1},"gaps":[]}},{"type":"Feature","geometry":{"type":"Polygon","coordinates":[[[-73.71048,40.72723],[-73.70534,40.72509],[-73.70453,40.72487],[-73.70458,40.72478],[-73.70154,40.72354],[-73.69002,40.71847],[-73.68909,40.71799],[-73.6891,40.71858],[-73.6879,40.72332],[-73.69257,40.72379],[-73.6925,40.72413],[-73.69282,40.72421],[-73.69241,40.72554],[-73.69336,40.72529],[-73.69374,40.72693],[-73.69364,40.72721],[-73.69366,40.72757],[-73.69394,40.72809],[-73.69403,40.72809],[-73.69412,40.7283],[-73.694,40.72835],[-73.69482,40.73045],[-73.71048,40.72723]]]},"properties":{"geoid":"36059404500","county":"059","county_name":"Nassau","utility":"psegli","utility_split":false,"homes":1056,"homes_source":"acs_est","multifamily_5plus_lots":null,"median_income":142292,"income_band":"100–150k","low_income_share":0.34,"median_year_built":1949,"pre1980":0.94,"owner":0.85,"fuel":{"gas":0.8,"propane":0.04,"electric":0.03,"oil":0.11,"other":0.02,"none":0},"dac":false,"dac_share":0,"score":69,"parts":{"volume":25,"fuel":9.4,"age":18.9,"owner":12.7,"incentive":2.5},"gaps":[]}},{"type":"Feature","geometry":{"type":"Polygon","coordinates":[[[-73.70816,40.71385],[-73.70824,40.71357],[-73.70469,40.71285],[-73.70316,40.71476],[-73.69916,40.7162],[-73.69594,40.71377],[-73.69628,40.7134],[-73.69299,40.71289],[-73.69255,40.7129],[-73.69238,40.7132],[-73.6922,40.71386],[-73.69098,40.717],[-73.69046,40.71866],[-73.70232,40.72388],[-73.70487,40.71899],[-73.70619,40.71814],[-73.7071,40.71689],[-73.70751,40.71613],[-73.70743,40.71594],[-73.708,40.71405],[-73.70816,40.71385]]]},"properties":{"geoid":"36059404600","county":"059","county_name":"Nassau","utility":"psegli","utility_split":false,"homes":1404,"homes_source":"acs_est","multifamily_5plus_lots":null,"median_income":158068,"income_band":"150k+","low_income_share":0.34,"median_year_built":1938,"pre1980":0.97,"owner":0.9,"fuel":{"gas":0.86,"propane":0,"electric":0.01,"oil":0.12,"other":0,"none":0},"dac":false,"dac_share":0,"score":69,"parts":{"volume":25,"fuel":8.7,"age":19.3,"owner":13.5,"incentive":2.5},"gaps":[]}},{"type":"Feature","geometry":{"type":"Polygon","coordinates":[[[-73.69434,40.73056],[-73.69482,40.73045],[-73.694,40.72835],[-73.69412,40.7283],[-73.69403,40.72809],[-73.69394,40.72809],[-73.69366,40.72757],[-73.69364,40.72721],[-73.69374,40.72693],[-73.69336,40.72529],[-73.69241,40.72554],[-73.69282,40.72421],[-73.6925,40.72413],[-73.69257,40.72379],[-73.6879,40.72332],[-73.6891,40.71858],[-73.68909,40.71799],[-73.6888,40.71756],[-73.68846,40.71725],[-73.68727,40.71644],[-73.68729,40.71623],[-73.68685,40.71619],[-73.68688,40.71586],[-73.68645,40.71583],[-73.68564,40.7151],[-73.6852,40.71499],[-73.68523,40.71473],[-73.68478,40.71471],[-73.68477,40.71449],[-73.68411,40.71443],[-73.68299,40.71385],[-73.68284,40.71398],[-73.68273,40.71447],[-73.68284,40.71447],[-73.6829,40.7152],[-73.68285,40.71614],[-73.68294,40.71695],[-73.6826,40.72446],[-73.68253,40.72445],[-73.68253,40.72483],[-73.68133,40.72483],[-73.68142,40.7249],[-73.68141,40.7252],[-73.68155,40.72521],[-73.68156,40.72582],[-73.68061,40.72582],[-73.68058,40.72692],[-73.68036,40.72692],[-73.68035,40.72727],[-73.6801,40.72727],[-73.68008,40.72762],[-73.67963,40.72762],[-73.67961,40.72828],[-73.67977,40.72875],[-73.67924,40.72885],[-73.67924,40.72914],[-73.67907,40.72919],[-73.67905,40.72971],[-73.67971,40.72964],[-73.67996,40.73098],[-73.67489,40.73223],[-73.67096,40.73309],[-73.67097,40.73318],[-73.67108,40.73317],[-73.67129,40.73402],[-73.67118,40.734],[-73.6712,40.73413],[-73.67567,40.73328],[-73.67929,40.7328],[-73.68106,40.73233],[-73.68109,40.73248],[-73.68207,40.7324],[-73.68438,40.73203],[-73.68466,40.73187],[-73.68519,40.73175],[-73.68529,40.73187],[-73.68667,40.73166],[-73.6867,40.73178],[-73.68758,40.73152],[-73.68938,40.73131],[-73.69251,40.73075],[-73.69345,40.73076],[-73.69434,40.73056]]]},"properties":{"geoid":"36059404700","county":"059","county_name":"Nassau","utility":"psegli","utility_split":false,"homes":2064,"homes_source":"acs_est","multifamily_5plus_lots":null,"median_income":160483,"income_band":"150k+","low_income_share":0.29,"median_year_built":1950,"pre1980":0.94,"owner":0.85,"fuel":{"gas":0.76,"propane":0.01,"electric":0.05,"oil":0.16,"other":0.03,"none":0},"dac":false,"dac_share":0,"score":69,"parts":{"volume":25,"fuel":9.9,"age":18.8,"owner":12.8,"incentive":2.1},"gaps":[]}},{"type":"Feature","geometry":{"type":"Polygon","coordinates":[[[-73.66571,40.71489],[-73.66567,40.70674],[-73.66213,40.70647],[-73.65748,40.70566],[-73.65567,40.70732],[-73.65784,40.70837],[-73.65738,40.71052],[-73.65745,40.71057],[-73.65567,40.71037],[-73.65541,40.71497],[-73.65107,40.7164],[-73.6512,40.71664],[-73.65204,40.71724],[-73.6576,40.71662],[-73.65917,40.71651],[-73.65921,40.71735],[-73.66099,40.7174],[-73.66099,40.71756],[-73.6655,40.71752],[-73.6655,40.71489],[-73.66571,40.71489]]]},"properties":{"geoid":"36059405800","county":"059","county_name":"Nassau","utility":"psegli","utility_split":false,"homes":1275,"homes_source":"acs_est","multifamily_5plus_lots":null,"median_income":136164,"income_band":"100–150k","low_income_share":0.4,"median_year_built":1952,"pre1980":0.97,"owner":0.85,"fuel":{"gas":0.79,"propane":0.03,"electric":0.01,"oil":0.09,"other":0.03,"none":0.04},"dac":false,"dac_share":0,"score":69,"parts":{"volume":25,"fuel":8.6,"age":19.4,"owner":12.7,"incentive":3},"gaps":[]}},{"type":"Feature","geometry":{"type":"Polygon","coordinates":[[[-73.63672,40.73938],[-73.63765,40.73924],[-73.63542,40.73467],[-73.6345,40.7316],[-73.63326,40.72852],[-73.63223,40.7263],[-73.63159,40.7257],[-73.63147,40.72549],[-73.6306,40.7252],[-73.61211,40.72938],[-73.61369,40.73343],[-73.6136,40.73345],[-73.61579,40.73904],[-73.61632,40.74059],[-73.61627,40.74092],[-73.6165,40.74109],[-73.61648,40.7412],[-73.6171,40.743],[-73.63395,40.73995],[-73.63672,40.73938]]]},"properties":{"geoid":"36059406600","county":"059","county_name":"Nassau","utility":"psegli","utility_split":false,"homes":1540,"homes_source":"acs_est","multifamily_5plus_lots":null,"median_income":250001,"income_band":"150k+","low_income_share":0.16,"median_year_built":1948,"pre1980":0.96,"owner":0.98,"fuel":{"gas":0.84,"propane":0.01,"electric":0,"oil":0.15,"other":0,"none":0},"dac":false,"dac_share":0,"score":69,"parts":{"volume":25,"fuel":9.2,"age":19.3,"owner":14.6,"incentive":1.2},"gaps":[]}},{"type":"Feature","geometry":{"type":"Polygon","coordinates":[[[-73.63259,40.69092],[-73.63264,40.69061],[-73.63204,40.69068],[-73.63092,40.69038],[-73.63075,40.6903],[-73.63076,40.69017],[-73.63012,40.68995],[-73.62381,40.68822],[-73.62245,40.69049],[-73.62216,40.69145],[-73.62174,40.69415],[-73.62217,40.69707],[-73.61602,40.69867],[-73.61761,40.70078],[-73.61751,40.70083],[-73.61849,40.70145],[-73.62198,40.70529],[-73.62288,40.70501],[-73.62495,40.70416],[-73.6257,40.70359],[-73.62636,40.70277],[-73.62664,40.70213],[-73.62871,40.69918],[-73.62979,40.69722],[-73.63084,40.69553],[-73.63141,40.69449],[-73.6318,40.69355],[-73.63244,40.69161],[-73.63259,40.69092]]]},"properties":{"geoid":"36059407000","county":"059","county_name":"Nassau","utility":"psegli","utility_split":false,"homes":1381,"homes_source":"acs_est","multifamily_5plus_lots":null,"median_income":49038,"income_band":"<60k","low_income_share":0.7,"median_year_built":1960,"pre1980":0.73,"owner":0.4,"fuel":{"gas":0.69,"propane":0.04,"electric":0.15,"oil":0.12,"other":0,"none":0},"dac":true,"dac_share":1,"score":69,"parts":{"volume":25,"fuel":10.1,"age":14.7,"owner":6,"incentive":12.7},"gaps":[]}},{"type":"Feature","geometry":{"type":"Polygon","coordinates":[[[-73.59241,40.7088],[-73.59248,40.70789],[-73.59028,40.70785],[-73.58807,40.70804],[-73.58787,40.70793],[-73.58732,40.707],[-73.58726,40.70658],[-73.58738,40.70596],[-73.58722,40.70456],[-73.58668,40.7046],[-73.58645,40.70229],[-73.58623,40.70168],[-73.58631,40.70153],[-73.58654,40.70138],[-73.58715,40.70118],[-73.58757,40.70114],[-73.58788,40.69985],[-73.58852,40.69895],[-73.58723,40.6984],[-73.58484,40.69689],[-73.58163,40.69504],[-73.57976,40.69432],[-73.57891,40.69413],[-73.57809,40.6941],[-73.57595,40.6945],[-73.5763,40.69589],[-73.5784,40.70641],[-73.57982,40.71231],[-73.5867,40.71013],[-73.59236,40.70956],[-73.59241,40.7088]]]},"properties":{"geoid":"36059407402","county":"059","county_name":"Nassau","utility":"psegli","utility_split":false,"homes":865,"homes_source":"acs_est","multifamily_5plus_lots":null,"median_income":136571,"income_band":"100–150k","low_income_share":0.41,"median_year_built":1953,"pre1980":0.74,"owner":0.58,"fuel":{"gas":0.72,"propane":0.02,"electric":0.1,"oil":0.16,"other":0,"none":0},"dac":true,"dac_share":1,"score":69,"parts":{"volume":25,"fuel":10.3,"age":14.8,"owner":8.8,"incentive":10.6},"gaps":[]}},{"type":"Feature","geometry":{"type":"Polygon","coordinates":[[[-73.73385,40.63406],[-73.73338,40.63386],[-73.73265,40.63268],[-73.7316,40.6305],[-73.73111,40.63063],[-73.73098,40.63051],[-73.73031,40.63076],[-73.73028,40.63086],[-73.72731,40.6316],[-73.72677,40.63098],[-73.72524,40.63001],[-73.72486,40.63006],[-73.7248,40.62992],[-73.72503,40.62984],[-73.72496,40.62973],[-73.7247,40.62981],[-73.72451,40.62955],[-73.72415,40.62967],[-73.72391,40.62937],[-73.72176,40.6278],[-73.71825,40.62961],[-73.71593,40.63236],[-73.71536,40.63293],[-73.71505,40.63319],[-73.714,40.63369],[-73.71761,40.63786],[-73.71261,40.6406],[-73.70426,40.64374],[-73.70504,40.64493],[-73.70554,40.64494],[-73.70781,40.64855],[-73.70869,40.64966],[-73.71176,40.65005],[-73.7121,40.65015],[-73.7128,40.65058],[-73.71475,40.64766],[-73.71463,40.64761],[-73.71528,40.64612],[-73.71554,40.646],[-73.71583,40.64526],[-73.71599,40.64399],[-73.71818,40.64338],[-73.72081,40.64343],[-73.72162,40.64288],[-73.72305,40.64238],[-73.72318,40.6422],[-73.7246,40.64115],[-73.72689,40.64078],[-73.72828,40.64067],[-73.72851,40.6405],[-73.73068,40.63954],[-73.73138,40.63945],[-73.73195,40.63963],[-73.7324,40.63936],[-73.73243,40.63892],[-73.73209,40.63835],[-73.73212,40.63814],[-73.73284,40.63819],[-73.73302,40.63807],[-73.73314,40.63785],[-73.73302,40.63666],[-73.73326,40.63601],[-73.73319,40.6358],[-73.73296,40.63551],[-73.73385,40.63406]]]},"properties":{"geoid":"36059411302","county":"059","county_name":"Nassau","utility":"psegli","utility_split":false,"homes":1916,"homes_source":"acs_est","multifamily_5plus_lots":null,"median_income":192658,"income_band":"150k+","low_income_share":0.15,"median_year_built":1958,"pre1980":0.94,"owner":0.99,"fuel":{"gas":0.79,"propane":0.01,"electric":0.03,"oil":0.14,"other":0,"none":0.03},"dac":false,"dac_share":0,"score":69,"parts":{"volume":25,"fuel":9,"age":18.8,"owner":14.9,"incentive":1.1},"gaps":[]}},{"type":"Feature","geometry":{"type":"Polygon","coordinates":[[[-73.71062,40.63557],[-73.70717,40.63173],[-73.7057,40.6333],[-73.7039,40.63278],[-73.70286,40.63261],[-73.70258,40.63244],[-73.70209,40.63233],[-73.70203,40.63242],[-73.70088,40.63233],[-73.70018,40.63291],[-73.70047,40.6341],[-73.69997,40.6341],[-73.69995,40.63434],[-73.69961,40.63436],[-73.6996,40.63409],[-73.69944,40.6341],[-73.69946,40.63441],[-73.69807,40.6344],[-73.69808,40.63489],[-73.69926,40.6352],[-73.69908,40.63571],[-73.69964,40.63603],[-73.69991,40.63639],[-73.70069,40.63676],[-73.70006,40.63714],[-73.70074,40.63752],[-73.70022,40.6379],[-73.69847,40.63973],[-73.69685,40.64108],[-73.6947,40.6406],[-73.68885,40.64098],[-73.6844,40.64027],[-73.67918,40.64],[-73.67941,40.64266],[-73.67936,40.64316],[-73.68161,40.64414],[-73.67984,40.6459],[-73.67756,40.64791],[-73.68043,40.64975],[-73.68165,40.65081],[-73.68184,40.6508],[-73.68238,40.65041],[-73.68141,40.64916],[-73.68201,40.64879],[-73.68203,40.64867],[-73.68252,40.6484],[-73.68417,40.648],[-73.68524,40.64912],[-73.68703,40.64863],[-73.6878,40.64833],[-73.68902,40.64938],[-73.68986,40.64998],[-73.69094,40.64946],[-73.69343,40.6477],[-73.69415,40.64725],[-73.69475,40.64702],[-73.69978,40.64551],[-73.70184,40.64472],[-73.70184,40.64501],[-73.70297,40.6449],[-73.70504,40.64493],[-73.70426,40.64374],[-73.70736,40.64258],[-73.70682,40.64173],[-73.70502,40.63824],[-73.71062,40.63557]]]},"properties":{"geoid":"36059411700","county":"059","county_name":"Nassau","utility":"psegli","utility_split":false,"homes":1831,"homes_source":"acs_est","multifamily_5plus_lots":null,"median_income":140765,"income_band":"100–150k","low_income_share":0.33,"median_year_built":1948,"pre1980":0.94,"owner":0.84,"fuel":{"gas":0.75,"propane":0,"electric":0.04,"oil":0.2,"other":0,"none":0},"dac":false,"dac_share":0,"score":69,"parts":{"volume":25,"fuel":10.3,"age":18.7,"owner":12.7,"incentive":2.5},"gaps":[]}},{"type":"Feature","geometry":{"type":"Polygon","coordinates":[[[-73.67918,40.64],[-73.67886,40.6375],[-73.67494,40.63758],[-73.67528,40.63723],[-73.67637,40.63692],[-73.67656,40.63638],[-73.67566,40.63567],[-73.67421,40.6343],[-73.67333,40.63376],[-73.67391,40.63297],[-73.67436,40.6318],[-73.6755,40.63063],[-73.67649,40.62935],[-73.67652,40.62908],[-73.67626,40.62896],[-73.6774,40.62877],[-73.67557,40.628],[-73.67047,40.62623],[-73.66893,40.62558],[-73.66765,40.62311],[-73.66692,40.6227],[-73.66519,40.62216],[-73.66255,40.6222],[-73.66215,40.62288],[-73.66194,40.62305],[-73.6619,40.62386],[-73.66088,40.6284],[-73.66032,40.62897],[-73.65975,40.62983],[-73.65973,40.63046],[-73.65921,40.63388],[-73.65901,40.63452],[-73.65871,40.63424],[-73.65785,40.63463],[-73.65727,40.6352],[-73.65761,40.63533],[-73.6577,40.6355],[-73.6582,40.63564],[-73.65933,40.63568],[-73.65994,40.63583],[-73.65973,40.63602],[-73.65977,40.63612],[-73.65934,40.63773],[-73.65905,40.63809],[-73.65915,40.6384],[-73.65877,40.63974],[-73.65839,40.64076],[-73.65966,40.64078],[-73.65992,40.63998],[-73.66074,40.63965],[-73.66328,40.64058],[-73.66369,40.64082],[-73.66706,40.64204],[-73.6696,40.64208],[-73.67287,40.6416],[-73.6754,40.64091],[-73.67814,40.64],[-73.67918,40.64]]]},"properties":{"geoid":"36059412200","county":"059","county_name":"Nassau","utility":"psegli","utility_split":false,"homes":1986,"homes_source":"acs_est","multifamily_5plus_lots":null,"median_income":114183,"income_band":"100–150k","low_income_share":0.42,"median_year_built":1952,"pre1980":0.89,"owner":0.91,"fuel":{"gas":0.78,"propane":0.01,"electric":0.04,"oil":0.16,"other":0,"none":0.01},"dac":false,"dac_share":0,"score":69,"parts":{"volume":25,"fuel":9.7,"age":17.8,"owner":13.6,"incentive":3.1},"gaps":[]}},{"type":"Feature","geometry":{"type":"Polygon","coordinates":[[[-73.6585,40.66252],[-73.65868,40.66242],[-73.65744,40.66057],[-73.65715,40.65965],[-73.65689,40.65914],[-73.65671,40.65776],[-73.65323,40.65831],[-73.65083,40.65847],[-73.64322,40.65811],[-73.63551,40.6579],[-73.63062,40.65762],[-73.62276,40.65743],[-73.62133,40.65813],[-73.62039,40.65991],[-73.61935,40.65996],[-73.61931,40.6604],[-73.6186,40.66037],[-73.61845,40.66202],[-73.61846,40.66227],[-73.62059,40.66193],[-73.62116,40.66176],[-73.62285,40.66081],[-73.62348,40.66062],[-73.62411,40.66057],[-73.62952,40.66069],[-73.63893,40.66176],[-73.64094,40.6625],[-73.64406,40.66378],[-73.64634,40.66515],[-73.64762,40.66576],[-73.65099,40.66669],[-73.65362,40.66819],[-73.65413,40.66747],[-73.654,40.66677],[-73.65458,40.66544],[-73.65553,40.66434],[-73.6556,40.66392],[-73.65662,40.66347],[-73.65676,40.66348],[-73.65742,40.66294],[-73.6585,40.66252]]]},"properties":{"geoid":"36059412400","county":"059","county_name":"Nassau","utility":"psegli","utility_split":false,"homes":1090,"homes_source":"acs_est","multifamily_5plus_lots":null,"median_income":106652,"income_band":"100–150k","low_income_share":0.46,"median_year_built":1959,"pre1980":0.72,"owner":0.53,"fuel":{"gas":0.59,"propane":0.02,"electric":0.22,"oil":0.16,"other":0,"none":0.02},"dac":true,"dac_share":1,"score":69,"parts":{"volume":25,"fuel":10.9,"age":14.3,"owner":7.9,"incentive":10.9},"gaps":[]}},{"type":"Feature","geometry":{"type":"Polygon","coordinates":[[[-73.65384,40.66826],[-73.65328,40.66804],[-73.65099,40.66669],[-73.64762,40.66576],[-73.64634,40.66515],[-73.64406,40.66378],[-73.63899,40.66177],[-73.63315,40.66112],[-73.63232,40.66504],[-73.63022,40.6683],[-73.63118,40.66859],[-73.6315,40.66861],[-73.63459,40.66964],[-73.63812,40.67109],[-73.6378,40.6714],[-73.64047,40.67243],[-73.64239,40.67305],[-73.64358,40.67147],[-73.64435,40.67133],[-73.64474,40.67149],[-73.64573,40.67144],[-73.65126,40.67489],[-73.64987,40.6726],[-73.65187,40.671],[-73.65295,40.66981],[-73.65384,40.66826]]]},"properties":{"geoid":"36059412500","county":"059","county_name":"Nassau","utility":"psegli","utility_split":false,"homes":1376,"homes_source":"acs_est","multifamily_5plus_lots":null,"median_income":209583,"income_band":"150k+","low_income_share":0.12,"median_year_built":1938,"pre1980":0.94,"owner":0.97,"fuel":{"gas":0.77,"propane":0.02,"electric":0.03,"oil":0.18,"other":0,"none":0},"dac":false,"dac_share":0,"score":69,"parts":{"volume":25,"fuel":10.2,"age":18.8,"owner":14.5,"incentive":0.9},"gaps":[]}},{"type":"Feature","geometry":{"type":"Polygon","coordinates":[[[-73.64231,40.67315],[-73.64239,40.67305],[-73.64047,40.67243],[-73.6378,40.6714],[-73.63812,40.67109],[-73.63459,40.66964],[-73.6315,40.66861],[-73.63118,40.66859],[-73.63022,40.6683],[-73.62973,40.66889],[-73.6271,40.6709],[-73.62696,40.67133],[-73.63098,40.6724],[-73.62927,40.677],[-73.62897,40.677],[-73.6286,40.67781],[-73.63052,40.67833],[-73.63031,40.67905],[-73.63121,40.67927],[-73.63084,40.67988],[-73.63007,40.6806],[-73.6289,40.68114],[-73.62825,40.68172],[-73.62758,40.68214],[-73.62704,40.6826],[-73.62631,40.68405],[-73.62511,40.68569],[-73.62439,40.68718],[-73.62457,40.68707],[-73.63036,40.68879],[-73.6309,40.68943],[-73.631,40.68973],[-73.63168,40.68994],[-73.63277,40.69003],[-73.63298,40.68926],[-73.63296,40.689],[-73.63324,40.68817],[-73.6342,40.68643],[-73.63618,40.68241],[-73.63655,40.68133],[-73.63684,40.6809],[-73.63778,40.67988],[-73.63923,40.67762],[-73.64064,40.67465],[-73.64231,40.67315]]]},"properties":{"geoid":"36059412600","county":"059","county_name":"Nassau","utility":"psegli","utility_split":false,"homes":1196,"homes_source":"acs_est","multifamily_5plus_lots":null,"median_income":250001,"income_band":"150k+","low_income_share":0.12,"median_year_built":1944,"pre1980":0.94,"owner":0.97,"fuel":{"gas":0.76,"propane":0.01,"electric":0.04,"oil":0.19,"other":0,"none":0},"dac":false,"dac_share":0,"score":69,"parts":{"volume":25,"fuel":10.3,"age":18.7,"owner":14.5,"incentive":0.9},"gaps":[]}},{"type":"Feature","geometry":{"type":"Polygon","coordinates":[[[-73.63825,40.64728],[-73.63836,40.64637],[-73.63478,40.64522],[-73.63364,40.64501],[-73.62825,40.64489],[-73.62696,40.64477],[-73.62362,40.64531],[-73.62278,40.64561],[-73.6211,40.64598],[-73.61878,40.64615],[-73.61958,40.65361],[-73.62091,40.6534],[-73.62218,40.6534],[-73.62225,40.65695],[-73.62193,40.6574],[-73.62276,40.65743],[-73.62637,40.65567],[-73.62645,40.65552],[-73.62677,40.65554],[-73.62681,40.65522],[-73.62739,40.65516],[-73.62997,40.6539],[-73.63153,40.65323],[-73.63471,40.65387],[-73.63825,40.64728]]]},"properties":{"geoid":"36059413100","county":"059","county_name":"Nassau","utility":"psegli","utility_split":false,"homes":1663,"homes_source":"acs_est","multifamily_5plus_lots":null,"median_income":164167,"income_band":"150k+","low_income_share":0.31,"median_year_built":1953,"pre1980":0.89,"owner":0.91,"fuel":{"gas":0.72,"propane":0.01,"electric":0.04,"oil":0.23,"other":0,"none":0},"dac":false,"dac_share":0,"score":69,"parts":{"volume":25,"fuel":10.9,"age":17.7,"owner":13.6,"incentive":2.3},"gaps":[]}},{"type":"Feature","geometry":{"type":"Polygon","coordinates":[[[-73.57691,40.63857],[-73.57335,40.62498],[-73.57263,40.62499],[-73.57218,40.6253],[-73.57121,40.62544],[-73.57004,40.62853],[-73.56506,40.63093],[-73.56249,40.6298],[-73.56166,40.62952],[-73.56133,40.62924],[-73.55973,40.62889],[-73.55942,40.6287],[-73.55938,40.62886],[-73.558,40.63023],[-73.5577,40.63069],[-73.55764,40.63169],[-73.5574,40.63222],[-73.55683,40.63318],[-73.55607,40.63389],[-73.55586,40.63396],[-73.55583,40.63387],[-73.55316,40.63536],[-73.5491,40.63691],[-73.53717,40.6334],[-73.54072,40.64235],[-73.54299,40.64717],[-73.54319,40.64797],[-73.54346,40.64833],[-73.5435,40.64877],[-73.54362,40.64894],[-73.54399,40.65031],[-73.54415,40.65045],[-73.54413,40.65074],[-73.54431,40.65147],[-73.54472,40.65191],[-73.5448,40.65183],[-73.54922,40.65653],[-73.55108,40.65512],[-73.55214,40.6545],[-73.55598,40.65358],[-73.55692,40.65355],[-73.56035,40.65398],[-73.56159,40.65394],[-73.56323,40.65376],[-73.56584,40.65386],[-73.56532,40.65359],[-73.56564,40.6529],[-73.56468,40.64984],[-73.56463,40.64769],[-73.5656,40.64631],[-73.56599,40.64625],[-73.56636,40.6457],[-73.56706,40.64561],[-73.56706,40.64526],[-73.56748,40.64401],[-73.56748,40.64371],[-73.56808,40.64334],[-73.56924,40.64286],[-73.56895,40.64241],[-73.56896,40.6422],[-73.5691,40.64205],[-73.56877,40.64113],[-73.56742,40.63973],[-73.56739,40.63868],[-73.57254,40.63774],[-73.57277,40.63872],[-73.57691,40.63857]]]},"properties":{"geoid":"36059415102","county":"059","county_name":"Nassau","utility":"psegli","utility_split":false,"homes":1732,"homes_source":"acs_est","multifamily_5plus_lots":null,"median_income":247957,"income_band":"150k+","low_income_share":0.18,"median_year_built":1961,"pre1980":0.9,"owner":0.98,"fuel":{"gas":0.77,"propane":0,"electric":0.04,"oil":0.18,"other":0,"none":0},"dac":false,"dac_share":0,"score":69,"parts":{"volume":25,"fuel":10.1,"age":18,"owner":14.8,"incentive":1.3},"gaps":[]}},{"type":"Feature","geometry":{"type":"Polygon","coordinates":[[[-73.55752,40.67672],[-73.54922,40.65653],[-73.53967,40.66111],[-73.53976,40.66147],[-73.54012,40.66213],[-73.54057,40.66254],[-73.54183,40.66328],[-73.54432,40.66502],[-73.54468,40.66541],[-73.54468,40.66559],[-73.54396,40.66788],[-73.54383,40.6681],[-73.54389,40.66809],[-73.54386,40.6682],[-73.54373,40.66833],[-73.54387,40.67053],[-73.54467,40.67148],[-73.54498,40.67213],[-73.54511,40.67359],[-73.54489,40.67429],[-73.54558,40.67457],[-73.54603,40.67462],[-73.54814,40.67434],[-73.54953,40.67431],[-73.55291,40.6756],[-73.55519,40.67671],[-73.55752,40.67672]]]},"properties":{"geoid":"36059415201","county":"059","county_name":"Nassau","utility":"psegli","utility_split":false,"homes":1191,"homes_source":"acs_est","multifamily_5plus_lots":null,"median_income":188558,"income_band":"150k+","low_income_share":0.21,"median_year_built":1951,"pre1980":0.87,"owner":0.95,"fuel":{"gas":0.76,"propane":0.01,"electric":0.02,"oil":0.21,"other":0.01,"none":0},"dac":false,"dac_share":0,"score":69,"parts":{"volume":25,"fuel":10.5,"age":17.4,"owner":14.3,"incentive":1.6},"gaps":[]}},{"type":"Feature","geometry":{"type":"Polygon","coordinates":[[[-73.54922,40.65653],[-73.5448,40.65183],[-73.54472,40.65191],[-73.54431,40.65147],[-73.54413,40.65074],[-73.54415,40.65045],[-73.54399,40.65031],[-73.54362,40.64894],[-73.5435,40.64877],[-73.54346,40.64833],[-73.54319,40.64797],[-73.54299,40.64717],[-73.54072,40.64235],[-73.53717,40.6334],[-73.53467,40.6326],[-73.53087,40.6316],[-73.52767,40.6318],[-73.52728,40.63952],[-73.52945,40.64213],[-73.5305,40.64357],[-73.53122,40.64423],[-73.53246,40.64405],[-73.53297,40.64414],[-73.53314,40.64558],[-73.53344,40.64623],[-73.53383,40.64769],[-73.5341,40.64808],[-73.53464,40.64847],[-73.5356,40.64863],[-73.53596,40.64895],[-73.53614,40.64932],[-73.53617,40.64959],[-73.53578,40.64993],[-73.53575,40.65041],[-73.53635,40.65126],[-73.53686,40.65156],[-73.53686,40.65202],[-73.5374,40.65248],[-73.53761,40.65282],[-73.53749,40.65325],[-73.53856,40.65501],[-73.53851,40.65523],[-73.53805,40.65566],[-73.53797,40.65705],[-73.53844,40.65744],[-73.53883,40.6576],[-73.53913,40.65833],[-73.53919,40.65913],[-73.53967,40.66111],[-73.54922,40.65653]]]},"properties":{"geoid":"36059415202","county":"059","county_name":"Nassau","utility":"psegli","utility_split":false,"homes":1475,"homes_source":"acs_est","multifamily_5plus_lots":null,"median_income":197250,"income_band":"150k+","low_income_share":0.26,"median_year_built":1961,"pre1980":0.92,"owner":0.97,"fuel":{"gas":0.82,"propane":0.01,"electric":0.02,"oil":0.15,"other":0,"none":0},"dac":false,"dac_share":0,"score":69,"parts":{"volume":25,"fuel":9.3,"age":18.3,"owner":14.6,"incentive":2},"gaps":[]}},{"type":"Feature","geometry":{"type":"Polygon","coordinates":[[[-73.676,40.86657],[-73.67107,40.8593],[-73.65616,40.86384],[-73.65366,40.86454],[-73.65298,40.86449],[-73.65239,40.86467],[-73.65154,40.86521],[-73.64973,40.86557],[-73.64828,40.86624],[-73.64664,40.86684],[-73.64687,40.86687],[-73.64723,40.87147],[-73.64603,40.87119],[-73.6453,40.87134],[-73.64176,40.87158],[-73.6403,40.87189],[-73.63035,40.87243],[-73.63066,40.87572],[-73.63064,40.87634],[-73.63048,40.87668],[-73.62969,40.87742],[-73.62956,40.87788],[-73.63063,40.88332],[-73.62684,40.88371],[-73.62547,40.88356],[-73.62198,40.88392],[-73.62051,40.8842],[-73.61845,40.8844],[-73.618,40.88457],[-73.61761,40.88494],[-73.61797,40.88636],[-73.6186,40.88734],[-73.61881,40.88812],[-73.61927,40.88906],[-73.61968,40.89056],[-73.62029,40.89567],[-73.62039,40.89579],[-73.62099,40.89802],[-73.62102,40.89851],[-73.62024,40.90247],[-73.63149,40.90707],[-73.65151,40.88524],[-73.676,40.86657]]]},"properties":{"geoid":"36059517000","county":"059","county_name":"Nassau","utility":"psegli","utility_split":false,"homes":1242,"homes_source":"acs_est","multifamily_5plus_lots":null,"median_income":140599,"income_band":"100–150k","low_income_share":0.39,"median_year_built":1961,"pre1980":0.77,"owner":0.76,"fuel":{"gas":0.52,"propane":0.05,"electric":0.02,"oil":0.34,"other":0.05,"none":0.01},"dac":false,"dac_share":0,"score":69,"parts":{"volume":25,"fuel":13.9,"age":15.5,"owner":11.4,"incentive":2.9},"gaps":[]}},{"type":"Feature","geometry":{"type":"Polygon","coordinates":[[[-73.85281,40.69685],[-73.85283,40.69614],[-73.85257,40.69478],[-73.85217,40.69366],[-73.85048,40.69423],[-73.84773,40.69477],[-73.84894,40.69756],[-73.84948,40.6982],[-73.85184,40.69768],[-73.85266,40.69757],[-73.85281,40.69685]]]},"properties":{"geoid":"36081002200","county":"081","county_name":"Queens","utility":"coned","utility_split":false,"homes":284,"homes_source":"pluto","multifamily_5plus_lots":8,"median_income":71667,"income_band":"60–100k","low_income_share":0.65,"median_year_built":1938,"pre1980":0.87,"owner":0.32,"fuel":{"gas":0.65,"propane":0.03,"electric":0.2,"oil":0.11,"other":0,"none":0.01},"dac":true,"dac_share":1,"score":68,"parts":{"volume":21.1,"fuel":10.1,"age":17.4,"owner":4.8,"incentive":15},"gaps":[]}},{"type":"Feature","geometry":{"type":"Polygon","coordinates":[[[-73.93215,40.75771],[-73.92896,40.75621],[-73.9277,40.75775],[-73.9293,40.7585],[-73.92619,40.76235],[-73.92842,40.76342],[-73.93037,40.76449],[-73.93135,40.76327],[-73.92945,40.76237],[-73.93055,40.76122],[-73.92965,40.7608],[-73.93215,40.75771]]]},"properties":{"geoid":"36081005300","county":"081","county_name":"Queens","utility":"coned","utility_split":false,"homes":384,"homes_source":"pluto","multifamily_5plus_lots":98,"median_income":113816,"income_band":"100–150k","low_income_share":0.48,"median_year_built":1938,"pre1980":0.83,"owner":0.16,"fuel":{"gas":0.54,"propane":0.03,"electric":0.12,"oil":0.22,"other":0.02,"none":0.07},"dac":true,"dac_share":1,"score":68,"parts":{"volume":22.3,"fuel":11.4,"age":16.5,"owner":2.4,"incentive":15},"gaps":[]}},{"type":"Feature","geometry":{"type":"Polygon","coordinates":[[[-73.83152,40.70139],[-73.83104,40.70025],[-73.82797,40.69399],[-73.82583,40.69445],[-73.82753,40.69792],[-73.82631,40.69826],[-73.82747,40.70064],[-73.82725,40.70068],[-73.82795,40.70229],[-73.83152,40.70139]]]},"properties":{"geoid":"36081014400","county":"081","county_name":"Queens","utility":"coned","utility_split":false,"homes":237,"homes_source":"pluto","multifamily_5plus_lots":13,"median_income":80101,"income_band":"60–100k","low_income_share":0.76,"median_year_built":1944,"pre1980":0.99,"owner":0.19,"fuel":{"gas":0.76,"propane":0.09,"electric":0.02,"oil":0.1,"other":0.02,"none":0},"dac":true,"dac_share":1,"score":68,"parts":{"volume":20.5,"fuel":10.2,"age":19.8,"owner":2.8,"incentive":15},"gaps":[]}},{"type":"Feature","geometry":{"type":"Polygon","coordinates":[[[-73.82659,40.69118],[-73.82599,40.68995],[-73.81452,40.69322],[-73.81512,40.69444],[-73.82659,40.69118]]]},"properties":{"geoid":"36081015400","county":"081","county_name":"Queens","utility":"coned","utility_split":false,"homes":301,"homes_source":"pluto","multifamily_5plus_lots":9,"median_income":69414,"income_band":"60–100k","low_income_share":0.64,"median_year_built":1938,"pre1980":0.85,"owner":0.46,"fuel":{"gas":0.86,"propane":0,"electric":0.03,"oil":0.05,"other":0,"none":0.05},"dac":true,"dac_share":1,"score":68,"parts":{"volume":21.4,"fuel":7.2,"age":17,"owner":6.9,"incentive":15},"gaps":[]}},{"type":"Feature","geometry":{"type":"Polygon","coordinates":[[[-73.91687,40.75481],[-73.91763,40.75386],[-73.9165,40.75389],[-73.91447,40.75366],[-73.91354,40.75347],[-73.91176,40.75557],[-73.91501,40.7571],[-73.91687,40.75481]]]},"properties":{"geoid":"36081016100","county":"081","county_name":"Queens","utility":"coned","utility_split":false,"homes":176,"homes_source":"pluto","multifamily_5plus_lots":57,"median_income":92042,"income_band":"60–100k","low_income_share":0.57,"median_year_built":1942,"pre1980":0.94,"owner":0.27,"fuel":{"gas":0.67,"propane":0.01,"electric":0.06,"oil":0.22,"other":0.01,"none":0.03},"dac":true,"dac_share":1,"score":68,"parts":{"volume":19.4,"fuel":10.9,"age":18.8,"owner":4.1,"incentive":15},"gaps":[]}},{"type":"Feature","geometry":{"type":"Polygon","coordinates":[[[-73.92831,40.72834],[-73.92654,40.72794],[-73.92645,40.72812],[-73.92507,40.72777],[-73.92387,40.72709],[-73.92221,40.72649],[-73.92127,40.7263],[-73.91836,40.72593],[-73.91761,40.73057],[-73.91752,40.731],[-73.91731,40.73144],[-73.91904,40.73202],[-73.91888,40.73272],[-73.91878,40.7327],[-73.9187,40.7332],[-73.91831,40.73315],[-73.91775,40.73493],[-73.91756,40.73529],[-73.91935,40.73512],[-73.91932,40.73525],[-73.92026,40.73519],[-73.92025,40.73496],[-73.9224,40.73436],[-73.92395,40.73353],[-73.92468,40.73298],[-73.92519,40.73243],[-73.92688,40.72989],[-73.92751,40.72912],[-73.92831,40.72834]]]},"properties":{"geoid":"36081020500","county":"081","county_name":"Queens","utility":"coned","utility_split":false,"homes":163,"homes_source":"pluto","multifamily_5plus_lots":1,"median_income":76786,"income_band":"60–100k","low_income_share":0.76,"median_year_built":1938,"pre1980":0.88,"owner":0.59,"fuel":{"gas":0.88,"propane":0.01,"electric":0.08,"oil":0.03,"other":0,"none":0},"dac":true,"dac_share":1,"score":68,"parts":{"volume":19.1,"fuel":7.5,"age":17.7,"owner":8.8,"incentive":15},"gaps":[]}},{"type":"Feature","geometry":{"type":"Polygon","coordinates":[[[-73.87135,40.76233],[-73.87041,40.75713],[-73.86746,40.75744],[-73.86826,40.76181],[-73.87135,40.76233]]]},"properties":{"geoid":"36081036300","county":"081","county_name":"Queens","utility":"coned","utility_split":false,"homes":296,"homes_source":"pluto","multifamily_5plus_lots":4,"median_income":76613,"income_band":"60–100k","low_income_share":0.65,"median_year_built":1950,"pre1980":0.92,"owner":0.3,"fuel":{"gas":0.84,"propane":0,"electric":0.01,"oil":0.15,"other":0,"none":0},"dac":true,"dac_share":1,"score":68,"parts":{"volume":21.3,"fuel":9.1,"age":18.4,"owner":4.5,"incentive":15},"gaps":[]}},{"type":"Feature","geometry":{"type":"Polygon","coordinates":[[[-73.87177,40.76463],[-73.87135,40.76233],[-73.86434,40.76114],[-73.8635,40.76156],[-73.86749,40.76569],[-73.86898,40.76491],[-73.87177,40.76463]]]},"properties":{"geoid":"36081036700","county":"081","county_name":"Queens","utility":"coned","utility_split":false,"homes":469,"homes_source":"pluto","multifamily_5plus_lots":2,"median_income":78200,"income_band":"60–100k","low_income_share":0.66,"median_year_built":1951,"pre1980":0.9,"owner":0.33,"fuel":{"gas":0.9,"propane":0.04,"electric":0.03,"oil":0.02,"other":0,"none":0},"dac":true,"dac_share":1,"score":68,"parts":{"volume":23,"fuel":7.6,"age":17.9,"owner":4.9,"incentive":15},"gaps":[]}},{"type":"Feature","geometry":{"type":"Polygon","coordinates":[[[-73.86419,40.76118],[-73.86434,40.76114],[-73.86339,40.76098],[-73.86281,40.75776],[-73.85856,40.75791],[-73.85464,40.75847],[-73.85525,40.75915],[-73.85604,40.75973],[-73.85829,40.76073],[-73.85912,40.76127],[-73.85976,40.76184],[-73.86052,40.76143],[-73.8612,40.76214],[-73.86156,40.76265],[-73.86419,40.76118]]]},"properties":{"geoid":"36081037300","county":"081","county_name":"Queens","utility":"coned","utility_split":false,"homes":273,"homes_source":"pluto","multifamily_5plus_lots":13,"median_income":59821,"income_band":"<60k","low_income_share":0.69,"median_year_built":1946,"pre1980":0.84,"owner":0.43,"fuel":{"gas":0.81,"propane":0.02,"electric":0.08,"oil":0.08,"other":0.02,"none":0},"dac":true,"dac_share":1,"score":68,"parts":{"volume":21,"fuel":8.7,"age":16.8,"owner":6.4,"incentive":15},"gaps":[]}},{"type":"Feature","geometry":{"type":"Polygon","coordinates":[[[-73.91495,40.71394],[-73.91566,40.71347],[-73.91078,40.71319],[-73.91016,40.71382],[-73.91289,40.7154],[-73.91225,40.7159],[-73.91148,40.71669],[-73.91058,40.71745],[-73.91014,40.71768],[-73.91004,40.71758],[-73.90966,40.71779],[-73.91132,40.71962],[-73.91517,40.71856],[-73.91326,40.71507],[-73.91495,40.71394]]]},"properties":{"geoid":"36081053501","county":"081","county_name":"Queens","utility":"coned","utility_split":false,"homes":143,"homes_source":"pluto","multifamily_5plus_lots":6,"median_income":73042,"income_band":"60–100k","low_income_share":0.71,"median_year_built":1938,"pre1980":0.98,"owner":0.34,"fuel":{"gas":0.81,"propane":0.02,"electric":0.02,"oil":0.16,"other":0,"none":0},"dac":true,"dac_share":1,"score":68,"parts":{"volume":18.6,"fuel":9.6,"age":19.6,"owner":5.1,"incentive":15},"gaps":[]}},{"type":"Feature","geometry":{"type":"Polygon","coordinates":[[[-73.73582,40.68225],[-73.73598,40.68199],[-73.73562,40.68187],[-73.73574,40.68173],[-73.73374,40.68113],[-73.734,40.68043],[-73.73499,40.67851],[-73.73187,40.67757],[-73.73106,40.67831],[-73.73047,40.67935],[-73.72951,40.68006],[-73.7283,40.68148],[-73.72718,40.6836],[-73.73396,40.68564],[-73.73421,40.68532],[-73.73582,40.68225]]]},"properties":{"geoid":"36081061601","county":"081","county_name":"Queens","utility":"coned","utility_split":false,"homes":648,"homes_source":"pluto","multifamily_5plus_lots":0,"median_income":107838,"income_band":"100–150k","low_income_share":0.48,"median_year_built":1952,"pre1980":1,"owner":0.91,"fuel":{"gas":0.77,"propane":0.01,"electric":0.03,"oil":0.19,"other":0,"none":0},"dac":false,"dac_share":0,"score":68,"parts":{"volume":24.2,"fuel":10.2,"age":20,"owner":13.7,"incentive":0},"gaps":[]}},{"type":"Feature","geometry":{"type":"Polygon","coordinates":[[[-73.83343,40.77143],[-73.83069,40.76471],[-73.82786,40.76536],[-73.82769,40.7661],[-73.82678,40.76823],[-73.82657,40.76996],[-73.82657,40.77064],[-73.82957,40.77071],[-73.83011,40.77053],[-73.83055,40.77022],[-73.83059,40.77164],[-73.83152,40.77166],[-73.83149,40.77203],[-73.83171,40.77247],[-73.83343,40.77143]]]},"properties":{"geoid":"36081088902","county":"081","county_name":"Queens","utility":"coned","utility_split":false,"homes":155,"homes_source":"pluto","multifamily_5plus_lots":73,"median_income":59200,"income_band":"<60k","low_income_share":0.67,"median_year_built":1966,"pre1980":0.74,"owner":0.41,"fuel":{"gas":0.52,"propane":0.11,"electric":0.14,"oil":0.2,"other":0.01,"none":0.02},"dac":true,"dac_share":1,"score":68,"parts":{"volume":18.9,"fuel":12.9,"age":14.7,"owner":6.1,"incentive":15},"gaps":[]}},{"type":"Feature","geometry":{"type":"Polygon","coordinates":[[[-73.80369,40.77632],[-73.80379,40.77561],[-73.79854,40.77519],[-73.79785,40.77442],[-73.79724,40.77389],[-73.79566,40.77303],[-73.79365,40.77336],[-73.79271,40.77379],[-73.7949,40.7848],[-73.79509,40.78585],[-73.79494,40.78628],[-73.79685,40.78591],[-73.79783,40.78585],[-73.80242,40.78602],[-73.80303,40.78094],[-73.80369,40.77632]]]},"properties":{"geoid":"36081101700","county":"081","county_name":"Queens","utility":"coned","utility_split":false,"homes":1205,"homes_source":"pluto","multifamily_5plus_lots":7,"median_income":110572,"income_band":"100–150k","low_income_share":0.47,"median_year_built":1955,"pre1980":0.94,"owner":0.92,"fuel":{"gas":0.7,"propane":0.01,"electric":0.1,"oil":0.17,"other":0,"none":0.02},"dac":false,"dac_share":0,"score":68,"parts":{"volume":25,"fuel":10.2,"age":18.7,"owner":13.9,"incentive":0},"gaps":[]}},{"type":"Feature","geometry":{"type":"Polygon","coordinates":[[[-73.73408,40.79526],[-73.73382,40.7946],[-73.73317,40.79347],[-73.73168,40.79148],[-73.73059,40.79018],[-73.72958,40.79041],[-73.72979,40.79102],[-73.72817,40.7912],[-73.72805,40.79057],[-73.72162,40.79131],[-73.72125,40.78937],[-73.72105,40.78879],[-73.72104,40.78833],[-73.71916,40.78867],[-73.71802,40.78869],[-73.7155,40.78897],[-73.71553,40.78684],[-73.71752,40.7867],[-73.7176,40.78718],[-73.72018,40.78692],[-73.72014,40.78645],[-73.72078,40.78639],[-73.7206,40.7849],[-73.72163,40.78482],[-73.72289,40.78509],[-73.72504,40.78609],[-73.72607,40.78505],[-73.72603,40.78402],[-73.72674,40.78393],[-73.72664,40.7834],[-73.72638,40.78303],[-73.72799,40.7832],[-73.72968,40.7831],[-73.73017,40.78302],[-73.73065,40.78258],[-73.73071,40.78231],[-73.72953,40.77894],[-73.72878,40.7773],[-73.72833,40.77668],[-73.72202,40.77964],[-73.71356,40.78336],[-73.71122,40.78463],[-73.70997,40.78504],[-73.70728,40.78543],[-73.70797,40.78603],[-73.70639,40.78617],[-73.70645,40.78687],[-73.70947,40.7907],[-73.70869,40.79153],[-73.70929,40.79232],[-73.7095,40.79301],[-73.70983,40.79333],[-73.71037,40.79452],[-73.71043,40.79516],[-73.71273,40.79507],[-73.71283,40.79515],[-73.71401,40.79522],[-73.7144,40.79499],[-73.71591,40.79479],[-73.71574,40.79487],[-73.71586,40.79559],[-73.71561,40.7956],[-73.71567,40.79587],[-73.71552,40.79585],[-73.71551,40.79593],[-73.71553,40.79617],[-73.71573,40.79618],[-73.71588,40.79745],[-73.71729,40.79726],[-73.71719,40.79721],[-73.71727,40.79719],[-73.7198,40.79693],[-73.71994,40.79684],[-73.71997,40.79753],[-73.7197,40.79856],[-73.7199,40.79961],[-73.72349,40.7992],[-73.72363,40.79912],[-73.72439,40.79909],[-73.72462,40.80023],[-73.72742,40.79997],[-73.72833,40.79977],[-73.72755,40.79594],[-73.73127,40.79556],[-73.73211,40.7956],[-73.73222,40.79556],[-73.73216,40.79518],[-73.73261,40.7951],[-73.73269,40.7953],[-73.73408,40.79526]]]},"properties":{"geoid":"36059300600","county":"059","county_name":"Nassau","utility":"psegli","utility_split":false,"homes":1767,"homes_source":"acs_est","multifamily_5plus_lots":null,"median_income":173182,"income_band":"150k+","low_income_share":0.3,"median_year_built":1951,"pre1980":0.86,"owner":0.87,"fuel":{"gas":0.7,"propane":0.02,"electric":0.11,"oil":0.15,"other":0.02,"none":0},"dac":false,"dac_share":0,"score":68,"parts":{"volume":25,"fuel":10.2,"age":17.3,"owner":13,"incentive":2.3},"gaps":[]}},{"type":"Feature","geometry":{"type":"Polygon","coordinates":[[[-73.68312,40.82659],[-73.68225,40.82383],[-73.68078,40.82128],[-73.68045,40.82045],[-73.67982,40.81733],[-73.67986,40.8165],[-73.68018,40.81538],[-73.67558,40.8159],[-73.67164,40.8162],[-73.67125,40.8156],[-73.66964,40.8155],[-73.66907,40.8143],[-73.66677,40.8147],[-73.66558,40.8105],[-73.66492,40.81058],[-73.66495,40.81006],[-73.66412,40.80878],[-73.66341,40.80887],[-73.66187,40.80511],[-73.65617,40.8068],[-73.65325,40.80644],[-73.65164,40.80772],[-73.65042,40.81145],[-73.65007,40.81484],[-73.64967,40.8214],[-73.65057,40.8252],[-73.65206,40.8276],[-73.6522,40.82801],[-73.6566,40.82807],[-73.65727,40.8282],[-73.65749,40.82743],[-73.65756,40.8265],[-73.6576,40.82568],[-73.65745,40.82479],[-73.65657,40.82324],[-73.65602,40.82174],[-73.67384,40.81811],[-73.67599,40.81729],[-73.67616,40.81783],[-73.67552,40.81792],[-73.67539,40.818],[-73.67534,40.81815],[-73.67635,40.82097],[-73.67464,40.82131],[-73.67591,40.82507],[-73.6766,40.8276],[-73.68312,40.82659]]]},"properties":{"geoid":"36059301400","county":"059","county_name":"Nassau","utility":"psegli","utility_split":false,"homes":679,"homes_source":"acs_est","multifamily_5plus_lots":null,"median_income":250001,"income_band":"150k+","low_income_share":0.09,"median_year_built":1948,"pre1980":0.97,"owner":0.94,"fuel":{"gas":0.81,"propane":0.03,"electric":0.02,"oil":0.14,"other":0,"none":0},"dac":false,"dac_share":0,"score":68,"parts":{"volume":24.4,"fuel":9.6,"age":19.4,"owner":14.1,"incentive":0.7},"gaps":[]}},{"type":"Feature","geometry":{"type":"Polygon","coordinates":[[[-73.64406,40.79702],[-73.64404,40.79613],[-73.64331,40.79353],[-73.64221,40.79299],[-73.64082,40.79428],[-73.63468,40.79489],[-73.6318,40.79506],[-73.62604,40.79445],[-73.62245,40.79521],[-73.62228,40.79536],[-73.62224,40.7955],[-73.62288,40.79712],[-73.62319,40.79835],[-73.62277,40.79848],[-73.62248,40.79882],[-73.62253,40.79908],[-73.62289,40.79945],[-73.62286,40.79959],[-73.62201,40.80026],[-73.62121,40.80049],[-73.62026,40.80027],[-73.61992,40.80011],[-73.61937,40.80011],[-73.61867,40.80026],[-73.61827,40.80051],[-73.61786,40.8009],[-73.61689,40.80116],[-73.61628,40.80119],[-73.61552,40.80185],[-73.61476,40.80188],[-73.61402,40.80203],[-73.61354,40.80233],[-73.61337,40.80299],[-73.61293,40.80329],[-73.61188,40.80325],[-73.6115,40.80316],[-73.61011,40.80256],[-73.60969,40.80251],[-73.60897,40.80263],[-73.60792,40.80317],[-73.61237,40.8062],[-73.61543,40.80815],[-73.62111,40.81165],[-73.62157,40.8119],[-73.62188,40.81189],[-73.622,40.81232],[-73.62396,40.81365],[-73.6265,40.81486],[-73.6276,40.81577],[-73.6281,40.81604],[-73.62835,40.8156],[-73.62772,40.81541],[-73.62782,40.81512],[-73.62849,40.81533],[-73.62956,40.81333],[-73.62935,40.81291],[-73.62847,40.81291],[-73.62945,40.812],[-73.63083,40.81094],[-73.63357,40.8092],[-73.63374,40.80767],[-73.63687,40.80702],[-73.63763,40.80648],[-73.64037,40.80398],[-73.64317,40.80068],[-73.64361,40.79963],[-73.64395,40.79846],[-73.64406,40.79702]]]},"properties":{"geoid":"36059302101","county":"059","county_name":"Nassau","utility":"psegli","utility_split":false,"homes":1299,"homes_source":"acs_est","multifamily_5plus_lots":null,"median_income":224375,"income_band":"150k+","low_income_share":0.18,"median_year_built":1960,"pre1980":0.87,"owner":0.99,"fuel":{"gas":0.77,"propane":0.01,"electric":0.01,"oil":0.18,"other":0.02,"none":0.02},"dac":false,"dac_share":0,"score":68,"parts":{"volume":25,"fuel":9.8,"age":17.5,"owner":14.8,"incentive":1.3},"gaps":[]}},{"type":"Feature","geometry":{"type":"Polygon","coordinates":[[[-73.62578,40.77218],[-73.62576,40.77083],[-73.62532,40.76473],[-73.62496,40.76282],[-73.62463,40.76191],[-73.62301,40.75831],[-73.6228,40.75799],[-73.62127,40.75661],[-73.6197,40.7574],[-73.61964,40.7573],[-73.61707,40.75874],[-73.61531,40.75959],[-73.61326,40.76048],[-73.61195,40.76092],[-73.61067,40.76132],[-73.60689,40.76226],[-73.60129,40.76328],[-73.59206,40.76638],[-73.58483,40.76793],[-73.58319,40.76842],[-73.57805,40.77074],[-73.56963,40.77517],[-73.57012,40.77534],[-73.57116,40.77611],[-73.56883,40.77732],[-73.57143,40.77904],[-73.57191,40.77928],[-73.57237,40.77969],[-73.57845,40.78357],[-73.58017,40.7848],[-73.58085,40.78512],[-73.58178,40.78585],[-73.58889,40.7905],[-73.59219,40.7929],[-73.59445,40.7943],[-73.59722,40.79629],[-73.60532,40.80159],[-73.60792,40.80317],[-73.60897,40.80263],[-73.60969,40.80251],[-73.61011,40.80256],[-73.6115,40.80316],[-73.61188,40.80325],[-73.61293,40.80329],[-73.61337,40.80299],[-73.61354,40.80233],[-73.61402,40.80203],[-73.61476,40.80188],[-73.61552,40.80185],[-73.61628,40.80119],[-73.61689,40.80116],[-73.61786,40.8009],[-73.61827,40.80051],[-73.61867,40.80026],[-73.61937,40.80011],[-73.61992,40.80011],[-73.62026,40.80027],[-73.62121,40.80049],[-73.62214,40.8002],[-73.62286,40.79959],[-73.62289,40.79945],[-73.62253,40.79908],[-73.62248,40.79882],[-73.62277,40.79848],[-73.62319,40.79835],[-73.62288,40.79712],[-73.62224,40.7955],[-73.62058,40.79426],[-73.61984,40.79359],[-73.61888,40.79301],[-73.61752,40.79171],[-73.61775,40.7911],[-73.61771,40.79053],[-73.61786,40.79019],[-73.62037,40.79059],[-73.6213,40.79066],[-73.62327,40.78206],[-73.62427,40.7817],[-73.62419,40.7811],[-73.62347,40.78111],[-73.62412,40.77805],[-73.62483,40.77799],[-73.62557,40.77807],[-73.62518,40.7772],[-73.62514,40.7765],[-73.62561,40.77409],[-73.62578,40.77218]]]},"properties":{"geoid":"36059302502","county":"059","county_name":"Nassau","utility":"psegli","utility_split":false,"homes":905,"homes_source":"acs_est","multifamily_5plus_lots":null,"median_income":250001,"income_band":"150k+","low_income_share":0.18,"median_year_built":1968,"pre1980":0.64,"owner":0.93,"fuel":{"gas":0.48,"propane":0.08,"electric":0.06,"oil":0.38,"other":0.01,"none":0},"dac":false,"dac_share":0,"score":68,"parts":{"volume":25,"fuel":15.3,"age":12.8,"owner":13.9,"incentive":1.4},"gaps":[]}},{"type":"Feature","geometry":{"type":"Polygon","coordinates":[[[-73.69409,40.76202],[-73.69415,40.76131],[-73.69169,40.76269],[-73.68964,40.76307],[-73.68893,40.76017],[-73.68878,40.75876],[-73.6917,40.75873],[-73.69178,40.75718],[-73.69005,40.75662],[-73.6882,40.75577],[-73.68778,40.75479],[-73.68614,40.75497],[-73.68211,40.75504],[-73.68048,40.75477],[-73.67731,40.75442],[-73.67679,40.75426],[-73.67636,40.75394],[-73.67583,40.75296],[-73.67551,40.75268],[-73.67499,40.75246],[-73.67394,40.75224],[-73.67365,40.7521],[-73.67332,40.75176],[-73.67337,40.75314],[-73.67362,40.75526],[-73.67308,40.75576],[-73.67294,40.7561],[-73.67346,40.75845],[-73.67286,40.75972],[-73.67094,40.76003],[-73.66973,40.76014],[-73.66726,40.76118],[-73.66853,40.76227],[-73.66872,40.76219],[-73.66974,40.76314],[-73.67083,40.76271],[-73.67166,40.76257],[-73.68227,40.76331],[-73.68396,40.76281],[-73.68494,40.76296],[-73.68537,40.76314],[-73.68962,40.764],[-73.69378,40.76412],[-73.69409,40.76202]]]},"properties":{"geoid":"36059303101","county":"059","county_name":"Nassau","utility":"psegli","utility_split":false,"homes":1191,"homes_source":"acs_est","multifamily_5plus_lots":null,"median_income":165536,"income_band":"150k+","low_income_share":0.22,"median_year_built":1963,"pre1980":0.93,"owner":0.92,"fuel":{"gas":0.83,"propane":0,"electric":0.06,"oil":0.1,"other":0.01,"none":0},"dac":false,"dac_share":0,"score":68,"parts":{"volume":25,"fuel":8.6,"age":18.7,"owner":13.9,"incentive":1.7},"gaps":[]}},{"type":"Feature","geometry":{"type":"Polygon","coordinates":[[[-73.67321,40.75119],[-73.67306,40.74976],[-73.67271,40.74835],[-73.67212,40.74663],[-73.67184,40.74464],[-73.67157,40.74341],[-73.67161,40.74222],[-73.67174,40.74134],[-73.67165,40.74014],[-73.67118,40.73708],[-73.67118,40.734],[-73.66347,40.7352],[-73.65779,40.73619],[-73.6513,40.73713],[-73.65712,40.74384],[-73.65986,40.74257],[-73.66113,40.74277],[-73.66197,40.74306],[-73.66347,40.74379],[-73.66604,40.74528],[-73.66903,40.74733],[-73.67021,40.74828],[-73.67109,40.74936],[-73.67213,40.75004],[-73.67289,40.75066],[-73.67321,40.75119]]]},"properties":{"geoid":"36059303204","county":"059","county_name":"Nassau","utility":"psegli","utility_split":false,"homes":1227,"homes_source":"acs_est","multifamily_5plus_lots":null,"median_income":146406,"income_band":"100–150k","low_income_share":0.38,"median_year_built":1956,"pre1980":0.87,"owner":0.78,"fuel":{"gas":0.71,"propane":0.02,"electric":0.06,"oil":0.21,"other":0,"none":0},"dac":false,"dac_share":0,"score":68,"parts":{"volume":25,"fuel":10.9,"age":17.4,"owner":11.7,"incentive":2.9},"gaps":[]}},{"type":"Feature","geometry":{"type":"Polygon","coordinates":[[[-73.6579,40.74663],[-73.65788,40.74613],[-73.65761,40.74475],[-73.65749,40.74429],[-73.65724,40.7438],[-73.65712,40.74384],[-73.65405,40.74032],[-73.64169,40.74444],[-73.64628,40.75238],[-73.64843,40.75187],[-73.64941,40.75179],[-73.65202,40.75119],[-73.65241,40.75189],[-73.65248,40.75259],[-73.65284,40.75408],[-73.6579,40.75321],[-73.65741,40.75057],[-73.6574,40.75011],[-73.65747,40.74912],[-73.6579,40.74663]]]},"properties":{"geoid":"36059303500","county":"059","county_name":"Nassau","utility":"psegli","utility_split":false,"homes":1836,"homes_source":"acs_est","multifamily_5plus_lots":null,"median_income":183663,"income_band":"150k+","low_income_share":0.26,"median_year_built":1946,"pre1980":0.93,"owner":0.87,"fuel":{"gas":0.76,"propane":0.01,"electric":0.08,"oil":0.16,"other":0,"none":0},"dac":false,"dac_share":0,"score":68,"parts":{"volume":25,"fuel":9.9,"age":18.6,"owner":13,"incentive":1.9},"gaps":[]}},{"type":"Feature","geometry":{"type":"Polygon","coordinates":[[[-73.62406,40.75515],[-73.62372,40.7546],[-73.6239,40.75415],[-73.62402,40.75409],[-73.62306,40.7523],[-73.62258,40.75165],[-73.62299,40.75158],[-73.62244,40.75098],[-73.62221,40.75031],[-73.62215,40.7496],[-73.62244,40.7488],[-73.6218,40.74894],[-73.6221,40.74809],[-73.62312,40.74667],[-73.62326,40.74632],[-73.62334,40.74566],[-73.62321,40.74513],[-73.62273,40.74437],[-73.62201,40.74208],[-73.6171,40.743],[-73.61464,40.74316],[-73.61285,40.7434],[-73.60319,40.74533],[-73.60013,40.74572],[-73.60008,40.74726],[-73.60016,40.74756],[-73.60028,40.74784],[-73.6007,40.74838],[-73.60131,40.74966],[-73.60097,40.74986],[-73.60141,40.74987],[-73.60402,40.75676],[-73.60455,40.75805],[-73.60472,40.75827],[-73.60771,40.75782],[-73.60936,40.75741],[-73.6145,40.75537],[-73.61496,40.75521],[-73.61536,40.75518],[-73.61637,40.7546],[-73.61876,40.75421],[-73.61948,40.75436],[-73.62033,40.75514],[-73.62059,40.75596],[-73.62124,40.75647],[-73.62127,40.75661],[-73.62406,40.75515]]]},"properties":{"geoid":"36059303800","county":"059","county_name":"Nassau","utility":"psegli","utility_split":false,"homes":1771,"homes_source":"acs_est","multifamily_5plus_lots":null,"median_income":145500,"income_band":"100–150k","low_income_share":0.33,"median_year_built":1954,"pre1980":0.91,"owner":0.81,"fuel":{"gas":0.77,"propane":0.01,"electric":0.04,"oil":0.15,"other":0.02,"none":0},"dac":false,"dac_share":0,"score":68,"parts":{"volume":25,"fuel":9.7,"age":18.2,"owner":12.2,"incentive":2.5},"gaps":[]}},{"type":"Feature","geometry":{"type":"Polygon","coordinates":[[[-73.60483,40.75883],[-73.60472,40.75827],[-73.60455,40.75805],[-73.60402,40.75676],[-73.60141,40.74987],[-73.60097,40.74986],[-73.60131,40.74966],[-73.6007,40.74838],[-73.60028,40.74784],[-73.60016,40.74756],[-73.60008,40.74726],[-73.60013,40.74572],[-73.59282,40.74719],[-73.59531,40.75131],[-73.60099,40.75976],[-73.60273,40.75924],[-73.60483,40.75883]]]},"properties":{"geoid":"36059304001","county":"059","county_name":"Nassau","utility":"psegli","utility_split":false,"homes":802,"homes_source":"acs_est","multifamily_5plus_lots":null,"median_income":187813,"income_band":"150k+","low_income_share":0.27,"median_year_built":1950,"pre1980":0.96,"owner":0.88,"fuel":{"gas":0.88,"propane":0,"electric":0.02,"oil":0.11,"other":0,"none":0},"dac":false,"dac_share":0,"score":68,"parts":{"volume":25,"fuel":8.4,"age":19.2,"owner":13.2,"incentive":2.1},"gaps":[]}},{"type":"Feature","geometry":{"type":"Polygon","coordinates":[[[-73.72918,40.71917],[-73.72697,40.71071],[-73.72059,40.70881],[-73.71846,40.70826],[-73.71733,40.70808],[-73.71496,40.70805],[-73.71272,40.70838],[-73.7117,40.70839],[-73.70775,40.70812],[-73.70554,40.7077],[-73.70338,40.7074],[-73.6997,40.7073],[-73.69654,40.70704],[-73.69447,40.70729],[-73.69073,40.7081],[-73.6906,40.70885],[-73.68943,40.71302],[-73.68839,40.71507],[-73.68828,40.71541],[-73.68836,40.71597],[-73.68909,40.71799],[-73.69046,40.71866],[-73.69098,40.717],[-73.6922,40.71386],[-73.69238,40.7132],[-73.69255,40.7129],[-73.69299,40.71289],[-73.69628,40.7134],[-73.69594,40.71377],[-73.69916,40.7162],[-73.70316,40.71476],[-73.70469,40.71285],[-73.70824,40.71357],[-73.70816,40.71385],[-73.708,40.71405],[-73.70743,40.71594],[-73.70751,40.71613],[-73.70799,40.71628],[-73.7082,40.71613],[-73.70864,40.7163],[-73.70868,40.71623],[-73.71022,40.7168],[-73.71053,40.71785],[-73.71209,40.71802],[-73.71304,40.71802],[-73.71382,40.71785],[-73.71382,40.71763],[-73.71423,40.71631],[-73.71507,40.71606],[-73.716,40.716],[-73.71977,40.71631],[-73.71989,40.71807],[-73.71966,40.71859],[-73.72023,40.71841],[-73.72093,40.71864],[-73.72175,40.71911],[-73.72239,40.72087],[-73.72748,40.71969],[-73.72918,40.71917]]]},"properties":{"geoid":"36059404800","county":"059","county_name":"Nassau","utility":"psegli","utility_split":false,"homes":1621,"homes_source":"acs_est","multifamily_5plus_lots":null,"median_income":103614,"income_band":"100–150k","low_income_share":0.47,"median_year_built":1956,"pre1980":0.86,"owner":0.83,"fuel":{"gas":0.78,"propane":0.09,"electric":0.02,"oil":0.11,"other":0,"none":0},"dac":false,"dac_share":0,"score":68,"parts":{"volume":25,"fuel":10.1,"age":17.3,"owner":12.4,"incentive":3.5},"gaps":[]}},{"type":"Feature","geometry":{"type":"Polygon","coordinates":[[[-73.67796,40.71655],[-73.67668,40.71187],[-73.67548,40.70865],[-73.67586,40.70745],[-73.67056,40.70694],[-73.66567,40.70674],[-73.66571,40.71489],[-73.6655,40.71489],[-73.6655,40.71752],[-73.6645,40.71752],[-73.67075,40.71765],[-73.6711,40.71661],[-73.67228,40.71665],[-73.67796,40.71655]]]},"properties":{"geoid":"36059405302","county":"059","county_name":"Nassau","utility":"psegli","utility_split":false,"homes":1534,"homes_source":"acs_est","multifamily_5plus_lots":null,"median_income":112854,"income_band":"100–150k","low_income_share":0.44,"median_year_built":1954,"pre1980":0.88,"owner":0.72,"fuel":{"gas":0.71,"propane":0.08,"electric":0.01,"oil":0.19,"other":0,"none":0.01},"dac":false,"dac_share":0,"score":68,"parts":{"volume":25,"fuel":11.2,"age":17.6,"owner":10.8,"incentive":3.3},"gaps":[]}},{"type":"Feature","geometry":{"type":"Polygon","coordinates":[[[-73.68293,40.71699],[-73.68291,40.71655],[-73.68235,40.71651],[-73.67233,40.71664],[-73.67212,40.7175],[-73.6725,40.72158],[-73.67237,40.72197],[-73.67165,40.72268],[-73.67149,40.72299],[-73.6717,40.72495],[-73.67096,40.73309],[-73.67489,40.73223],[-73.67996,40.73098],[-73.67971,40.72964],[-73.67905,40.72971],[-73.67907,40.72919],[-73.67924,40.72914],[-73.67924,40.72885],[-73.67977,40.72875],[-73.67961,40.72828],[-73.67963,40.72762],[-73.68008,40.72762],[-73.6801,40.72727],[-73.68035,40.72727],[-73.68036,40.72692],[-73.68058,40.72692],[-73.68061,40.72582],[-73.68156,40.72582],[-73.68155,40.72521],[-73.68141,40.7252],[-73.68142,40.7249],[-73.68133,40.72483],[-73.68253,40.72483],[-73.68293,40.71699]]]},"properties":{"geoid":"36059406300","county":"059","county_name":"Nassau","utility":"psegli","utility_split":false,"homes":1337,"homes_source":"acs_est","multifamily_5plus_lots":null,"median_income":250001,"income_band":"150k+","low_income_share":0.25,"median_year_built":1953,"pre1980":0.94,"owner":0.98,"fuel":{"gas":0.88,"propane":0,"electric":0.05,"oil":0.08,"other":0,"none":0},"dac":false,"dac_share":0,"score":68,"parts":{"volume":25,"fuel":8,"age":18.8,"owner":14.7,"incentive":1.9},"gaps":[]}},{"type":"Feature","geometry":{"type":"Polygon","coordinates":[[[-73.6717,40.72495],[-73.67149,40.72302],[-73.65433,40.72293],[-73.65057,40.72301],[-73.64924,40.72291],[-73.64273,40.72285],[-73.64196,40.72288],[-73.63976,40.72318],[-73.6306,40.7252],[-73.63147,40.72549],[-73.63159,40.7257],[-73.63223,40.7263],[-73.63326,40.72852],[-73.6345,40.7316],[-73.63542,40.73467],[-73.63765,40.73924],[-73.65037,40.73693],[-73.651,40.73685],[-73.6513,40.73713],[-73.65779,40.73619],[-73.66347,40.7352],[-73.67109,40.73399],[-73.67129,40.73402],[-73.67108,40.73317],[-73.67097,40.73318],[-73.67095,40.73288],[-73.6717,40.72495]]]},"properties":{"geoid":"36059406400","county":"059","county_name":"Nassau","utility":"psegli","utility_split":false,"homes":1969,"homes_source":"acs_est","multifamily_5plus_lots":null,"median_income":244002,"income_band":"150k+","low_income_share":0.26,"median_year_built":1950,"pre1980":0.91,"owner":0.85,"fuel":{"gas":0.7,"propane":0,"electric":0.17,"oil":0.11,"other":0.02,"none":0},"dac":false,"dac_share":0,"score":68,"parts":{"volume":25,"fuel":9.5,"age":18.2,"owner":12.8,"incentive":2},"gaps":[]}},{"type":"Feature","geometry":{"type":"Polygon","coordinates":[[[-73.62088,40.71367],[-73.62086,40.71266],[-73.62049,40.71165],[-73.61602,40.71278],[-73.61612,40.70967],[-73.61509,40.70983],[-73.60714,40.71288],[-73.6072,40.71329],[-73.6078,40.7152],[-73.60756,40.71563],[-73.60704,40.71608],[-73.60812,40.71861],[-73.60784,40.71871],[-73.60844,40.72023],[-73.60872,40.72017],[-73.60883,40.72073],[-73.6091,40.72078],[-73.60908,40.72072],[-73.60928,40.72073],[-73.61164,40.72103],[-73.61163,40.72151],[-73.6117,40.72151],[-73.61405,40.72106],[-73.61724,40.72023],[-73.62075,40.71944],[-73.6207,40.71776],[-73.62088,40.71367]]]},"properties":{"geoid":"36059406900","county":"059","county_name":"Nassau","utility":"psegli","utility_split":false,"homes":1679,"homes_source":"acs_est","multifamily_5plus_lots":null,"median_income":106229,"income_band":"100–150k","low_income_share":0.47,"median_year_built":1960,"pre1980":0.72,"owner":0.63,"fuel":{"gas":0.76,"propane":0.02,"electric":0.13,"oil":0.06,"other":0.03,"none":0},"dac":true,"dac_share":1,"score":68,"parts":{"volume":25,"fuel":8.7,"age":14.3,"owner":9.4,"incentive":11},"gaps":[]}},{"type":"Feature","geometry":{"type":"Polygon","coordinates":[[[-73.75282,40.61382],[-73.75346,40.61052],[-73.75009,40.61164],[-73.74822,40.61201],[-73.74799,40.61231],[-73.7475,40.61189],[-73.74712,40.61204],[-73.74675,40.6114],[-73.74124,40.61336],[-73.74141,40.61387],[-73.74128,40.61389],[-73.74139,40.6142],[-73.74092,40.61422],[-73.74067,40.6136],[-73.73737,40.61492],[-73.73153,40.61832],[-73.73231,40.61955],[-73.73514,40.61867],[-73.73674,40.61835],[-73.74104,40.61868],[-73.7445,40.61854],[-73.74553,40.61865],[-73.74657,40.61887],[-73.74664,40.61697],[-73.75005,40.61682],[-73.7518,40.61661],[-73.75254,40.61503],[-73.75282,40.61382]]]},"properties":{"geoid":"36059411100","county":"059","county_name":"Nassau","utility":"psegli","utility_split":false,"homes":759,"homes_source":"acs_est","multifamily_5plus_lots":null,"median_income":90397,"income_band":"60–100k","low_income_share":0.58,"median_year_built":1946,"pre1980":0.73,"owner":0.32,"fuel":{"gas":0.62,"propane":0.05,"electric":0.09,"oil":0.22,"other":0,"none":0.02},"dac":true,"dac_share":1,"score":68,"parts":{"volume":24.8,"fuel":11.8,"age":14.6,"owner":4.8,"incentive":11.8},"gaps":[]}},{"type":"Feature","geometry":{"type":"Polygon","coordinates":[[[-73.73734,40.62869],[-73.73604,40.62547],[-73.73153,40.61832],[-73.72767,40.62106],[-73.7256,40.61724],[-73.72552,40.61717],[-73.72514,40.61733],[-73.72184,40.61896],[-73.7187,40.62152],[-73.71708,40.62473],[-73.72176,40.6278],[-73.72391,40.62937],[-73.72415,40.62967],[-73.72451,40.62955],[-73.7247,40.62981],[-73.72496,40.62973],[-73.72503,40.62984],[-73.7248,40.62992],[-73.72486,40.63006],[-73.72524,40.63001],[-73.72677,40.63098],[-73.72731,40.6316],[-73.73028,40.63086],[-73.73031,40.63076],[-73.73098,40.63051],[-73.73111,40.63063],[-73.7316,40.6305],[-73.73265,40.63268],[-73.73338,40.63386],[-73.7338,40.63384],[-73.73428,40.63366],[-73.73479,40.63327],[-73.73599,40.63263],[-73.73644,40.63231],[-73.73644,40.63187],[-73.73565,40.63013],[-73.73565,40.62995],[-73.73547,40.62981],[-73.73544,40.62958],[-73.73563,40.6295],[-73.73553,40.62924],[-73.73734,40.62869]]]},"properties":{"geoid":"36059411200","county":"059","county_name":"Nassau","utility":"psegli","utility_split":false,"homes":1857,"homes_source":"acs_est","multifamily_5plus_lots":null,"median_income":101572,"income_band":"100–150k","low_income_share":0.46,"median_year_built":1953,"pre1980":0.92,"owner":0.67,"fuel":{"gas":0.71,"propane":0.03,"electric":0.03,"oil":0.23,"other":0.01,"none":0},"dac":false,"dac_share":0,"score":68,"parts":{"volume":25,"fuel":11.3,"age":18.5,"owner":10,"incentive":3.5},"gaps":[]}},{"type":"Feature","geometry":{"type":"Polygon","coordinates":[[[-73.7214,40.62798],[-73.72176,40.6278],[-73.71708,40.62473],[-73.7186,40.62163],[-73.71807,40.62125],[-73.71679,40.62061],[-73.71595,40.61835],[-73.71532,40.6181],[-73.71494,40.61814],[-73.71449,40.61867],[-73.71184,40.61881],[-73.71265,40.61958],[-73.71274,40.61979],[-73.71134,40.62362],[-73.71424,40.62683],[-73.71304,40.62745],[-73.70984,40.62899],[-73.70661,40.62534],[-73.70524,40.62543],[-73.70407,40.62524],[-73.70373,40.62511],[-73.70282,40.62717],[-73.70131,40.62718],[-73.70026,40.62702],[-73.69883,40.62695],[-73.69744,40.62703],[-73.69647,40.62734],[-73.69736,40.62907],[-73.698,40.6309],[-73.69842,40.63153],[-73.69952,40.63147],[-73.69926,40.63225],[-73.70203,40.63242],[-73.70209,40.63233],[-73.70258,40.63244],[-73.70286,40.63261],[-73.7039,40.63278],[-73.7057,40.6333],[-73.70717,40.63173],[-73.71057,40.63551],[-73.71062,40.63557],[-73.71035,40.63571],[-73.70502,40.63824],[-73.70682,40.64173],[-73.70736,40.64258],[-73.71261,40.6406],[-73.71761,40.63786],[-73.714,40.63369],[-73.71505,40.63319],[-73.71536,40.63293],[-73.71593,40.63236],[-73.71825,40.62961],[-73.7214,40.62798]]]},"properties":{"geoid":"36059411400","county":"059","county_name":"Nassau","utility":"psegli","utility_split":false,"homes":1561,"homes_source":"acs_est","multifamily_5plus_lots":null,"median_income":165458,"income_band":"150k+","low_income_share":0.22,"median_year_built":1945,"pre1980":0.88,"owner":0.85,"fuel":{"gas":0.73,"propane":0.01,"electric":0.04,"oil":0.22,"other":0,"none":0},"dac":false,"dac_share":0,"score":68,"parts":{"volume":25,"fuel":10.7,"age":17.7,"owner":12.7,"incentive":1.6},"gaps":[]}},{"type":"Feature","geometry":{"type":"Polygon","coordinates":[[[-73.71341,40.62723],[-73.71424,40.62683],[-73.71134,40.62362],[-73.71161,40.62273],[-73.71271,40.61992],[-73.7127,40.61964],[-73.71184,40.61881],[-73.70953,40.61869],[-73.70858,40.6188],[-73.70766,40.6171],[-73.70717,40.61685],[-73.70417,40.61464],[-73.70281,40.61536],[-73.70198,40.61556],[-73.70185,40.61572],[-73.70115,40.61612],[-73.70036,40.61929],[-73.69957,40.6195],[-73.69912,40.62004],[-73.69871,40.62115],[-73.69762,40.62132],[-73.69737,40.6209],[-73.69552,40.62218],[-73.69526,40.62211],[-73.69461,40.6226],[-73.69296,40.62251],[-73.68926,40.62293],[-73.68899,40.62314],[-73.68842,40.62299],[-73.6817,40.62583],[-73.68009,40.62672],[-73.6774,40.62877],[-73.67626,40.62896],[-73.67652,40.62908],[-73.67649,40.62935],[-73.6755,40.63063],[-73.67436,40.6318],[-73.67391,40.63297],[-73.67333,40.63376],[-73.67421,40.6343],[-73.67566,40.63567],[-73.67656,40.63638],[-73.67637,40.63692],[-73.67528,40.63723],[-73.67494,40.63758],[-73.67886,40.6375],[-73.67918,40.64],[-73.6844,40.64027],[-73.68885,40.64098],[-73.6947,40.6406],[-73.69685,40.64108],[-73.69847,40.63973],[-73.70022,40.6379],[-73.70074,40.63752],[-73.70006,40.63714],[-73.70069,40.63676],[-73.69991,40.63639],[-73.69964,40.63603],[-73.69908,40.63571],[-73.69926,40.6352],[-73.69808,40.63489],[-73.69807,40.6344],[-73.69946,40.63441],[-73.69944,40.6341],[-73.6996,40.63409],[-73.69961,40.63436],[-73.69995,40.63434],[-73.69997,40.6341],[-73.70047,40.6341],[-73.70018,40.63291],[-73.70088,40.63233],[-73.69926,40.63225],[-73.69952,40.63147],[-73.69842,40.63153],[-73.698,40.6309],[-73.69736,40.62907],[-73.69647,40.62734],[-73.69744,40.62703],[-73.69883,40.62695],[-73.70026,40.62702],[-73.70131,40.62718],[-73.70282,40.62717],[-73.70373,40.62511],[-73.70407,40.62524],[-73.70524,40.62543],[-73.70661,40.62534],[-73.70984,40.62899],[-73.71341,40.62723]]]},"properties":{"geoid":"36059411500","county":"059","county_name":"Nassau","utility":"psegli","utility_split":false,"homes":910,"homes_source":"acs_est","multifamily_5plus_lots":null,"median_income":250001,"income_band":"150k+","low_income_share":0.12,"median_year_built":1954,"pre1980":0.83,"owner":0.98,"fuel":{"gas":0.74,"propane":0.01,"electric":0.05,"oil":0.19,"other":0.01,"none":0},"dac":false,"dac_share":0,"score":68,"parts":{"volume":25,"fuel":10.4,"age":16.7,"owner":14.7,"incentive":0.9},"gaps":[]}},{"type":"Feature","geometry":{"type":"Polygon","coordinates":[[[-73.67936,40.64316],[-73.67941,40.64266],[-73.67918,40.64],[-73.67814,40.64],[-73.6754,40.64091],[-73.67287,40.6416],[-73.6696,40.64208],[-73.66706,40.64204],[-73.66369,40.64082],[-73.66328,40.64058],[-73.66074,40.63965],[-73.66001,40.63992],[-73.65992,40.63998],[-73.65966,40.64078],[-73.65839,40.64076],[-73.65827,40.6419],[-73.65857,40.64254],[-73.6588,40.64278],[-73.6585,40.6444],[-73.6575,40.64836],[-73.65681,40.65005],[-73.65604,40.65159],[-73.65563,40.65273],[-73.65574,40.65305],[-73.65735,40.65323],[-73.65745,40.65303],[-73.65772,40.65308],[-73.65768,40.65329],[-73.65835,40.65337],[-73.65849,40.65329],[-73.65866,40.65287],[-73.65892,40.6529],[-73.65894,40.65263],[-73.65946,40.65256],[-73.65956,40.65221],[-73.66025,40.65224],[-73.66029,40.65197],[-73.66086,40.65192],[-73.66089,40.65158],[-73.66242,40.65161],[-73.66346,40.65174],[-73.66354,40.65164],[-73.66358,40.65176],[-73.66378,40.65179],[-73.66388,40.65151],[-73.66431,40.6516],[-73.66422,40.65189],[-73.66488,40.65202],[-73.66505,40.65172],[-73.66905,40.64957],[-73.67348,40.64749],[-73.67388,40.64712],[-73.67413,40.64725],[-73.67421,40.64716],[-73.67436,40.64716],[-73.67459,40.64688],[-73.67628,40.64567],[-73.67658,40.64582],[-73.67919,40.64445],[-73.67936,40.64316]]]},"properties":{"geoid":"36059412100","county":"059","county_name":"Nassau","utility":"psegli","utility_split":false,"homes":1622,"homes_source":"acs_est","multifamily_5plus_lots":null,"median_income":125044,"income_band":"100–150k","low_income_share":0.36,"median_year_built":1944,"pre1980":0.97,"owner":0.74,"fuel":{"gas":0.76,"propane":0.03,"electric":0.06,"oil":0.13,"other":0,"none":0.01},"dac":false,"dac_share":0,"score":68,"parts":{"volume":25,"fuel":9.7,"age":19.3,"owner":11,"incentive":2.7},"gaps":[]}},{"type":"Feature","geometry":{"type":"Polygon","coordinates":[[[-73.65367,40.63362],[-73.65432,40.63352],[-73.65366,40.63081],[-73.6515,40.62341],[-73.64994,40.6172],[-73.64508,40.61772],[-73.64396,40.61765],[-73.64314,40.61747],[-73.64201,40.61678],[-73.64177,40.61708],[-73.64136,40.61787],[-73.63966,40.62463],[-73.63975,40.62584],[-73.64102,40.62807],[-73.64108,40.62833],[-73.64065,40.63423],[-73.64041,40.63577],[-73.6377,40.63522],[-73.63641,40.63488],[-73.63634,40.63619],[-73.63609,40.63677],[-73.63549,40.63743],[-73.63428,40.63799],[-73.63394,40.63827],[-73.63378,40.63884],[-73.63378,40.6403],[-73.63396,40.64144],[-73.63405,40.6434],[-73.6339,40.64504],[-73.63478,40.64522],[-73.63836,40.64637],[-73.64032,40.6423],[-73.64118,40.6412],[-73.64281,40.6395],[-73.64419,40.6377],[-73.64525,40.63653],[-73.64646,40.63458],[-73.64708,40.63462],[-73.65367,40.63362]]]},"properties":{"geoid":"36059413200","county":"059","county_name":"Nassau","utility":"psegli","utility_split":false,"homes":1986,"homes_source":"acs_est","multifamily_5plus_lots":null,"median_income":112250,"income_band":"100–150k","low_income_share":0.45,"median_year_built":1959,"pre1980":0.77,"owner":0.91,"fuel":{"gas":0.64,"propane":0,"electric":0.18,"oil":0.17,"other":0,"none":0},"dac":false,"dac_share":0,"score":68,"parts":{"volume":25,"fuel":10.6,"age":15.3,"owner":13.6,"incentive":3.3},"gaps":[]}},{"type":"Feature","geometry":{"type":"Polygon","coordinates":[[[-73.61936,40.65363],[-73.61958,40.65361],[-73.61878,40.64615],[-73.61802,40.64626],[-73.616,40.64692],[-73.61601,40.64665],[-73.61625,40.64643],[-73.6162,40.64621],[-73.61628,40.64558],[-73.61672,40.64442],[-73.61724,40.64367],[-73.61728,40.64336],[-73.61713,40.6419],[-73.61726,40.63984],[-73.61689,40.63818],[-73.61574,40.63839],[-73.61267,40.63855],[-73.60698,40.6399],[-73.60488,40.64019],[-73.6031,40.64078],[-73.59926,40.64248],[-73.59934,40.64269],[-73.60034,40.64335],[-73.60074,40.64376],[-73.60077,40.64399],[-73.60107,40.64463],[-73.60153,40.64516],[-73.60171,40.64603],[-73.60215,40.64706],[-73.60221,40.64773],[-73.60214,40.64838],[-73.6025,40.64892],[-73.60258,40.64976],[-73.60282,40.65035],[-73.60292,40.65108],[-73.60394,40.65103],[-73.60561,40.65124],[-73.60707,40.65131],[-73.61063,40.65083],[-73.61262,40.65075],[-73.6136,40.65106],[-73.61592,40.65255],[-73.61773,40.65341],[-73.6186,40.65365],[-73.61936,40.65363]]]},"properties":{"geoid":"36059413700","county":"059","county_name":"Nassau","utility":"psegli","utility_split":false,"homes":1589,"homes_source":"acs_est","multifamily_5plus_lots":null,"median_income":114688,"income_band":"100–150k","low_income_share":0.43,"median_year_built":1950,"pre1980":0.85,"owner":0.78,"fuel":{"gas":0.71,"propane":0.02,"electric":0.07,"oil":0.19,"other":0.02,"none":0},"dac":false,"dac_share":0,"score":68,"parts":{"volume":25,"fuel":10.6,"age":17,"owner":11.7,"incentive":3.2},"gaps":[]}},{"type":"Feature","geometry":{"type":"Polygon","coordinates":[[[-73.54511,40.67359],[-73.54498,40.67213],[-73.54467,40.67148],[-73.54387,40.67053],[-73.54373,40.66833],[-73.54386,40.6682],[-73.54389,40.66809],[-73.54383,40.6681],[-73.54396,40.66788],[-73.54468,40.66559],[-73.54468,40.66541],[-73.54453,40.66524],[-73.52098,40.67064],[-73.52082,40.6725],[-73.5214,40.67367],[-73.5214,40.67452],[-73.52126,40.67496],[-73.52178,40.67697],[-73.52217,40.67806],[-73.52327,40.67793],[-73.52362,40.67781],[-73.52513,40.67971],[-73.53058,40.67721],[-73.53173,40.677],[-73.53442,40.67673],[-73.53654,40.67616],[-73.53769,40.6761],[-73.54432,40.67414],[-73.54489,40.67429],[-73.54511,40.67359]]]},"properties":{"geoid":"36059415300","county":"059","county_name":"Nassau","utility":"psegli","utility_split":false,"homes":1887,"homes_source":"acs_est","multifamily_5plus_lots":null,"median_income":146258,"income_band":"100–150k","low_income_share":0.32,"median_year_built":1953,"pre1980":0.83,"owner":0.86,"fuel":{"gas":0.7,"propane":0.03,"electric":0.04,"oil":0.21,"other":0.02,"none":0},"dac":false,"dac_share":0,"score":68,"parts":{"volume":25,"fuel":11,"age":16.7,"owner":12.9,"incentive":2.4},"gaps":[]}},{"type":"Feature","geometry":{"type":"Polygon","coordinates":[[[-73.61423,40.87498],[-73.61455,40.87478],[-73.60489,40.87063],[-73.59774,40.8748],[-73.59682,40.87474],[-73.59695,40.87521],[-73.59472,40.87609],[-73.59217,40.87721],[-73.59131,40.87752],[-73.5848,40.8787],[-73.5844,40.87875],[-73.58255,40.87867],[-73.58156,40.87878],[-73.5798,40.8785],[-73.57863,40.87823],[-73.57798,40.87797],[-73.57776,40.87785],[-73.57733,40.87738],[-73.57668,40.8763],[-73.5751,40.87444],[-73.57356,40.87526],[-73.57311,40.87541],[-73.57169,40.87518],[-73.57041,40.87517],[-73.56949,40.87505],[-73.56877,40.8751],[-73.5685,40.87519],[-73.56829,40.87538],[-73.56791,40.87609],[-73.56787,40.87675],[-73.56795,40.87742],[-73.56772,40.87803],[-73.56779,40.87838],[-73.568,40.87868],[-73.5656,40.87845],[-73.56555,40.87879],[-73.56508,40.87926],[-73.56526,40.8796],[-73.56529,40.87984],[-73.56561,40.87992],[-73.56613,40.8799],[-73.5662,40.88001],[-73.56466,40.88382],[-73.56617,40.88383],[-73.56934,40.88432],[-73.56945,40.88387],[-73.56897,40.883],[-73.57085,40.88313],[-73.57135,40.88265],[-73.57564,40.88216],[-73.57637,40.88194],[-73.57798,40.88128],[-73.58001,40.87953],[-73.58085,40.87901],[-73.58109,40.87908],[-73.58034,40.88001],[-73.58169,40.88474],[-73.58549,40.88439],[-73.58543,40.88405],[-73.5872,40.88328],[-73.5887,40.88231],[-73.58818,40.88078],[-73.58914,40.88093],[-73.59046,40.88064],[-73.59157,40.8801],[-73.59177,40.8816],[-73.59203,40.88255],[-73.59339,40.88284],[-73.59321,40.88187],[-73.59623,40.88162],[-73.5962,40.88141],[-73.59632,40.88092],[-73.59794,40.88068],[-73.59782,40.88021],[-73.59858,40.88029],[-73.59916,40.88049],[-73.59931,40.87885],[-73.5997,40.87763],[-73.60105,40.87729],[-73.60906,40.87656],[-73.60941,40.87809],[-73.61082,40.87789],[-73.61211,40.87785],[-73.61297,40.87764],[-73.61402,40.87695],[-73.61412,40.87673],[-73.61404,40.87658],[-73.61399,40.87559],[-73.61423,40.87498]]]},"properties":{"geoid":"36059517802","county":"059","county_name":"Nassau","utility":"psegli","utility_split":false,"homes":1198,"homes_source":"acs_est","multifamily_5plus_lots":null,"median_income":152472,"income_band":"150k+","low_income_share":0.29,"median_year_built":1945,"pre1980":0.83,"owner":0.86,"fuel":{"gas":0.71,"propane":0.01,"electric":0.05,"oil":0.23,"other":0,"none":0},"dac":false,"dac_share":0,"score":68,"parts":{"volume":25,"fuel":11.1,"age":16.7,"owner":12.9,"incentive":2.2},"gaps":[]}},{"type":"Feature","geometry":{"type":"Polygon","coordinates":[[[-73.5601,40.77155],[-73.55945,40.77055],[-73.55271,40.76649],[-73.5505,40.765],[-73.54955,40.75668],[-73.54444,40.75766],[-73.53712,40.75938],[-73.5282,40.76174],[-73.52759,40.76321],[-73.5274,40.76393],[-73.52726,40.76506],[-73.52737,40.76625],[-73.52615,40.7665],[-73.52597,40.76696],[-73.52544,40.76727],[-73.52628,40.76947],[-73.52623,40.76948],[-73.52642,40.77001],[-73.52724,40.7719],[-73.5309,40.77931],[-73.53532,40.77814],[-73.53811,40.77786],[-73.53821,40.77833],[-73.53849,40.77854],[-73.53927,40.77844],[-73.5407,40.77713],[-73.54187,40.77631],[-73.54269,40.77583],[-73.54464,40.77489],[-73.54595,40.77443],[-73.54874,40.77383],[-73.55042,40.77364],[-73.55332,40.77349],[-73.5553,40.77318],[-73.55664,40.77284],[-73.5601,40.77155]]]},"properties":{"geoid":"36059518900","county":"059","county_name":"Nassau","utility":"psegli","utility_split":false,"homes":2057,"homes_source":"acs_est","multifamily_5plus_lots":null,"median_income":141199,"income_band":"100–150k","low_income_share":0.27,"median_year_built":1955,"pre1980":0.87,"owner":0.78,"fuel":{"gas":0.69,"propane":0.02,"electric":0.03,"oil":0.25,"other":0.01,"none":0},"dac":false,"dac_share":0,"score":68,"parts":{"volume":25,"fuel":11.6,"age":17.4,"owner":11.7,"incentive":2},"gaps":[]}},{"type":"Feature","geometry":{"type":"Polygon","coordinates":[[[-73.5308,40.77927],[-73.5309,40.77931],[-73.52724,40.7719],[-73.52642,40.77001],[-73.52623,40.76948],[-73.52628,40.76947],[-73.52544,40.76727],[-73.52597,40.76696],[-73.52615,40.7665],[-73.52737,40.76625],[-73.52726,40.76506],[-73.5274,40.76393],[-73.52759,40.76321],[-73.5282,40.76174],[-73.51978,40.76413],[-73.51798,40.76284],[-73.51044,40.75655],[-73.50797,40.75418],[-73.50786,40.75416],[-73.50525,40.75136],[-73.50196,40.7516],[-73.50193,40.7527],[-73.50168,40.75366],[-73.50138,40.75429],[-73.49969,40.75716],[-73.49967,40.7577],[-73.5007,40.76619],[-73.50121,40.7697],[-73.51683,40.76837],[-73.51971,40.77074],[-73.5167,40.77262],[-73.51953,40.7739],[-73.51912,40.77647],[-73.51826,40.78044],[-73.51901,40.78043],[-73.51908,40.78019],[-73.51935,40.78022],[-73.52006,40.78049],[-73.52182,40.77952],[-73.52252,40.78046],[-73.5277,40.77769],[-73.52979,40.77867],[-73.5308,40.77927]]]},"properties":{"geoid":"36059519300","county":"059","county_name":"Nassau","utility":"psegli","utility_split":false,"homes":1756,"homes_source":"acs_est","multifamily_5plus_lots":null,"median_income":147580,"income_band":"100–150k","low_income_share":0.32,"median_year_built":1955,"pre1980":0.74,"owner":0.75,"fuel":{"gas":0.53,"propane":0.01,"electric":0.04,"oil":0.41,"other":0.01,"none":0},"dac":false,"dac_share":0,"score":68,"parts":{"volume":25,"fuel":14.4,"age":14.7,"owner":11.3,"incentive":2.4},"gaps":[]}},{"type":"Feature","geometry":{"type":"Polygon","coordinates":[[[-73.48293,40.78173],[-73.48253,40.77979],[-73.48222,40.77688],[-73.48199,40.77576],[-73.48127,40.7738],[-73.4759,40.77488],[-73.47029,40.77631],[-73.46694,40.77642],[-73.46704,40.77664],[-73.46711,40.7776],[-73.46725,40.77805],[-73.4674,40.77825],[-73.46866,40.77914],[-73.46954,40.78017],[-73.47208,40.78179],[-73.47242,40.78212],[-73.47274,40.78317],[-73.4738,40.78742],[-73.4782,40.79334],[-73.48115,40.79187],[-73.48096,40.7885],[-73.47878,40.7835],[-73.48207,40.78187],[-73.48293,40.78173]]]},"properties":{"geoid":"36059519704","county":"059","county_name":"Nassau","utility":"psegli","utility_split":false,"homes":1015,"homes_source":"acs_est","multifamily_5plus_lots":null,"median_income":225125,"income_band":"150k+","low_income_share":0.25,"median_year_built":1958,"pre1980":0.8,"owner":0.91,"fuel":{"gas":0.73,"propane":0.01,"electric":0.02,"oil":0.25,"other":0,"none":0},"dac":false,"dac_share":0,"score":68,"parts":{"volume":25,"fuel":11.1,"age":16,"owner":13.6,"incentive":1.9},"gaps":[]}},{"type":"Feature","geometry":{"type":"Polygon","coordinates":[[[-73.8528,40.68425],[-73.85198,40.68256],[-73.84218,40.68535],[-73.843,40.68704],[-73.8528,40.68425]]]},"properties":{"geoid":"36081003800","county":"081","county_name":"Queens","utility":"coned","utility_split":false,"homes":324,"homes_source":"pluto","multifamily_5plus_lots":9,"median_income":86146,"income_band":"60–100k","low_income_share":0.61,"median_year_built":1946,"pre1980":0.8,"owner":0.45,"fuel":{"gas":0.85,"propane":0,"electric":0.11,"oil":0.03,"other":0,"none":0},"dac":true,"dac_share":1,"score":67,"parts":{"volume":21.6,"fuel":7.6,"age":15.9,"owner":6.7,"incentive":15},"gaps":[]}},{"type":"Feature","geometry":{"type":"Polygon","coordinates":[[[-73.83191,40.68444],[-73.83211,40.68436],[-73.82884,40.67769],[-73.82541,40.67715],[-73.82946,40.6854],[-73.83191,40.68444]]]},"properties":{"geoid":"36081010000","county":"081","county_name":"Queens","utility":"coned","utility_split":false,"homes":599,"homes_source":"pluto","multifamily_5plus_lots":0,"median_income":114327,"income_band":"100–150k","low_income_share":0.43,"median_year_built":1938,"pre1980":0.99,"owner":0.79,"fuel":{"gas":0.67,"propane":0.07,"electric":0.05,"oil":0.18,"other":0.03,"none":0},"dac":false,"dac_share":0,"score":67,"parts":{"volume":23.9,"fuel":11.4,"age":19.8,"owner":11.9,"incentive":0},"gaps":[]}},{"type":"Feature","geometry":{"type":"Polygon","coordinates":[[[-73.81536,40.69297],[-73.81621,40.69273],[-73.81523,40.69073],[-73.81075,40.69192],[-73.81372,40.69715],[-73.81441,40.69709],[-73.81617,40.69658],[-73.81452,40.69322],[-73.81536,40.69297]]]},"properties":{"geoid":"36081015200","county":"081","county_name":"Queens","utility":"coned","utility_split":false,"homes":402,"homes_source":"pluto","multifamily_5plus_lots":4,"median_income":82093,"income_band":"60–100k","low_income_share":0.55,"median_year_built":1938,"pre1980":0.75,"owner":0.48,"fuel":{"gas":0.96,"propane":0.02,"electric":0,"oil":0.03,"other":0,"none":0},"dac":true,"dac_share":1,"score":67,"parts":{"volume":22.4,"fuel":7.1,"age":15.1,"owner":7.2,"incentive":15},"gaps":[]}},{"type":"Feature","geometry":{"type":"Polygon","coordinates":[[[-73.80643,40.69087],[-73.80704,40.69035],[-73.80505,40.68898],[-73.80356,40.69024],[-73.80267,40.68963],[-73.79882,40.69248],[-73.79975,40.69335],[-73.80068,40.69386],[-73.80094,40.69443],[-73.8012,40.69534],[-73.80643,40.69087]]]},"properties":{"geoid":"36081019800","county":"081","county_name":"Queens","utility":"coned","utility_split":false,"homes":448,"homes_source":"pluto","multifamily_5plus_lots":5,"median_income":68828,"income_band":"60–100k","low_income_share":0.65,"median_year_built":1951,"pre1980":0.83,"owner":0.34,"fuel":{"gas":0.93,"propane":0,"electric":0.03,"oil":0.04,"other":0,"none":0},"dac":true,"dac_share":1,"score":67,"parts":{"volume":22.8,"fuel":7.3,"age":16.5,"owner":5.1,"incentive":15},"gaps":[]}},{"type":"Feature","geometry":{"type":"Polygon","coordinates":[[[-73.78653,40.68511],[-73.78505,40.68421],[-73.78468,40.68372],[-73.77967,40.68538],[-73.77976,40.68574],[-73.78149,40.6887],[-73.78494,40.68753],[-73.78448,40.68676],[-73.7847,40.68665],[-73.78614,40.68531],[-73.78653,40.68511]]]},"properties":{"geoid":"36081027800","county":"081","county_name":"Queens","utility":"coned","utility_split":false,"homes":154,"homes_source":"pluto","multifamily_5plus_lots":3,"median_income":51992,"income_band":"<60k","low_income_share":0.67,"median_year_built":1962,"pre1980":0.85,"owner":0.36,"fuel":{"gas":0.68,"propane":0.03,"electric":0.06,"oil":0.19,"other":0,"none":0.04},"dac":true,"dac_share":1,"score":67,"parts":{"volume":18.9,"fuel":10.5,"age":17,"owner":5.4,"incentive":15},"gaps":[]}},{"type":"Feature","geometry":{"type":"Polygon","coordinates":[[[-73.90779,40.76052],[-73.90631,40.75984],[-73.9051,40.75951],[-73.90456,40.75949],[-73.90485,40.75725],[-73.90558,40.75718],[-73.90492,40.7535],[-73.89876,40.75415],[-73.89861,40.75428],[-73.89922,40.75554],[-73.89959,40.75656],[-73.89974,40.75742],[-73.89968,40.75811],[-73.89955,40.75852],[-73.89855,40.75993],[-73.90155,40.75963],[-73.90182,40.76076],[-73.90166,40.76079],[-73.90207,40.76238],[-73.90351,40.76585],[-73.90779,40.76052]]]},"properties":{"geoid":"36081029700","county":"081","county_name":"Queens","utility":"coned","utility_split":false,"homes":388,"homes_source":"pluto","multifamily_5plus_lots":7,"median_income":101538,"income_band":"100–150k","low_income_share":0.49,"median_year_built":1961,"pre1980":0.72,"owner":0.4,"fuel":{"gas":0.82,"propane":0.01,"electric":0.05,"oil":0.09,"other":0.03,"none":0},"dac":true,"dac_share":1,"score":67,"parts":{"volume":22.3,"fuel":8.7,"age":14.5,"owner":6,"incentive":15},"gaps":[]}},{"type":"Feature","geometry":{"type":"Polygon","coordinates":[[[-73.88773,40.76692],[-73.88755,40.76635],[-73.88369,40.76715],[-73.88095,40.76763],[-73.87907,40.76784],[-73.8787,40.76576],[-73.87894,40.76574],[-73.87898,40.76388],[-73.8788,40.7639],[-73.87886,40.76362],[-73.87829,40.76351],[-73.87797,40.76179],[-73.875,40.76126],[-73.87639,40.769],[-73.87601,40.76982],[-73.87599,40.77091],[-73.87612,40.77163],[-73.87788,40.77115],[-73.87862,40.77086],[-73.88238,40.76886],[-73.88432,40.76798],[-73.8857,40.76749],[-73.88773,40.76692]]]},"properties":{"geoid":"36081034700","county":"081","county_name":"Queens","utility":"coned","utility_split":false,"homes":516,"homes_source":"pluto","multifamily_5plus_lots":1,"median_income":77025,"income_band":"60–100k","low_income_share":0.57,"median_year_built":1960,"pre1980":0.74,"owner":0.39,"fuel":{"gas":0.84,"propane":0.08,"electric":0.05,"oil":0.01,"other":0,"none":0.02},"dac":true,"dac_share":1,"score":67,"parts":{"volume":23.4,"fuel":8,"age":14.8,"owner":5.8,"incentive":15},"gaps":[]}},{"type":"Feature","geometry":{"type":"Polygon","coordinates":[[[-73.86026,40.74707],[-73.85887,40.7444],[-73.85292,40.74617],[-73.8536,40.74749],[-73.85442,40.74881],[-73.86026,40.74707]]]},"properties":{"geoid":"36081041500","county":"081","county_name":"Queens","utility":"coned","utility_split":false,"homes":339,"homes_source":"pluto","multifamily_5plus_lots":32,"median_income":63411,"income_band":"60–100k","low_income_share":0.64,"median_year_built":1945,"pre1980":0.8,"owner":0.32,"fuel":{"gas":0.8,"propane":0.04,"electric":0,"oil":0.14,"other":0.01,"none":0},"dac":true,"dac_share":1,"score":67,"parts":{"volume":21.8,"fuel":9.7,"age":15.9,"owner":4.8,"incentive":15},"gaps":[]}},{"type":"Feature","geometry":{"type":"Polygon","coordinates":[[[-73.87502,40.74149],[-73.8748,40.74129],[-73.87436,40.74016],[-73.86756,40.74168],[-73.86747,40.7421],[-73.86749,40.7433],[-73.87036,40.7425],[-73.87059,40.74238],[-73.87348,40.7425],[-73.87502,40.74149]]]},"properties":{"geoid":"36081046100","county":"081","county_name":"Queens","utility":"coned","utility_split":false,"homes":278,"homes_source":"pluto","multifamily_5plus_lots":6,"median_income":77000,"income_band":"60–100k","low_income_share":0.61,"median_year_built":1956,"pre1980":0.93,"owner":0.23,"fuel":{"gas":0.82,"propane":0.03,"electric":0.09,"oil":0.06,"other":0.01,"none":0},"dac":true,"dac_share":1,"score":67,"parts":{"volume":21.1,"fuel":8.3,"age":18.6,"owner":3.5,"incentive":15},"gaps":[]}},{"type":"Feature","geometry":{"type":"Polygon","coordinates":[[[-73.75638,40.71852],[-73.75726,40.71814],[-73.75404,40.71388],[-73.74934,40.71515],[-73.74983,40.71661],[-73.75026,40.71748],[-73.75233,40.72026],[-73.75638,40.71852]]]},"properties":{"geoid":"36081049600","county":"081","county_name":"Queens","utility":"coned","utility_split":false,"homes":694,"homes_source":"pluto","multifamily_5plus_lots":2,"median_income":91991,"income_band":"60–100k","low_income_share":0.52,"median_year_built":1938,"pre1980":0.99,"owner":0.87,"fuel":{"gas":0.78,"propane":0.02,"electric":0.07,"oil":0.13,"other":0.01,"none":0},"dac":false,"dac_share":0,"score":67,"parts":{"volume":24.5,"fuel":9.5,"age":19.9,"owner":13,"incentive":0},"gaps":[]}},{"type":"Feature","geometry":{"type":"Polygon","coordinates":[[[-73.74819,40.72621],[-73.74892,40.72576],[-73.74548,40.72253],[-73.74105,40.72526],[-73.74459,40.72859],[-73.7468,40.72722],[-73.74819,40.72621]]]},"properties":{"geoid":"36081055600","county":"081","county_name":"Queens","utility":"coned","utility_split":false,"homes":558,"homes_source":"pluto","multifamily_5plus_lots":0,"median_income":135052,"income_band":"100–150k","low_income_share":0.33,"median_year_built":1938,"pre1980":1,"owner":0.84,"fuel":{"gas":0.78,"propane":0.01,"electric":0.01,"oil":0.21,"other":0,"none":0},"dac":false,"dac_share":0,"score":67,"parts":{"volume":23.7,"fuel":10.3,"age":20,"owner":12.5,"incentive":0},"gaps":[]}},{"type":"Feature","geometry":{"type":"Polygon","coordinates":[[[-73.73488,40.69741],[-73.72965,40.69584],[-73.72874,40.69757],[-73.72752,40.6972],[-73.72761,40.69936],[-73.72979,40.69942],[-73.72943,40.70013],[-73.73052,40.70017],[-73.73048,40.70091],[-73.73342,40.70099],[-73.73348,40.7001],[-73.73488,40.69741]]]},"properties":{"geoid":"36081059400","county":"081","county_name":"Queens","utility":"coned","utility_split":false,"homes":465,"homes_source":"pluto","multifamily_5plus_lots":0,"median_income":134297,"income_band":"100–150k","low_income_share":0.3,"median_year_built":1951,"pre1980":1,"owner":0.93,"fuel":{"gas":0.81,"propane":0.03,"electric":0,"oil":0.15,"other":0.01,"none":0},"dac":false,"dac_share":0,"score":67,"parts":{"volume":23,"fuel":9.7,"age":20,"owner":14,"incentive":0},"gaps":[]}},{"type":"Feature","geometry":{"type":"Polygon","coordinates":[[[-73.74104,40.68779],[-73.74123,40.68749],[-73.73758,40.68641],[-73.73744,40.6867],[-73.73396,40.68564],[-73.73224,40.68894],[-73.73922,40.69105],[-73.74104,40.68779]]]},"properties":{"geoid":"36081061200","county":"081","county_name":"Queens","utility":"coned","utility_split":false,"homes":456,"homes_source":"pluto","multifamily_5plus_lots":0,"median_income":133214,"income_band":"100–150k","low_income_share":0.34,"median_year_built":1946,"pre1980":1,"owner":0.95,"fuel":{"gas":0.8,"propane":0,"electric":0.01,"oil":0.19,"other":0,"none":0},"dac":false,"dac_share":0,"score":67,"parts":{"volume":22.9,"fuel":9.9,"age":20,"owner":14.3,"incentive":0},"gaps":[]}},{"type":"Feature","geometry":{"type":"Polygon","coordinates":[[[-73.7408,40.66684],[-73.74118,40.6664],[-73.73856,40.6664],[-73.73843,40.66627],[-73.73626,40.66628],[-73.73645,40.66652],[-73.7361,40.66659],[-73.73176,40.6666],[-73.73125,40.66644],[-73.72827,40.66644],[-73.72826,40.66807],[-73.72754,40.67416],[-73.72953,40.67416],[-73.73277,40.67363],[-73.73351,40.67359],[-73.73433,40.67373],[-73.73506,40.67399],[-73.73597,40.67257],[-73.73625,40.67263],[-73.7359,40.67241],[-73.73623,40.67166],[-73.73686,40.67108],[-73.73718,40.67091],[-73.73776,40.67006],[-73.7408,40.66684]]]},"properties":{"geoid":"36081063800","county":"081","county_name":"Queens","utility":"coned","utility_split":false,"homes":855,"homes_source":"pluto","multifamily_5plus_lots":0,"median_income":164604,"income_band":"150k+","low_income_share":0.29,"median_year_built":1953,"pre1980":0.97,"owner":0.91,"fuel":{"gas":0.79,"propane":0,"electric":0.09,"oil":0.12,"other":0,"none":0},"dac":false,"dac_share":0.01,"score":67,"parts":{"volume":25,"fuel":9.1,"age":19.4,"owner":13.7,"incentive":0},"gaps":[]}},{"type":"Feature","geometry":{"type":"Polygon","coordinates":[[[-73.75077,40.6698],[-73.75086,40.66965],[-73.74474,40.66743],[-73.74537,40.6664],[-73.74118,40.6664],[-73.7385,40.66929],[-73.74876,40.67303],[-73.75077,40.6698]]]},"properties":{"geoid":"36081065000","county":"081","county_name":"Queens","utility":"coned","utility_split":false,"homes":722,"homes_source":"pluto","multifamily_5plus_lots":0,"median_income":133482,"income_band":"100–150k","low_income_share":0.29,"median_year_built":1944,"pre1980":0.97,"owner":0.86,"fuel":{"gas":0.74,"propane":0.01,"electric":0.06,"oil":0.18,"other":0,"none":0.01},"dac":false,"dac_share":0,"score":67,"parts":{"volume":24.6,"fuel":10.1,"age":19.4,"owner":12.9,"incentive":0},"gaps":[]}},{"type":"Feature","geometry":{"type":"Polygon","coordinates":[[[-73.80159,40.67438],[-73.80179,40.67439],[-73.80139,40.67312],[-73.80125,40.67126],[-73.79874,40.67142],[-73.79672,40.67118],[-73.79601,40.67085],[-73.79244,40.67033],[-73.79165,40.67349],[-73.80159,40.67438]]]},"properties":{"geoid":"36081079000","county":"081","county_name":"Queens","utility":"coned","utility_split":false,"homes":511,"homes_source":"pluto","multifamily_5plus_lots":0,"median_income":97500,"income_band":"60–100k","low_income_share":0.52,"median_year_built":1963,"pre1980":0.69,"owner":0.53,"fuel":{"gas":0.91,"propane":0.02,"electric":0.04,"oil":0.03,"other":0,"none":0},"dac":true,"dac_share":1,"score":67,"parts":{"volume":23.3,"fuel":7.4,"age":13.7,"owner":7.9,"incentive":15},"gaps":[]}},{"type":"Feature","geometry":{"type":"Polygon","coordinates":[[[-73.80796,40.78701],[-73.80797,40.78689],[-73.80665,40.78676],[-73.80628,40.7863],[-73.80215,40.786],[-73.79783,40.78585],[-73.79685,40.78591],[-73.79494,40.78628],[-73.7939,40.78664],[-73.79058,40.78813],[-73.79164,40.78906],[-73.79241,40.79007],[-73.79285,40.79089],[-73.79338,40.79234],[-73.79356,40.79376],[-73.79356,40.80038],[-73.79975,40.8022],[-73.80004,40.79624],[-73.80015,40.79557],[-73.80121,40.79566],[-73.80123,40.79553],[-73.80278,40.79562],[-73.80314,40.79537],[-73.80325,40.79444],[-73.80413,40.79451],[-73.80456,40.79137],[-73.80733,40.79155],[-73.80796,40.78701]]]},"properties":{"geoid":"36081099100","county":"081","county_name":"Queens","utility":"coned","utility_split":false,"homes":1139,"homes_source":"pluto","multifamily_5plus_lots":41,"median_income":110250,"income_band":"100–150k","low_income_share":0.47,"median_year_built":1957,"pre1980":0.91,"owner":0.9,"fuel":{"gas":0.69,"propane":0.01,"electric":0.14,"oil":0.16,"other":0,"none":0},"dac":false,"dac_share":0,"score":67,"parts":{"volume":25,"fuel":10.2,"age":18.2,"owner":13.5,"incentive":0},"gaps":[]}},{"type":"Feature","geometry":{"type":"Polygon","coordinates":[[[-73.79497,40.78619],[-73.79509,40.78585],[-73.7949,40.7848],[-73.79271,40.77379],[-73.79163,40.77424],[-73.78827,40.77507],[-73.78459,40.77614],[-73.78473,40.77899],[-73.78528,40.78196],[-73.78573,40.78329],[-73.78604,40.78389],[-73.78658,40.78468],[-73.78759,40.78586],[-73.79058,40.78813],[-73.7939,40.78664],[-73.79494,40.78628],[-73.79497,40.78619]]]},"properties":{"geoid":"36081099701","county":"081","county_name":"Queens","utility":"coned","utility_split":false,"homes":507,"homes_source":"pluto","multifamily_5plus_lots":5,"median_income":93368,"income_band":"60–100k","low_income_share":0.59,"median_year_built":1956,"pre1980":0.92,"owner":0.92,"fuel":{"gas":0.73,"propane":0.08,"electric":0.01,"oil":0.17,"other":0.01,"none":0},"dac":false,"dac_share":0,"score":67,"parts":{"volume":23.3,"fuel":11.1,"age":18.4,"owner":13.8,"incentive":0},"gaps":[]}},{"type":"Feature","geometry":{"type":"Polygon","coordinates":[[[-73.75442,40.60498],[-73.75285,40.60426],[-73.75175,40.6036],[-73.74971,40.60259],[-73.74645,40.60329],[-73.74314,40.60385],[-73.74232,40.60294],[-73.74109,40.60373],[-73.74116,40.60411],[-73.74059,40.60451],[-73.74057,40.60488],[-73.74177,40.60602],[-73.74355,40.60745],[-73.7432,40.6077],[-73.74307,40.60789],[-73.74315,40.60796],[-73.74306,40.608],[-73.74553,40.61187],[-73.74675,40.6114],[-73.74694,40.61178],[-73.74849,40.61114],[-73.74988,40.61034],[-73.75106,40.60942],[-73.75227,40.60806],[-73.75291,40.60691],[-73.75373,40.60618],[-73.75442,40.60498]]]},"properties":{"geoid":"36081103202","county":"081","county_name":"Queens","utility":"psegli","utility_split":false,"homes":576,"homes_source":"pluto","multifamily_5plus_lots":29,"median_income":77069,"income_band":"60–100k","low_income_share":0.71,"median_year_built":1958,"pre1980":0.76,"owner":0.32,"fuel":{"gas":0.68,"propane":0.02,"electric":0.18,"oil":0.12,"other":0,"none":0},"dac":true,"dac_share":1,"score":67,"parts":{"volume":23.8,"fuel":10,"age":15.1,"owner":4.8,"incentive":12.8},"gaps":[]}},{"type":"Feature","geometry":{"type":"Polygon","coordinates":[[[-73.81531,40.77365],[-73.81549,40.77295],[-73.81317,40.77276],[-73.81327,40.77205],[-73.81323,40.77157],[-73.80906,40.7716],[-73.80629,40.77119],[-73.80442,40.77109],[-73.80282,40.77124],[-73.79996,40.77244],[-73.79724,40.77389],[-73.79785,40.77442],[-73.79854,40.77519],[-73.81486,40.77649],[-73.81531,40.77365]]]},"properties":{"geoid":"36081105900","county":"081","county_name":"Queens","utility":"coned","utility_split":false,"homes":1168,"homes_source":"pluto","multifamily_5plus_lots":0,"median_income":109000,"income_band":"100–150k","low_income_share":0.42,"median_year_built":1955,"pre1980":0.94,"owner":0.94,"fuel":{"gas":0.84,"propane":0,"electric":0.03,"oil":0.13,"other":0,"none":0},"dac":false,"dac_share":0,"score":67,"parts":{"volume":25,"fuel":8.9,"age":18.8,"owner":14.2,"incentive":0},"gaps":[]}},{"type":"Feature","geometry":{"type":"Polygon","coordinates":[[[-73.80148,40.77181],[-73.80158,40.77113],[-73.79878,40.77091],[-73.79956,40.76514],[-73.79396,40.76469],[-73.79318,40.7704],[-73.79513,40.77265],[-73.79566,40.77303],[-73.79724,40.77389],[-73.79948,40.77267],[-73.80148,40.77181]]]},"properties":{"geoid":"36081114100","county":"081","county_name":"Queens","utility":"coned","utility_split":false,"homes":792,"homes_source":"pluto","multifamily_5plus_lots":0,"median_income":121579,"income_band":"100–150k","low_income_share":0.41,"median_year_built":1938,"pre1980":0.93,"owner":0.81,"fuel":{"gas":0.71,"propane":0.06,"electric":0.03,"oil":0.2,"other":0,"none":0},"dac":false,"dac_share":0,"score":67,"parts":{"volume":25,"fuel":11.3,"age":18.6,"owner":12.2,"incentive":0},"gaps":[]}},{"type":"Feature","geometry":{"type":"Polygon","coordinates":[[[-73.81943,40.76514],[-73.8191,40.7637],[-73.81729,40.75978],[-73.81509,40.76037],[-73.81732,40.76535],[-73.81943,40.76514]]]},"properties":{"geoid":"36081116302","county":"081","county_name":"Queens","utility":"coned","utility_split":false,"homes":127,"homes_source":"pluto","multifamily_5plus_lots":16,"median_income":53631,"income_band":"<60k","low_income_share":0.7,"median_year_built":1956,"pre1980":0.89,"owner":0.28,"fuel":{"gas":0.64,"propane":0.1,"electric":0.06,"oil":0.16,"other":0,"none":0.03},"dac":true,"dac_share":1,"score":67,"parts":{"volume":18.1,"fuel":11.3,"age":17.8,"owner":4.3,"incentive":15},"gaps":[]}},{"type":"Feature","geometry":{"type":"Polygon","coordinates":[[[-73.76555,40.73254],[-73.76453,40.73147],[-73.76341,40.73047],[-73.76226,40.72961],[-73.76066,40.72862],[-73.75845,40.72754],[-73.75703,40.72661],[-73.75677,40.72638],[-73.75678,40.72631],[-73.75522,40.72682],[-73.75375,40.72743],[-73.75264,40.72799],[-73.75066,40.72919],[-73.74962,40.73],[-73.74674,40.73258],[-73.74306,40.73547],[-73.74168,40.73683],[-73.74772,40.73556],[-73.76555,40.73254]]]},"properties":{"geoid":"36081129102","county":"081","county_name":"Queens","utility":"coned","utility_split":false,"homes":973,"homes_source":"pluto","multifamily_5plus_lots":2,"median_income":150263,"income_band":"150k+","low_income_share":0.29,"median_year_built":1952,"pre1980":0.97,"owner":0.97,"fuel":{"gas":0.86,"propane":0,"electric":0.04,"oil":0.07,"other":0.01,"none":0.01},"dac":false,"dac_share":0,"score":67,"parts":{"volume":25,"fuel":8,"age":19.3,"owner":14.5,"incentive":0},"gaps":[]}},{"type":"Feature","geometry":{"type":"Polygon","coordinates":[[[-73.79352,40.73005],[-73.79174,40.72578],[-73.78655,40.72745],[-73.78821,40.73136],[-73.79352,40.73005]]]},"properties":{"geoid":"36081133900","county":"081","county_name":"Queens","utility":"coned","utility_split":false,"homes":430,"homes_source":"pluto","multifamily_5plus_lots":0,"median_income":129934,"income_band":"100–150k","low_income_share":0.43,"median_year_built":1945,"pre1980":1,"owner":0.99,"fuel":{"gas":0.79,"propane":0.03,"electric":0.04,"oil":0.14,"other":0,"none":0},"dac":false,"dac_share":0,"score":67,"parts":{"volume":22.7,"fuel":9.7,"age":20,"owner":14.9,"incentive":0},"gaps":[]}},{"type":"Feature","geometry":{"type":"Polygon","coordinates":[[[-73.76738,40.75174],[-73.76503,40.74657],[-73.76147,40.74755],[-73.76058,40.74786],[-73.75791,40.74904],[-73.75687,40.74936],[-73.75738,40.75023],[-73.75906,40.75221],[-73.75944,40.7524],[-73.75964,40.75226],[-73.76149,40.75174],[-73.76276,40.75194],[-73.76387,40.75222],[-73.7646,40.7526],[-73.76474,40.75246],[-73.76738,40.75174]]]},"properties":{"geoid":"36081139900","county":"081","county_name":"Queens","utility":"coned","utility_split":false,"homes":538,"homes_source":"pluto","multifamily_5plus_lots":0,"median_income":128000,"income_band":"100–150k","low_income_share":0.36,"median_year_built":1944,"pre1980":0.99,"owner":0.91,"fuel":{"gas":0.73,"propane":0.02,"electric":0.1,"oil":0.14,"other":0,"none":0},"dac":false,"dac_share":0,"score":67,"parts":{"volume":23.5,"fuel":10,"age":19.7,"owner":13.7,"incentive":0},"gaps":[]}},{"type":"Feature","geometry":{"type":"Polygon","coordinates":[[[-73.76014,40.78067],[-73.7603,40.77692],[-73.75958,40.774],[-73.75917,40.77189],[-73.75799,40.7684],[-73.75405,40.76608],[-73.75347,40.76545],[-73.7522,40.76602],[-73.75097,40.76683],[-73.73938,40.77601],[-73.74008,40.77621],[-73.74076,40.77669],[-73.74342,40.77822],[-73.74637,40.78012],[-73.7503,40.78248],[-73.75082,40.78289],[-73.75619,40.7887],[-73.7588,40.7843],[-73.76014,40.78067]]]},"properties":{"geoid":"36081148300","county":"081","county_name":"Queens","utility":"coned","utility_split":false,"homes":965,"homes_source":"pluto","multifamily_5plus_lots":1,"median_income":178509,"income_band":"150k+","low_income_share":0.32,"median_year_built":1938,"pre1980":0.98,"owner":0.94,"fuel":{"gas":0.86,"propane":0.03,"electric":0.03,"oil":0.08,"other":0,"none":0},"dac":false,"dac_share":0,"score":67,"parts":{"volume":25,"fuel":8.6,"age":19.6,"owner":14,"incentive":0},"gaps":[]}},{"type":"Feature","geometry":{"type":"Polygon","coordinates":[[[-73.7103,40.74791],[-73.70651,40.73772],[-73.70098,40.7389],[-73.70051,40.73906],[-73.70038,40.73919],[-73.70017,40.73954],[-73.70163,40.75249],[-73.7103,40.74791]]]},"properties":{"geoid":"36081157901","county":"081","county_name":"Queens","utility":"coned","utility_split":false,"homes":1325,"homes_source":"pluto","multifamily_5plus_lots":4,"median_income":133542,"income_band":"100–150k","low_income_share":0.41,"median_year_built":1955,"pre1980":0.92,"owner":0.89,"fuel":{"gas":0.77,"propane":0.03,"electric":0.04,"oil":0.15,"other":0,"none":0.01},"dac":false,"dac_share":0,"score":67,"parts":{"volume":25,"fuel":9.8,"age":18.5,"owner":13.3,"incentive":0},"gaps":[]}},{"type":"Feature","geometry":{"type":"Polygon","coordinates":[[[-73.7247,40.72436],[-73.72472,40.7243],[-73.7169,40.72639],[-73.71048,40.72723],[-73.71061,40.72945],[-73.71089,40.73097],[-73.71148,40.7325],[-73.71332,40.73217],[-73.72053,40.73145],[-73.72269,40.73168],[-73.72307,40.73149],[-73.72454,40.72441],[-73.7247,40.72436]]]},"properties":{"geoid":"36081161700","county":"081","county_name":"Queens","utility":"coned","utility_split":false,"homes":1301,"homes_source":"pluto","multifamily_5plus_lots":0,"median_income":119688,"income_band":"100–150k","low_income_share":0.45,"median_year_built":1943,"pre1980":0.9,"owner":0.8,"fuel":{"gas":0.65,"propane":0.02,"electric":0.06,"oil":0.26,"other":0.01,"none":0},"dac":false,"dac_share":0,"score":67,"parts":{"volume":25,"fuel":11.9,"age":18,"owner":12,"incentive":0},"gaps":[]}},{"type":"Feature","geometry":{"type":"Polygon","coordinates":[[[-73.71236,40.80436],[-73.7124,40.80387],[-73.71146,40.80387],[-73.71157,40.80191],[-73.7112,40.80009],[-73.70942,40.79978],[-73.70643,40.79985],[-73.70639,40.8002],[-73.70598,40.80023],[-73.70598,40.79985],[-73.70563,40.79985],[-73.7056,40.80027],[-73.70172,40.80034],[-73.6966,40.8011],[-73.69661,40.80121],[-73.69598,40.80132],[-73.69621,40.80269],[-73.69655,40.80351],[-73.6953,40.80349],[-73.69519,40.80356],[-73.69536,40.80409],[-73.69469,40.80424],[-73.69319,40.80431],[-73.68894,40.80492],[-73.68738,40.80525],[-73.68861,40.80882],[-73.68825,40.80875],[-73.68869,40.81024],[-73.6894,40.81014],[-73.6896,40.81074],[-73.68885,40.81085],[-73.68971,40.8131],[-73.69467,40.81245],[-73.69401,40.81336],[-73.69306,40.81411],[-73.6925,40.8144],[-73.6885,40.81593],[-73.68778,40.81639],[-73.68719,40.81704],[-73.68704,40.8185],[-73.68778,40.81839],[-73.68858,40.82068],[-73.69255,40.81915],[-73.69639,40.81787],[-73.69651,40.81836],[-73.69691,40.8182],[-73.69811,40.82083],[-73.69972,40.82049],[-73.70516,40.81905],[-73.70511,40.81881],[-73.71158,40.8171],[-73.71197,40.80973],[-73.71215,40.80804],[-73.71236,40.80436]]]},"properties":{"geoid":"36059301500","county":"059","county_name":"Nassau","utility":"psegli","utility_split":false,"homes":1080,"homes_source":"acs_est","multifamily_5plus_lots":null,"median_income":250001,"income_band":"150k+","low_income_share":0.15,"median_year_built":1942,"pre1980":0.86,"owner":0.97,"fuel":{"gas":0.8,"propane":0.02,"electric":0.03,"oil":0.14,"other":0,"none":0},"dac":false,"dac_share":0,"score":67,"parts":{"volume":25,"fuel":9.5,"age":17.2,"owner":14.6,"incentive":1.1},"gaps":[]}},{"type":"Feature","geometry":{"type":"Polygon","coordinates":[[[-73.6942,40.79324],[-73.69334,40.79232],[-73.68887,40.7932],[-73.68897,40.7927],[-73.68849,40.79263],[-73.68827,40.7932],[-73.68757,40.7932],[-73.68844,40.79128],[-73.68727,40.7908],[-73.68706,40.79046],[-73.68592,40.79006],[-73.68676,40.78935],[-73.68603,40.78843],[-73.68348,40.78701],[-73.6806,40.78741],[-73.68075,40.78842],[-73.67918,40.78869],[-73.67797,40.78718],[-73.67551,40.7877],[-73.6752,40.78717],[-73.67266,40.7878],[-73.67191,40.78774],[-73.67175,40.78729],[-73.6711,40.78724],[-73.67055,40.78748],[-73.67093,40.78828],[-73.67146,40.79064],[-73.67186,40.79061],[-73.67205,40.79153],[-73.67077,40.7917],[-73.66869,40.79221],[-73.66837,40.7916],[-73.66744,40.79185],[-73.66758,40.79257],[-73.66882,40.79628],[-73.66902,40.79716],[-73.6736,40.7961],[-73.67687,40.79548],[-73.68568,40.79443],[-73.68623,40.79534],[-73.68698,40.79825],[-73.68713,40.79855],[-73.68879,40.7985],[-73.68879,40.79783],[-73.68865,40.79742],[-73.68827,40.79743],[-73.68821,40.79725],[-73.68925,40.79709],[-73.69193,40.79688],[-73.6919,40.79624],[-73.69156,40.79492],[-73.69244,40.79478],[-73.69212,40.79354],[-73.6942,40.79324]]]},"properties":{"geoid":"36059301900","county":"059","county_name":"Nassau","utility":"psegli","utility_split":false,"homes":1010,"homes_source":"acs_est","multifamily_5plus_lots":null,"median_income":227311,"income_band":"150k+","low_income_share":0.18,"median_year_built":1938,"pre1980":0.86,"owner":1,"fuel":{"gas":0.87,"propane":0.07,"electric":0.03,"oil":0.03,"other":0,"none":0},"dac":false,"dac_share":0,"score":67,"parts":{"volume":25,"fuel":8.3,"age":17.2,"owner":15,"incentive":1.4},"gaps":[]}},{"type":"Feature","geometry":{"type":"Polygon","coordinates":[[[-73.65771,40.78341],[-73.65788,40.7834],[-73.65734,40.78094],[-73.65731,40.77966],[-73.65533,40.78075],[-73.65454,40.78108],[-73.65354,40.78135],[-73.6522,40.78151],[-73.64645,40.7818],[-73.64545,40.78171],[-73.64258,40.7812],[-73.63931,40.78086],[-73.63941,40.78151],[-73.63939,40.78198],[-73.63888,40.78391],[-73.63884,40.78457],[-73.63896,40.7852],[-73.63959,40.78693],[-73.63989,40.78842],[-73.64068,40.78944],[-73.64072,40.79104],[-73.6407,40.79145],[-73.64037,40.7912],[-73.63988,40.79117],[-73.63911,40.79282],[-73.64033,40.79288],[-73.64083,40.79271],[-73.6417,40.79271],[-73.64331,40.79353],[-73.64328,40.79322],[-73.6435,40.79283],[-73.64348,40.79197],[-73.64948,40.79132],[-73.64969,40.79232],[-73.65347,40.79194],[-73.65311,40.79093],[-73.6553,40.79072],[-73.65565,40.79073],[-73.65616,40.79102],[-73.65535,40.78661],[-73.65579,40.78656],[-73.65528,40.7841],[-73.65675,40.78357],[-73.65771,40.78341]]]},"properties":{"geoid":"36059302200","county":"059","county_name":"Nassau","utility":"psegli","utility_split":false,"homes":1265,"homes_source":"acs_est","multifamily_5plus_lots":null,"median_income":137137,"income_band":"100–150k","low_income_share":0.31,"median_year_built":1953,"pre1980":0.81,"owner":0.85,"fuel":{"gas":0.73,"propane":0.06,"electric":0.04,"oil":0.17,"other":0,"none":0},"dac":false,"dac_share":0,"score":67,"parts":{"volume":25,"fuel":10.9,"age":16.1,"owner":12.8,"incentive":2.3},"gaps":[]}},{"type":"Feature","geometry":{"type":"Polygon","coordinates":[[[-73.71373,40.69924],[-73.71377,40.69917],[-73.69967,40.6938],[-73.70007,40.6931],[-73.69779,40.69203],[-73.69728,40.69304],[-73.69717,40.69309],[-73.69667,40.69325],[-73.69618,40.69328],[-73.69528,40.6932],[-73.6945,40.69726],[-73.69765,40.69821],[-73.70047,40.69873],[-73.70012,40.69903],[-73.70017,40.69904],[-73.69968,40.70037],[-73.69932,40.70031],[-73.69878,40.70178],[-73.69524,40.70141],[-73.6948,40.70397],[-73.69447,40.70729],[-73.6959,40.70707],[-73.69692,40.70704],[-73.6997,40.7073],[-73.70264,40.70735],[-73.70554,40.7077],[-73.70775,40.70812],[-73.70975,40.70823],[-73.70965,40.70756],[-73.70977,40.70691],[-73.71016,40.70648],[-73.71053,40.70585],[-73.71069,40.7053],[-73.71081,40.70438],[-73.71096,40.70401],[-73.71202,40.70243],[-73.71373,40.69924]]]},"properties":{"geoid":"36059405000","county":"059","county_name":"Nassau","utility":"psegli","utility_split":false,"homes":1445,"homes_source":"acs_est","multifamily_5plus_lots":null,"median_income":115424,"income_band":"100–150k","low_income_share":0.45,"median_year_built":1952,"pre1980":0.81,"owner":0.82,"fuel":{"gas":0.78,"propane":0.02,"electric":0.01,"oil":0.18,"other":0,"none":0},"dac":false,"dac_share":0,"score":67,"parts":{"volume":25,"fuel":10.1,"age":16.2,"owner":12.3,"incentive":3.4},"gaps":[]}},{"type":"Feature","geometry":{"type":"Polygon","coordinates":[[[-73.69221,40.68676],[-73.6924,40.68619],[-73.68783,40.68469],[-73.68739,40.6875],[-73.68706,40.68785],[-73.68622,40.68793],[-73.68602,40.68862],[-73.68544,40.68987],[-73.68305,40.69426],[-73.68285,40.69494],[-73.68253,40.69688],[-73.68219,40.69796],[-73.68161,40.70054],[-73.68114,40.70107],[-73.67788,40.70354],[-73.67761,40.70386],[-73.67595,40.70746],[-73.68418,40.70834],[-73.6869,40.70843],[-73.68868,40.70834],[-73.68875,40.70197],[-73.68853,40.70147],[-73.68946,40.69615],[-73.68922,40.69609],[-73.68925,40.69558],[-73.68938,40.69503],[-73.69029,40.69345],[-73.6911,40.69344],[-73.69118,40.69156],[-73.69091,40.69032],[-73.69174,40.68824],[-73.69221,40.68676]]]},"properties":{"geoid":"36059405400","county":"059","county_name":"Nassau","utility":"psegli","utility_split":false,"homes":2335,"homes_source":"acs_est","multifamily_5plus_lots":null,"median_income":144265,"income_band":"100–150k","low_income_share":0.31,"median_year_built":1956,"pre1980":0.89,"owner":0.74,"fuel":{"gas":0.72,"propane":0.05,"electric":0.02,"oil":0.18,"other":0.01,"none":0.02},"dac":false,"dac_share":0,"score":67,"parts":{"volume":25,"fuel":10.6,"age":17.7,"owner":11.1,"incentive":2.3},"gaps":[]}},{"type":"Feature","geometry":{"type":"Polygon","coordinates":[[[-73.62187,40.70532],[-73.62198,40.70529],[-73.62062,40.70375],[-73.61821,40.70123],[-73.61574,40.70216],[-73.61709,40.70365],[-73.6159,40.70407],[-73.61593,40.70418],[-73.61251,40.70526],[-73.61222,40.70487],[-73.60999,40.7055],[-73.61166,40.70885],[-73.60966,40.70938],[-73.61054,40.71161],[-73.61509,40.70983],[-73.61612,40.70967],[-73.61712,40.70883],[-73.61881,40.70615],[-73.61916,40.70595],[-73.62187,40.70532]]]},"properties":{"geoid":"36059407201","county":"059","county_name":"Nassau","utility":"psegli","utility_split":false,"homes":411,"homes_source":"acs_est","multifamily_5plus_lots":null,"median_income":70142,"income_band":"60–100k","low_income_share":0.63,"median_year_built":1958,"pre1980":0.9,"owner":0.23,"fuel":{"gas":0.7,"propane":0.03,"electric":0.06,"oil":0.2,"other":0.01,"none":0},"dac":true,"dac_share":1,"score":67,"parts":{"volume":22.5,"fuel":11,"age":18,"owner":3.5,"incentive":12.3},"gaps":[]}},{"type":"Feature","geometry":{"type":"Polygon","coordinates":[[[-73.70262,40.68702],[-73.70143,40.68421],[-73.70083,40.683],[-73.70041,40.6816],[-73.70025,40.67928],[-73.69991,40.67753],[-73.69946,40.67752],[-73.69721,40.6771],[-73.69713,40.67591],[-73.69719,40.67555],[-73.69637,40.6753],[-73.69602,40.67531],[-73.69557,40.6752],[-73.69472,40.67573],[-73.6932,40.6771],[-73.69273,40.67743],[-73.6925,40.67723],[-73.69205,40.67765],[-73.69171,40.67742],[-73.68921,40.67675],[-73.68695,40.67736],[-73.68684,40.67727],[-73.68642,40.67738],[-73.68635,40.67731],[-73.68604,40.67739],[-73.68588,40.67733],[-73.68398,40.6777],[-73.6817,40.67644],[-73.68149,40.67641],[-73.68131,40.67689],[-73.68134,40.67828],[-73.68158,40.67952],[-73.68132,40.68057],[-73.68198,40.68083],[-73.68104,40.68148],[-73.67979,40.68356],[-73.68303,40.68336],[-73.68636,40.68345],[-73.68836,40.68326],[-73.68783,40.68469],[-73.69009,40.68548],[-73.69421,40.68671],[-73.69511,40.68687],[-73.69588,40.68686],[-73.6985,40.68623],[-73.69952,40.68619],[-73.70102,40.68645],[-73.70262,40.68702]]]},"properties":{"geoid":"36059410000","county":"059","county_name":"Nassau","utility":"psegli","utility_split":false,"homes":1196,"homes_source":"acs_est","multifamily_5plus_lots":null,"median_income":118684,"income_band":"100–150k","low_income_share":0.39,"median_year_built":1959,"pre1980":0.69,"owner":0.92,"fuel":{"gas":0.59,"propane":0,"electric":0.1,"oil":0.26,"other":0.03,"none":0.02},"dac":false,"dac_share":0,"score":67,"parts":{"volume":25,"fuel":11.8,"age":13.8,"owner":13.7,"incentive":3},"gaps":[]}},{"type":"Feature","geometry":{"type":"Polygon","coordinates":[[[-73.60502,40.64016],[-73.60441,40.63875],[-73.60397,40.63669],[-73.60144,40.63299],[-73.60098,40.63212],[-73.60403,40.63128],[-73.60156,40.62734],[-73.60142,40.62689],[-73.60153,40.62618],[-73.60147,40.62581],[-73.60116,40.62503],[-73.60089,40.62475],[-73.60159,40.62412],[-73.60178,40.62407],[-73.60183,40.62257],[-73.60177,40.6194],[-73.59385,40.61981],[-73.59006,40.62322],[-73.58567,40.6259],[-73.58628,40.62731],[-73.58577,40.62832],[-73.58636,40.63139],[-73.58774,40.63181],[-73.59343,40.63314],[-73.59613,40.6346],[-73.5965,40.63471],[-73.59734,40.63465],[-73.59783,40.63482],[-73.5979,40.6351],[-73.59775,40.6359],[-73.59733,40.63635],[-73.59728,40.63658],[-73.5977,40.63695],[-73.59761,40.6379],[-73.59771,40.63817],[-73.59808,40.63839],[-73.59853,40.63839],[-73.59875,40.63848],[-73.59862,40.63888],[-73.59804,40.63947],[-73.59916,40.64013],[-73.59878,40.64046],[-73.59864,40.64105],[-73.59886,40.64172],[-73.59926,40.64248],[-73.6031,40.64078],[-73.60502,40.64016]]]},"properties":{"geoid":"36059413804","county":"059","county_name":"Nassau","utility":"psegli","utility_split":false,"homes":1381,"homes_source":"acs_est","multifamily_5plus_lots":null,"median_income":183989,"income_band":"150k+","low_income_share":0.2,"median_year_built":1957,"pre1980":0.91,"owner":0.93,"fuel":{"gas":0.81,"propane":0,"electric":0.07,"oil":0.09,"other":0.03,"none":0},"dac":false,"dac_share":0,"score":67,"parts":{"volume":25,"fuel":8.6,"age":18.2,"owner":14,"incentive":1.5},"gaps":[]}},{"type":"Feature","geometry":{"type":"Polygon","coordinates":[[[-73.58618,40.65316],[-73.58479,40.64569],[-73.57576,40.64656],[-73.57609,40.64908],[-73.57576,40.65066],[-73.57576,40.65126],[-73.57585,40.6515],[-73.57747,40.65301],[-73.57898,40.6534],[-73.58016,40.65438],[-73.58618,40.65316]]]},"properties":{"geoid":"36059414304","county":"059","county_name":"Nassau","utility":"psegli","utility_split":false,"homes":611,"homes_source":"acs_est","multifamily_5plus_lots":null,"median_income":96250,"income_band":"60–100k","low_income_share":0.53,"median_year_built":1957,"pre1980":0.85,"owner":0.46,"fuel":{"gas":0.65,"propane":0.01,"electric":0.13,"oil":0.08,"other":0,"none":0.14},"dac":true,"dac_share":1,"score":67,"parts":{"volume":24,"fuel":7.9,"age":16.9,"owner":6.9,"incentive":11.5},"gaps":[]}},{"type":"Feature","geometry":{"type":"Polygon","coordinates":[[[-73.5294,40.65791],[-73.529,40.65674],[-73.52827,40.6555],[-73.52841,40.65519],[-73.52751,40.6551],[-73.52739,40.65501],[-73.5276,40.65391],[-73.52749,40.6515],[-73.52725,40.65068],[-73.52722,40.65013],[-73.52674,40.6489],[-73.52599,40.64787],[-73.52584,40.64777],[-73.52521,40.64633],[-73.52521,40.64615],[-73.52512,40.6461],[-73.52503,40.64479],[-73.52728,40.63952],[-73.52767,40.6318],[-73.52547,40.63175],[-73.52176,40.62909],[-73.51913,40.62848],[-73.51912,40.62889],[-73.5187,40.62894],[-73.51337,40.6308],[-73.51817,40.6359],[-73.51687,40.6415],[-73.51651,40.64187],[-73.51588,40.64301],[-73.51618,40.64383],[-73.5168,40.64302],[-73.51864,40.6438],[-73.51909,40.64453],[-73.51806,40.64666],[-73.51804,40.64832],[-73.51879,40.64974],[-73.51888,40.65105],[-73.5195,40.6518],[-73.51996,40.65356],[-73.51969,40.65441],[-73.51893,40.65517],[-73.51853,40.65535],[-73.51804,40.65527],[-73.51743,40.65554],[-73.51736,40.65579],[-73.51834,40.65699],[-73.51827,40.65775],[-73.51901,40.65859],[-73.51903,40.65868],[-73.51884,40.65899],[-73.5194,40.65896],[-73.51997,40.65941],[-73.52006,40.66035],[-73.52062,40.66076],[-73.52105,40.66438],[-73.52189,40.66443],[-73.52253,40.66436],[-73.52919,40.66284],[-73.52827,40.65984],[-73.52796,40.65989],[-73.5277,40.65808],[-73.52872,40.65791],[-73.5294,40.65791]]]},"properties":{"geoid":"36059415402","county":"059","county_name":"Nassau","utility":"psegli","utility_split":false,"homes":1608,"homes_source":"acs_est","multifamily_5plus_lots":null,"median_income":190293,"income_band":"150k+","low_income_share":0.11,"median_year_built":1965,"pre1980":0.85,"owner":0.94,"fuel":{"gas":0.74,"propane":0.02,"electric":0.03,"oil":0.16,"other":0.06,"none":0},"dac":false,"dac_share":0,"score":67,"parts":{"volume":25,"fuel":10.1,"age":17,"owner":14,"incentive":0.8},"gaps":[]}},{"type":"Feature","geometry":{"type":"Polygon","coordinates":[[[-73.68133,40.59208],[-73.68129,40.58839],[-73.65826,40.58853],[-73.65826,40.58944],[-73.65799,40.59045],[-73.65697,40.59231],[-73.65673,40.59364],[-73.65673,40.59536],[-73.66173,40.59529],[-73.67067,40.5949],[-73.68107,40.5941],[-73.68133,40.59208]]]},"properties":{"geoid":"36059416500","county":"059","county_name":"Nassau","utility":"psegli","utility_split":false,"homes":1506,"homes_source":"acs_est","multifamily_5plus_lots":null,"median_income":153525,"income_band":"150k+","low_income_share":0.31,"median_year_built":1957,"pre1980":0.68,"owner":0.69,"fuel":{"gas":0.79,"propane":0.03,"electric":0.14,"oil":0.03,"other":0,"none":0.01},"dac":true,"dac_share":1,"score":67,"parts":{"volume":25,"fuel":8.2,"age":13.6,"owner":10.4,"incentive":9.8},"gaps":[]}},{"type":"Feature","geometry":{"type":"Polygon","coordinates":[[[-73.64674,40.58864],[-73.64667,40.58337],[-73.64656,40.58246],[-73.64668,40.57463],[-73.6357,40.5754],[-73.63742,40.58348],[-73.63746,40.58544],[-73.63765,40.5867],[-73.63757,40.58879],[-73.63804,40.58872],[-73.64674,40.58864]]]},"properties":{"geoid":"36059416802","county":"059","county_name":"Nassau","utility":"psegli","utility_split":false,"homes":525,"homes_source":"acs_est","multifamily_5plus_lots":null,"median_income":124725,"income_band":"100–150k","low_income_share":0.45,"median_year_built":1965,"pre1980":0.86,"owner":0.68,"fuel":{"gas":0.49,"propane":0.05,"electric":0.2,"oil":0.23,"other":0,"none":0.03},"dac":false,"dac_share":0,"score":67,"parts":{"volume":23.4,"fuel":12.5,"age":17.1,"owner":10.2,"incentive":3.4},"gaps":[]}},{"type":"Feature","geometry":{"type":"Polygon","coordinates":[[[-73.63757,40.58879],[-73.63765,40.5867],[-73.63746,40.58544],[-73.63742,40.58348],[-73.6357,40.5754],[-73.55535,40.57442],[-73.52484,40.5826],[-73.48487,40.58969],[-73.48494,40.59685],[-73.48483,40.60025],[-73.48489,40.60619],[-73.48438,40.60789],[-73.48498,40.61408],[-73.48484,40.61741],[-73.4849,40.6175],[-73.48487,40.61954],[-73.48504,40.62233],[-73.48491,40.62824],[-73.48487,40.63502],[-73.48494,40.64505],[-73.48525,40.64606],[-73.48546,40.64621],[-73.48546,40.64649],[-73.48492,40.648],[-73.4848,40.64814],[-73.48465,40.64878],[-73.48654,40.64887],[-73.48675,40.64672],[-73.48699,40.64626],[-73.48723,40.64608],[-73.48855,40.64665],[-73.49135,40.64843],[-73.49267,40.64815],[-73.49396,40.64735],[-73.49486,40.64705],[-73.496,40.64687],[-73.49717,40.64682],[-73.49843,40.64661],[-73.49942,40.64661],[-73.49957,40.64636],[-73.50053,40.64578],[-73.50105,40.64569],[-73.50114,40.64491],[-73.50222,40.64537],[-73.50287,40.64505],[-73.50353,40.64457],[-73.50377,40.64338],[-73.5042,40.64261],[-73.50507,40.64185],[-73.50543,40.64178],[-73.50555,40.64197],[-73.50558,40.64245],[-73.50491,40.64334],[-73.50491,40.64407],[-73.50527,40.64407],[-73.50594,40.64293],[-73.50597,40.64185],[-73.50618,40.64178],[-73.50693,40.64204],[-73.50726,40.64206],[-73.50738,40.64199],[-73.50732,40.64167],[-73.50663,40.64117],[-73.5066,40.64082],[-73.50699,40.64046],[-73.50745,40.64031],[-73.50853,40.63788],[-73.50833,40.6375],[-73.50866,40.6374],[-73.50855,40.6362],[-73.50996,40.63468],[-73.51024,40.6341],[-73.51038,40.63416],[-73.51337,40.6308],[-73.5187,40.62894],[-73.51912,40.62889],[-73.51913,40.62848],[-73.52176,40.62909],[-73.52547,40.63175],[-73.52767,40.6318],[-73.53087,40.6316],[-73.53467,40.6326],[-73.53717,40.6334],[-73.5491,40.63691],[-73.55316,40.63536],[-73.55583,40.63387],[-73.55586,40.63396],[-73.55607,40.63389],[-73.55683,40.63318],[-73.5574,40.63222],[-73.55764,40.63169],[-73.5577,40.63069],[-73.558,40.63023],[-73.55938,40.62886],[-73.55942,40.6287],[-73.55973,40.62889],[-73.56133,40.62924],[-73.56166,40.62952],[-73.56249,40.6298],[-73.56506,40.63093],[-73.57004,40.62853],[-73.57121,40.62544],[-73.57218,40.6253],[-73.57263,40.62499],[-73.57298,40.62502],[-73.57307,40.624],[-73.57726,40.62337],[-73.57957,40.6274],[-73.58247,40.6266],[-73.58567,40.6259],[-73.59006,40.62322],[-73.59385,40.61981],[-73.60177,40.6194],[-73.60517,40.6197],[-73.61067,40.6213],[-73.61367,40.6247],[-73.61377,40.6214],[-73.62887,40.6114],[-73.63187,40.6095],[-73.63307,40.6037],[-73.63617,40.6],[-73.63757,40.59584],[-73.63746,40.59516],[-73.63757,40.58879]]]},"properties":{"geoid":"36059416900","county":"059","county_name":"Nassau","utility":"psegli","utility_split":false,"homes":1737,"homes_source":"acs_est","multifamily_5plus_lots":null,"median_income":147105,"income_band":"100–150k","low_income_share":0.38,"median_year_built":1951,"pre1980":0.93,"owner":0.75,"fuel":{"gas":0.68,"propane":0,"electric":0.24,"oil":0.06,"other":0,"none":0.01},"dac":false,"dac_share":0,"score":67,"parts":{"volume":25,"fuel":8.8,"age":18.6,"owner":11.3,"incentive":2.8},"gaps":[]}},{"type":"Feature","geometry":{"type":"Polygon","coordinates":[[[-73.65616,40.86384],[-73.67107,40.8593],[-73.65208,40.85575],[-73.65013,40.85556],[-73.64961,40.85376],[-73.6488,40.85357],[-73.64723,40.85268],[-73.64624,40.85332],[-73.6432,40.85484],[-73.64214,40.85561],[-73.64012,40.85631],[-73.64066,40.85707],[-73.64067,40.85726],[-73.64053,40.85746],[-73.63803,40.8589],[-73.63617,40.86017],[-73.63538,40.86036],[-73.63421,40.8603],[-73.63404,40.86174],[-73.63354,40.86376],[-73.63437,40.86396],[-73.63505,40.86427],[-73.63575,40.8647],[-73.63591,40.86488],[-73.63559,40.86712],[-73.63554,40.86815],[-73.63514,40.8686],[-73.63293,40.8683],[-73.63138,40.86823],[-73.63047,40.86928],[-73.62997,40.86959],[-73.63015,40.87053],[-73.63035,40.87243],[-73.6403,40.87189],[-73.64176,40.87158],[-73.6453,40.87134],[-73.64603,40.87119],[-73.64723,40.87147],[-73.64687,40.86687],[-73.64664,40.86684],[-73.64828,40.86624],[-73.64973,40.86557],[-73.65154,40.86521],[-73.65239,40.86467],[-73.65298,40.86449],[-73.65366,40.86454],[-73.65616,40.86384]]]},"properties":{"geoid":"36059517101","county":"059","county_name":"Nassau","utility":"psegli","utility_split":false,"homes":1636,"homes_source":"acs_est","multifamily_5plus_lots":null,"median_income":90795,"income_band":"60–100k","low_income_share":0.54,"median_year_built":1955,"pre1980":0.71,"owner":0.47,"fuel":{"gas":0.74,"propane":0.01,"electric":0.14,"oil":0.12,"other":0,"none":0},"dac":true,"dac_share":1,"score":67,"parts":{"volume":25,"fuel":9.4,"age":14.1,"owner":7,"incentive":11.6},"gaps":[]}},{"type":"Feature","geometry":{"type":"Polygon","coordinates":[[[-73.67107,40.8593],[-73.66217,40.8455],[-73.65597,40.8345],[-73.65179,40.83499],[-73.64972,40.8351],[-73.63747,40.83668],[-73.63585,40.83638],[-73.63409,40.83655],[-73.6325,40.83717],[-73.6338,40.83922],[-73.63456,40.84117],[-73.63548,40.8422],[-73.6357,40.84323],[-73.63571,40.84358],[-73.63542,40.84448],[-73.63537,40.84512],[-73.63576,40.84622],[-73.63578,40.8476],[-73.63546,40.84902],[-73.63532,40.85133],[-73.63524,40.85188],[-73.63484,40.8531],[-73.63438,40.85368],[-73.63434,40.85393],[-73.636,40.85346],[-73.63947,40.853],[-73.64221,40.85207],[-73.64235,40.85234],[-73.64265,40.85251],[-73.6435,40.85227],[-73.64364,40.85232],[-73.64375,40.85246],[-73.64386,40.85321],[-73.64528,40.85286],[-73.646,40.85247],[-73.64723,40.85268],[-73.6488,40.85357],[-73.64961,40.85376],[-73.65013,40.85556],[-73.65208,40.85575],[-73.67107,40.8593]]]},"properties":{"geoid":"36059517400","county":"059","county_name":"Nassau","utility":"psegli","utility_split":false,"homes":1753,"homes_source":"acs_est","multifamily_5plus_lots":null,"median_income":193590,"income_band":"150k+","low_income_share":0.26,"median_year_built":1938,"pre1980":0.93,"owner":0.77,"fuel":{"gas":0.76,"propane":0.03,"electric":0.04,"oil":0.16,"other":0.01,"none":0},"dac":false,"dac_share":0,"score":67,"parts":{"volume":25,"fuel":10.2,"age":18.6,"owner":11.6,"incentive":1.9},"gaps":[]}},{"type":"Feature","geometry":{"type":"Polygon","coordinates":[[[-73.59127,40.9139],[-73.59083,40.90841],[-73.5871,40.90826],[-73.58535,40.90842],[-73.58369,40.90812],[-73.58376,40.90734],[-73.58453,40.90627],[-73.58464,40.90593],[-73.58467,40.90546],[-73.5833,40.90024],[-73.57549,40.90181],[-73.57494,40.90176],[-73.57461,40.90165],[-73.57461,40.90151],[-73.57473,40.90137],[-73.57579,40.90119],[-73.57603,40.90105],[-73.576,40.90085],[-73.57576,40.90076],[-73.57331,40.90089],[-73.57307,40.90073],[-73.57304,40.90041],[-73.57362,40.89993],[-73.57383,40.89966],[-73.57368,40.8992],[-73.57347,40.89892],[-73.57226,40.89815],[-73.5722,40.89741],[-73.57232,40.89703],[-73.5728,40.89636],[-73.57359,40.89595],[-73.57347,40.89584],[-73.57247,40.89563],[-73.57211,40.8954],[-73.57199,40.89519],[-73.56682,40.8982],[-73.54864,40.90296],[-73.54865,40.90371],[-73.54895,40.90376],[-73.54997,40.90436],[-73.551,40.90468],[-73.55157,40.90513],[-73.55552,40.90623],[-73.55578,40.90625],[-73.55665,40.90731],[-73.55742,40.90789],[-73.55769,40.9082],[-73.55802,40.90925],[-73.5578,40.90921],[-73.55726,40.91085],[-73.55915,40.91177],[-73.55874,40.91213],[-73.55454,40.91426],[-73.55485,40.91581],[-73.56491,40.92024],[-73.59127,40.9139]]]},"properties":{"geoid":"36059517901","county":"059","county_name":"Nassau","utility":"psegli","utility_split":false,"homes":1781,"homes_source":"acs_est","multifamily_5plus_lots":null,"median_income":157589,"income_band":"150k+","low_income_share":0.3,"median_year_built":1966,"pre1980":0.71,"owner":0.92,"fuel":{"gas":0.67,"propane":0.02,"electric":0.04,"oil":0.27,"other":0,"none":0},"dac":false,"dac_share":0,"score":67,"parts":{"volume":25,"fuel":11.9,"age":14.1,"owner":13.8,"incentive":2.2},"gaps":[]}},{"type":"Feature","geometry":{"type":"Polygon","coordinates":[[[-73.45991,40.7306],[-73.46032,40.7305],[-73.43347,40.72361],[-73.43558,40.73463],[-73.43765,40.7341],[-73.45325,40.73178],[-73.45991,40.7306]]]},"properties":{"geoid":"36059520402","county":"059","county_name":"Nassau","utility":"psegli","utility_split":false,"homes":1145,"homes_source":"acs_est","multifamily_5plus_lots":null,"median_income":125147,"income_band":"100–150k","low_income_share":0.39,"median_year_built":1960,"pre1980":0.74,"owner":0.71,"fuel":{"gas":0.56,"propane":0.02,"electric":0.1,"oil":0.32,"other":0,"none":0},"dac":false,"dac_share":0,"score":67,"parts":{"volume":25,"fuel":13.2,"age":14.8,"owner":10.6,"incentive":2.9},"gaps":[]}},{"type":"Feature","geometry":{"type":"Polygon","coordinates":[[[-73.9145,40.76586],[-73.91051,40.76398],[-73.90849,40.76645],[-73.91168,40.76796],[-73.91094,40.76885],[-73.91194,40.76901],[-73.9145,40.76586]]]},"properties":{"geoid":"36081014300","county":"081","county_name":"Queens","utility":"coned","utility_split":false,"homes":262,"homes_source":"pluto","multifamily_5plus_lots":83,"median_income":95446,"income_band":"60–100k","low_income_share":0.54,"median_year_built":1938,"pre1980":0.86,"owner":0.18,"fuel":{"gas":0.69,"propane":0.02,"electric":0.12,"oil":0.13,"other":0.03,"none":0.01},"dac":true,"dac_share":1,"score":66,"parts":{"volume":20.8,"fuel":10,"age":17.2,"owner":2.8,"incentive":15},"gaps":[]}},{"type":"Feature","geometry":{"type":"Polygon","coordinates":[[[-73.92052,40.75439],[-73.92162,40.75303],[-73.91763,40.75386],[-73.91501,40.7571],[-73.9182,40.7586],[-73.92132,40.75476],[-73.92052,40.75439]]]},"properties":{"geoid":"36081015900","county":"081","county_name":"Queens","utility":"coned","utility_split":false,"homes":186,"homes_source":"pluto","multifamily_5plus_lots":182,"median_income":71615,"income_band":"60–100k","low_income_share":0.6,"median_year_built":1938,"pre1980":0.93,"owner":0.12,"fuel":{"gas":0.66,"propane":0.04,"electric":0.08,"oil":0.18,"other":0.01,"none":0.04},"dac":true,"dac_share":1,"score":66,"parts":{"volume":19.6,"fuel":10.7,"age":18.5,"owner":1.7,"incentive":15},"gaps":[]}},{"type":"Feature","geometry":{"type":"Polygon","coordinates":[[[-73.88509,40.74397],[-73.88263,40.74279],[-73.88075,40.74523],[-73.8834,40.74642],[-73.88509,40.74397]]]},"properties":{"geoid":"36081026902","county":"081","county_name":"Queens","utility":"coned","utility_split":false,"homes":109,"homes_source":"pluto","multifamily_5plus_lots":24,"median_income":53694,"income_band":"<60k","low_income_share":0.73,"median_year_built":1944,"pre1980":0.96,"owner":0.26,"fuel":{"gas":0.74,"propane":0,"electric":0.03,"oil":0.21,"other":0,"none":0.01},"dac":true,"dac_share":1,"score":66,"parts":{"volume":17.6,"fuel":10.5,"age":19.2,"owner":3.8,"incentive":15},"gaps":[]}},{"type":"Feature","geometry":{"type":"Polygon","coordinates":[[[-73.87132,40.75704],[-73.87069,40.75356],[-73.86603,40.75455],[-73.86657,40.75754],[-73.87132,40.75704]]]},"properties":{"geoid":"36081037700","county":"081","county_name":"Queens","utility":"coned","utility_split":false,"homes":321,"homes_source":"pluto","multifamily_5plus_lots":10,"median_income":81797,"income_band":"60–100k","low_income_share":0.67,"median_year_built":1954,"pre1980":0.97,"owner":0.11,"fuel":{"gas":0.84,"propane":0.02,"electric":0.09,"oil":0.05,"other":0,"none":0},"dac":true,"dac_share":1,"score":66,"parts":{"volume":21.6,"fuel":8,"age":19.5,"owner":1.7,"incentive":15},"gaps":[]}},{"type":"Feature","geometry":{"type":"Polygon","coordinates":[[[-73.87824,40.7424],[-73.87848,40.74215],[-73.87466,40.74327],[-73.87468,40.74335],[-73.87195,40.74691],[-73.87237,40.74885],[-73.8733,40.74876],[-73.87824,40.7424]]]},"properties":{"geoid":"36081046700","county":"081","county_name":"Queens","utility":"coned","utility_split":false,"homes":271,"homes_source":"pluto","multifamily_5plus_lots":33,"median_income":77246,"income_band":"60–100k","low_income_share":0.76,"median_year_built":1950,"pre1980":0.91,"owner":0.07,"fuel":{"gas":0.77,"propane":0.06,"electric":0.01,"oil":0.15,"other":0,"none":0},"dac":true,"dac_share":1,"score":66,"parts":{"volume":21,"fuel":10.3,"age":18.1,"owner":1.1,"incentive":15},"gaps":[]}},{"type":"Feature","geometry":{"type":"Polygon","coordinates":[[[-73.88799,40.74355],[-73.88751,40.74108],[-73.88573,40.74129],[-73.88551,40.74017],[-73.88283,40.74099],[-73.88294,40.74161],[-73.881,40.74184],[-73.88263,40.74279],[-73.88509,40.74397],[-73.88538,40.74385],[-73.88799,40.74355]]]},"properties":{"geoid":"36081048100","county":"081","county_name":"Queens","utility":"coned","utility_split":false,"homes":225,"homes_source":"pluto","multifamily_5plus_lots":35,"median_income":73983,"income_band":"60–100k","low_income_share":0.68,"median_year_built":1948,"pre1980":0.9,"owner":0.23,"fuel":{"gas":0.76,"propane":0.04,"electric":0.05,"oil":0.09,"other":0.03,"none":0.03},"dac":true,"dac_share":1,"score":66,"parts":{"volume":20.3,"fuel":9,"age":18.1,"owner":3.5,"incentive":15},"gaps":[]}},{"type":"Feature","geometry":{"type":"Polygon","coordinates":[[[-73.75181,40.7205],[-73.75233,40.72026],[-73.75026,40.71748],[-73.74983,40.71661],[-73.74934,40.71515],[-73.74702,40.71561],[-73.73984,40.71731],[-73.74196,40.72036],[-73.74282,40.72003],[-73.74666,40.72364],[-73.7489,40.72244],[-73.75181,40.7205]]]},"properties":{"geoid":"36081054200","county":"081","county_name":"Queens","utility":"coned","utility_split":false,"homes":1168,"homes_source":"pluto","multifamily_5plus_lots":4,"median_income":94125,"income_band":"60–100k","low_income_share":0.53,"median_year_built":1938,"pre1980":0.99,"owner":0.85,"fuel":{"gas":0.83,"propane":0.03,"electric":0.03,"oil":0.1,"other":0,"none":0},"dac":false,"dac_share":0,"score":66,"parts":{"volume":25,"fuel":9,"age":19.7,"owner":12.7,"incentive":0},"gaps":[]}},{"type":"Feature","geometry":{"type":"Polygon","coordinates":[[[-73.90612,40.69675],[-73.90426,40.6957],[-73.9058,40.69413],[-73.90504,40.6937],[-73.9035,40.69527],[-73.90322,40.69512],[-73.9001,40.69832],[-73.90295,40.70001],[-73.90612,40.69675]]]},"properties":{"geoid":"36081055500","county":"081","county_name":"Queens","utility":"coned","utility_split":false,"homes":202,"homes_source":"pluto","multifamily_5plus_lots":38,"median_income":86667,"income_band":"60–100k","low_income_share":0.54,"median_year_built":1938,"pre1980":0.94,"owner":0.26,"fuel":{"gas":0.83,"propane":0.04,"electric":0.06,"oil":0.04,"other":0.02,"none":0.01},"dac":true,"dac_share":1,"score":66,"parts":{"volume":19.9,"fuel":8.2,"age":18.7,"owner":3.8,"incentive":15},"gaps":[]}},{"type":"Feature","geometry":{"type":"Polygon","coordinates":[[[-73.74139,40.68186],[-73.74199,40.68075],[-73.73763,40.6793],[-73.73499,40.67851],[-73.734,40.68043],[-73.73374,40.68113],[-73.73574,40.68173],[-73.73562,40.68187],[-73.73598,40.68199],[-73.73582,40.68225],[-73.73974,40.68353],[-73.7399,40.68326],[-73.74036,40.68344],[-73.74079,40.68276],[-73.7409,40.68274],[-73.74139,40.68186]]]},"properties":{"geoid":"36081062000","county":"081","county_name":"Queens","utility":"coned","utility_split":false,"homes":467,"homes_source":"pluto","multifamily_5plus_lots":0,"median_income":129457,"income_band":"100–150k","low_income_share":0.27,"median_year_built":1945,"pre1980":0.94,"owner":0.98,"fuel":{"gas":0.69,"propane":0.02,"electric":0.14,"oil":0.13,"other":0,"none":0.01},"dac":false,"dac_share":0,"score":66,"parts":{"volume":23,"fuel":9.9,"age":18.8,"owner":14.7,"incentive":0},"gaps":[]}},{"type":"Feature","geometry":{"type":"Polygon","coordinates":[[[-73.74876,40.67303],[-73.7385,40.66929],[-73.73776,40.67006],[-73.73718,40.67091],[-73.73686,40.67108],[-73.73623,40.67166],[-73.7359,40.67241],[-73.73625,40.67263],[-73.74647,40.6763],[-73.74744,40.67461],[-73.7477,40.67468],[-73.74876,40.67303]]]},"properties":{"geoid":"36081064600","county":"081","county_name":"Queens","utility":"coned","utility_split":false,"homes":764,"homes_source":"pluto","multifamily_5plus_lots":0,"median_income":125875,"income_band":"100–150k","low_income_share":0.4,"median_year_built":1945,"pre1980":0.94,"owner":0.83,"fuel":{"gas":0.77,"propane":0.04,"electric":0.08,"oil":0.1,"other":0.01,"none":0},"dac":false,"dac_share":0,"score":66,"parts":{"volume":24.8,"fuel":9.5,"age":18.8,"owner":12.5,"incentive":0},"gaps":[]}},{"type":"Feature","geometry":{"type":"Polygon","coordinates":[[[-73.83386,40.73055],[-73.83307,40.72992],[-73.83248,40.72894],[-73.8317,40.72803],[-73.83103,40.72794],[-73.83035,40.72797],[-73.82755,40.72886],[-73.81753,40.73178],[-73.81627,40.73199],[-73.81492,40.73204],[-73.81469,40.73715],[-73.81497,40.73855],[-73.81608,40.73886],[-73.81633,40.73845],[-73.81693,40.73839],[-73.82006,40.73883],[-73.82487,40.73986],[-73.82481,40.73963],[-73.82496,40.73882],[-73.82539,40.73405],[-73.8255,40.73405],[-73.82567,40.73228],[-73.83386,40.73055]]]},"properties":{"geoid":"36081080900","county":"081","county_name":"Queens","utility":"coned","utility_split":false,"homes":587,"homes_source":"pluto","multifamily_5plus_lots":12,"median_income":55716,"income_band":"<60k","low_income_share":0.68,"median_year_built":1954,"pre1980":0.98,"owner":0.77,"fuel":{"gas":0.69,"propane":0.06,"electric":0.05,"oil":0.15,"other":0.04,"none":0.01},"dac":false,"dac_share":0,"score":66,"parts":{"volume":23.8,"fuel":10.8,"age":19.5,"owner":11.6,"incentive":0},"gaps":[]}},{"type":"Feature","geometry":{"type":"Polygon","coordinates":[[[-73.85897,40.5745],[-73.85982,40.57421],[-73.85698,40.56918],[-73.85206,40.56494],[-73.8417,40.5688],[-73.84347,40.57291],[-73.84378,40.57389],[-73.84699,40.57272],[-73.84765,40.57361],[-73.85219,40.58155],[-73.85494,40.58597],[-73.85949,40.58394],[-73.85485,40.57588],[-73.85897,40.5745]]]},"properties":{"geoid":"36081092800","county":"081","county_name":"Queens","utility":"psegli","utility_split":false,"homes":1019,"homes_source":"pluto","multifamily_5plus_lots":4,"median_income":162798,"income_band":"150k+","low_income_share":0.26,"median_year_built":1938,"pre1980":0.94,"owner":0.91,"fuel":{"gas":0.95,"propane":0.01,"electric":0.01,"oil":0.01,"other":0.02,"none":0},"dac":false,"dac_share":0,"score":66,"parts":{"volume":25,"fuel":6.8,"age":18.8,"owner":13.6,"incentive":2},"gaps":[]}},{"type":"Feature","geometry":{"type":"Polygon","coordinates":[[[-73.80913,40.75032],[-73.80914,40.75027],[-73.80288,40.74978],[-73.80274,40.74831],[-73.80294,40.74742],[-73.80335,40.74643],[-73.79826,40.74697],[-73.79741,40.74654],[-73.79507,40.74672],[-73.79468,40.74721],[-73.79472,40.7476],[-73.79658,40.74898],[-73.79729,40.74944],[-73.79877,40.75006],[-73.80302,40.75053],[-73.80393,40.75184],[-73.80418,40.75247],[-73.80445,40.75373],[-73.80768,40.75399],[-73.80798,40.75186],[-73.80891,40.75193],[-73.80913,40.75032]]]},"properties":{"geoid":"36081120701","county":"081","county_name":"Queens","utility":"coned","utility_split":false,"homes":660,"homes_source":"pluto","multifamily_5plus_lots":4,"median_income":115750,"income_band":"100–150k","low_income_share":0.42,"median_year_built":1954,"pre1980":0.85,"owner":0.89,"fuel":{"gas":0.69,"propane":0.05,"electric":0.07,"oil":0.18,"other":0.01,"none":0},"dac":false,"dac_share":0,"score":66,"parts":{"volume":24.3,"fuel":11.1,"age":17,"owner":13.3,"incentive":0},"gaps":[]}},{"type":"Feature","geometry":{"type":"Polygon","coordinates":[[[-73.80026,40.72755],[-73.79972,40.72472],[-73.79933,40.72324],[-73.79174,40.72578],[-73.79378,40.7307],[-73.79382,40.73166],[-73.79397,40.73231],[-73.79428,40.7327],[-73.79856,40.73286],[-73.79878,40.72941],[-73.79842,40.72745],[-73.80026,40.72755]]]},"properties":{"geoid":"36081124700","county":"081","county_name":"Queens","utility":"coned","utility_split":false,"homes":1074,"homes_source":"pluto","multifamily_5plus_lots":0,"median_income":118813,"income_band":"100–150k","low_income_share":0.44,"median_year_built":1948,"pre1980":0.96,"owner":0.87,"fuel":{"gas":0.83,"propane":0.01,"electric":0.03,"oil":0.13,"other":0,"none":0},"dac":false,"dac_share":0,"score":66,"parts":{"volume":25,"fuel":9.1,"age":19.1,"owner":13.1,"incentive":0},"gaps":[]}},{"type":"Feature","geometry":{"type":"Polygon","coordinates":[[[-73.71371,40.73617],[-73.71148,40.7325],[-73.71089,40.73097],[-73.71061,40.72945],[-73.71048,40.72723],[-73.70794,40.72777],[-73.70051,40.73906],[-73.70098,40.7389],[-73.71371,40.73617]]]},"properties":{"geoid":"36081157903","county":"081","county_name":"Queens","utility":"coned","utility_split":false,"homes":1112,"homes_source":"pluto","multifamily_5plus_lots":2,"median_income":127533,"income_band":"100–150k","low_income_share":0.34,"median_year_built":1953,"pre1980":0.95,"owner":0.75,"fuel":{"gas":0.7,"propane":0.07,"electric":0.13,"oil":0.1,"other":0,"none":0},"dac":false,"dac_share":0,"score":66,"parts":{"volume":25,"fuel":10.3,"age":19.1,"owner":11.3,"incentive":0},"gaps":[]}},{"type":"Feature","geometry":{"type":"Polygon","coordinates":[[[-73.76623,40.79676],[-73.76371,40.7938],[-73.7571,40.78969],[-73.75082,40.78289],[-73.7503,40.78248],[-73.74637,40.78012],[-73.74342,40.77822],[-73.74076,40.77669],[-73.74008,40.77621],[-73.73938,40.77601],[-73.73575,40.77892],[-73.73423,40.7803],[-73.73341,40.78122],[-73.73442,40.78229],[-73.73266,40.78386],[-73.73147,40.78558],[-73.73074,40.78608],[-73.72989,40.78638],[-73.73029,40.7869],[-73.73092,40.78747],[-73.73012,40.78784],[-73.72962,40.78793],[-73.72912,40.7882],[-73.72997,40.78941],[-73.73168,40.79148],[-73.73317,40.79347],[-73.73397,40.79489],[-73.73427,40.79608],[-73.73778,40.794],[-73.73876,40.79516],[-73.73962,40.79655],[-73.74269,40.79527],[-73.74388,40.7962],[-73.74558,40.79812],[-73.74571,40.79965],[-73.74645,40.79939],[-73.74663,40.79961],[-73.7472,40.79995],[-73.74759,40.80002],[-73.74883,40.79995],[-73.75063,40.79944],[-73.75127,40.79898],[-73.75154,40.79818],[-73.75193,40.79825],[-73.75202,40.79757],[-73.75341,40.79775],[-73.76623,40.79676]]]},"properties":{"geoid":"36059300500","county":"059","county_name":"Nassau","utility":"psegli","utility_split":false,"homes":1573,"homes_source":"acs_est","multifamily_5plus_lots":null,"median_income":179561,"income_band":"150k+","low_income_share":0.3,"median_year_built":1952,"pre1980":0.77,"owner":0.92,"fuel":{"gas":0.71,"propane":0.03,"electric":0.14,"oil":0.1,"other":0.02,"none":0},"dac":false,"dac_share":0,"score":66,"parts":{"volume":25,"fuel":9.6,"age":15.4,"owner":13.7,"incentive":2.3},"gaps":[]}},{"type":"Feature","geometry":{"type":"Polygon","coordinates":[[[-73.75004,40.8462],[-73.75244,40.8421],[-73.74158,40.8361],[-73.72027,40.8285],[-73.72178,40.8364],[-73.72195,40.83713],[-73.7223,40.83722],[-73.72199,40.83756],[-73.72229,40.83849],[-73.72115,40.83919],[-73.72216,40.84447],[-73.72035,40.84467],[-73.71978,40.84459],[-73.71957,40.84444],[-73.71868,40.84448],[-73.71788,40.84511],[-73.71498,40.84645],[-73.71506,40.84673],[-73.71411,40.84677],[-73.71412,40.84687],[-73.71297,40.84731],[-73.70967,40.84811],[-73.70907,40.84871],[-73.70824,40.85059],[-73.70755,40.85063],[-73.70464,40.85008],[-73.7029,40.85024],[-73.70078,40.84987],[-73.69916,40.84905],[-73.6987,40.84969],[-73.69814,40.85023],[-73.6961,40.85263],[-73.69551,40.85315],[-73.69509,40.85397],[-73.69101,40.85053],[-73.69014,40.84334],[-73.68972,40.84121],[-73.68928,40.84031],[-73.68788,40.83878],[-73.6874,40.83812],[-73.68563,40.83459],[-73.68422,40.8312],[-73.68371,40.8287],[-73.68312,40.82659],[-73.6766,40.8276],[-73.67591,40.82507],[-73.67464,40.82131],[-73.67635,40.82097],[-73.67534,40.81815],[-73.67539,40.818],[-73.67552,40.81792],[-73.67616,40.81783],[-73.67599,40.81729],[-73.67384,40.81811],[-73.65602,40.82174],[-73.65657,40.82324],[-73.65745,40.82479],[-73.6576,40.82568],[-73.65756,40.8265],[-73.65749,40.82743],[-73.65727,40.8282],[-73.6566,40.82807],[-73.6522,40.82801],[-73.65253,40.82873],[-73.65597,40.8345],[-73.66217,40.8455],[-73.67107,40.8593],[-73.676,40.86657],[-73.71437,40.87882],[-73.73358,40.87552],[-73.75004,40.8462]]]},"properties":{"geoid":"36059301000","county":"059","county_name":"Nassau","utility":"psegli","utility_split":false,"homes":1808,"homes_source":"acs_est","multifamily_5plus_lots":null,"median_income":250001,"income_band":"150k+","low_income_share":0.23,"median_year_built":1964,"pre1980":0.64,"owner":0.88,"fuel":{"gas":0.6,"propane":0,"electric":0.09,"oil":0.31,"other":0,"none":0},"dac":false,"dac_share":0,"score":66,"parts":{"volume":25,"fuel":12.7,"age":12.9,"owner":13.3,"incentive":1.7},"gaps":[]}},{"type":"Feature","geometry":{"type":"Polygon","coordinates":[[[-73.71297,40.84731],[-73.70839,40.84319],[-73.70612,40.84126],[-73.70437,40.84049],[-73.70396,40.84021],[-73.70346,40.83959],[-73.70482,40.83899],[-73.70297,40.8357],[-73.70205,40.83438],[-73.70069,40.83497],[-73.69977,40.83568],[-73.69894,40.83618],[-73.69807,40.83645],[-73.69796,40.83655],[-73.69738,40.83765],[-73.69727,40.83799],[-73.69727,40.83834],[-73.69748,40.83898],[-73.69742,40.83914],[-73.69639,40.84049],[-73.69541,40.84154],[-73.69543,40.84231],[-73.69556,40.84311],[-73.69576,40.8437],[-73.696,40.8441],[-73.69559,40.84435],[-73.69451,40.84475],[-73.69476,40.84557],[-73.69049,40.84631],[-73.69101,40.85053],[-73.69509,40.85397],[-73.69551,40.85315],[-73.6961,40.85263],[-73.69814,40.85023],[-73.6987,40.84969],[-73.69916,40.84905],[-73.70078,40.84987],[-73.7029,40.85024],[-73.70464,40.85008],[-73.70755,40.85063],[-73.70824,40.85059],[-73.70907,40.84871],[-73.70967,40.84811],[-73.71297,40.84731]]]},"properties":{"geoid":"36059301102","county":"059","county_name":"Nassau","utility":"psegli","utility_split":false,"homes":1765,"homes_source":"acs_est","multifamily_5plus_lots":null,"median_income":161818,"income_band":"150k+","low_income_share":0.32,"median_year_built":1966,"pre1980":0.81,"owner":0.75,"fuel":{"gas":0.66,"propane":0.01,"electric":0.14,"oil":0.18,"other":0.01,"none":0},"dac":false,"dac_share":0,"score":66,"parts":{"volume":25,"fuel":10.8,"age":16.1,"owner":11.2,"incentive":2.4},"gaps":[]}},{"type":"Feature","geometry":{"type":"Polygon","coordinates":[[[-73.6432,40.71278],[-73.64226,40.71106],[-73.6398,40.70774],[-73.63872,40.70657],[-73.63859,40.70618],[-73.63731,40.7049],[-73.63643,40.70511],[-73.63302,40.70632],[-73.63413,40.70818],[-73.63182,40.70885],[-73.63035,40.70898],[-73.6278,40.70965],[-73.63082,40.71702],[-73.63701,40.71431],[-73.63706,40.71399],[-73.6432,40.71278]]]},"properties":{"geoid":"36059406702","county":"059","county_name":"Nassau","utility":"psegli","utility_split":false,"homes":463,"homes_source":"acs_est","multifamily_5plus_lots":null,"median_income":48209,"income_band":"<60k","low_income_share":0.6,"median_year_built":1970,"pre1980":0.91,"owner":0.27,"fuel":{"gas":0.74,"propane":0.01,"electric":0.09,"oil":0.12,"other":0.03,"none":0},"dac":true,"dac_share":0.98,"score":66,"parts":{"volume":23,"fuel":9.3,"age":18.1,"owner":4,"incentive":12},"gaps":[]}},{"type":"Feature","geometry":{"type":"Polygon","coordinates":[[[-73.6576,40.65599],[-73.65768,40.65573],[-73.65612,40.65544],[-73.65624,40.65469],[-73.65563,40.65273],[-73.65613,40.65139],[-73.65687,40.64986],[-73.65492,40.6475],[-73.65483,40.64824],[-73.65487,40.64848],[-73.65502,40.64862],[-73.65506,40.64959],[-73.65468,40.64999],[-73.65067,40.65016],[-73.64775,40.65063],[-73.64755,40.6519],[-73.64758,40.65213],[-73.64539,40.65325],[-73.64409,40.65219],[-73.64176,40.6506],[-73.64015,40.65196],[-73.63858,40.65188],[-73.63754,40.65798],[-73.64322,40.65811],[-73.65083,40.65847],[-73.65323,40.65831],[-73.65671,40.65776],[-73.6566,40.65696],[-73.65737,40.65697],[-73.6576,40.65599]]]},"properties":{"geoid":"36059412301","county":"059","county_name":"Nassau","utility":"psegli","utility_split":false,"homes":605,"homes_source":"acs_est","multifamily_5plus_lots":null,"median_income":104473,"income_band":"100–150k","low_income_share":0.47,"median_year_built":1956,"pre1980":0.9,"owner":0.63,"fuel":{"gas":0.71,"propane":0.04,"electric":0.07,"oil":0.17,"other":0.01,"none":0.01},"dac":false,"dac_share":0,"score":66,"parts":{"volume":24,"fuel":10.5,"age":18,"owner":9.5,"incentive":3.5},"gaps":[]}},{"type":"Feature","geometry":{"type":"Polygon","coordinates":[[[-73.65597,40.8345],[-73.65253,40.82873],[-73.6522,40.82801],[-73.65065,40.82862],[-73.64737,40.829],[-73.63674,40.82198],[-73.6352,40.82179],[-73.63446,40.8202],[-73.62839,40.81606],[-73.6281,40.81604],[-73.6276,40.81577],[-73.6265,40.81486],[-73.62642,40.8149],[-73.62587,40.81635],[-73.62202,40.81726],[-73.62202,40.81831],[-73.6224,40.81916],[-73.62526,40.81852],[-73.6251,40.81972],[-73.62538,40.81979],[-73.62549,40.81991],[-73.62587,40.82138],[-73.62575,40.8221],[-73.62579,40.82292],[-73.62562,40.82681],[-73.62598,40.83074],[-73.62904,40.82996],[-73.62949,40.83095],[-73.62962,40.83143],[-73.62973,40.83262],[-73.62986,40.83301],[-73.63137,40.83595],[-73.6325,40.83717],[-73.63409,40.83655],[-73.63585,40.83638],[-73.63747,40.83668],[-73.64972,40.8351],[-73.65179,40.83499],[-73.65597,40.8345]]]},"properties":{"geoid":"36059517500","county":"059","county_name":"Nassau","utility":"psegli","utility_split":false,"homes":1511,"homes_source":"acs_est","multifamily_5plus_lots":null,"median_income":131541,"income_band":"100–150k","low_income_share":0.34,"median_year_built":1957,"pre1980":0.85,"owner":0.88,"fuel":{"gas":0.85,"propane":0.02,"electric":0.02,"oil":0.09,"other":0.02,"none":0},"dac":false,"dac_share":0,"score":66,"parts":{"volume":25,"fuel":8.5,"age":17,"owner":13.2,"incentive":2.6},"gaps":[]}},{"type":"Feature","geometry":{"type":"Polygon","coordinates":[[[-73.62041,40.8118],[-73.62111,40.81165],[-73.61237,40.8062],[-73.60797,40.8032],[-73.60532,40.80159],[-73.59722,40.79629],[-73.59445,40.7943],[-73.59219,40.7929],[-73.58889,40.7905],[-73.58178,40.78585],[-73.58085,40.78512],[-73.57849,40.78757],[-73.57428,40.79242],[-73.58176,40.79836],[-73.57777,40.8028],[-73.57637,40.8046],[-73.57697,40.8053],[-73.57537,40.8054],[-73.57417,40.8062],[-73.57227,40.8062],[-73.57194,40.80607],[-73.5728,40.80326],[-73.57303,40.80297],[-73.5665,40.79789],[-73.56578,40.79835],[-73.5657,40.79886],[-73.56503,40.79852],[-73.5634,40.7966],[-73.54989,40.80025],[-73.54943,40.79972],[-73.54865,40.79913],[-73.54756,40.79852],[-73.54663,40.79814],[-73.54614,40.79929],[-73.54375,40.80162],[-73.54303,40.80113],[-73.54086,40.80286],[-73.53737,40.8014],[-73.53707,40.80384],[-73.53761,40.80409],[-73.54026,40.80582],[-73.54209,40.80769],[-73.54328,40.80908],[-73.54357,40.81012],[-73.54429,40.81203],[-73.54538,40.81415],[-73.54629,40.81532],[-73.54704,40.81736],[-73.54805,40.81812],[-73.55065,40.81952],[-73.55192,40.82055],[-73.55233,40.82146],[-73.55278,40.82186],[-73.55586,40.82359],[-73.55698,40.82456],[-73.55753,40.82485],[-73.56201,40.82577],[-73.56266,40.82602],[-73.56364,40.82655],[-73.56562,40.82689],[-73.56839,40.82781],[-73.57065,40.82814],[-73.57092,40.82515],[-73.5709,40.82417],[-73.57075,40.82377],[-73.56976,40.82218],[-73.56962,40.82154],[-73.56994,40.82094],[-73.57376,40.81679],[-73.57731,40.819],[-73.57921,40.81979],[-73.58021,40.81995],[-73.58133,40.82059],[-73.58207,40.82113],[-73.58237,40.82162],[-73.58245,40.82206],[-73.5824,40.82222],[-73.58184,40.82221],[-73.5833,40.82306],[-73.58869,40.82492],[-73.59149,40.82383],[-73.58889,40.8188],[-73.58744,40.81711],[-73.58783,40.81642],[-73.58394,40.81434],[-73.58305,40.80717],[-73.58426,40.80666],[-73.58732,40.80629],[-73.58754,40.80856],[-73.58793,40.80859],[-73.59026,40.81294],[-73.59073,40.81318],[-73.59348,40.8173],[-73.59859,40.8153],[-73.60149,40.81938],[-73.6052,40.81777],[-73.61179,40.81443],[-73.61368,40.81358],[-73.61535,40.81301],[-73.62041,40.8118]]]},"properties":{"geoid":"36059517705","county":"059","county_name":"Nassau","utility":"psegli","utility_split":false,"homes":947,"homes_source":"acs_est","multifamily_5plus_lots":null,"median_income":250001,"income_band":"150k+","low_income_share":0.1,"median_year_built":1968,"pre1980":0.57,"owner":0.94,"fuel":{"gas":0.49,"propane":0.04,"electric":0.06,"oil":0.38,"other":0.04,"none":0},"dac":false,"dac_share":0,"score":66,"parts":{"volume":25,"fuel":14.7,"age":11.5,"owner":14.1,"incentive":0.7},"gaps":[]}},{"type":"Feature","geometry":{"type":"Polygon","coordinates":[[[-73.55915,40.91177],[-73.55726,40.91085],[-73.5578,40.90921],[-73.55802,40.90925],[-73.55774,40.90834],[-73.55742,40.90789],[-73.55665,40.90731],[-73.55578,40.90625],[-73.55552,40.90623],[-73.55157,40.90513],[-73.551,40.90468],[-73.54997,40.90436],[-73.54895,40.90376],[-73.54865,40.90371],[-73.54864,40.90296],[-73.54705,40.90077],[-73.54801,40.89503],[-73.54599,40.89018],[-73.54672,40.88623],[-73.54486,40.88289],[-73.54398,40.88149],[-73.54189,40.87768],[-73.54157,40.8769],[-73.53527,40.87998],[-73.53147,40.8813],[-73.51767,40.8837],[-73.51587,40.8887],[-73.50897,40.8974],[-73.50407,40.8996],[-73.49774,40.90639],[-73.49778,40.90643],[-73.48586,40.91021],[-73.48695,40.9133],[-73.48704,40.91334],[-73.48744,40.91499],[-73.48786,40.91577],[-73.48813,40.91577],[-73.48798,40.91515],[-73.4881,40.91508],[-73.48846,40.91517],[-73.48901,40.91579],[-73.4897,40.91691],[-73.49061,40.91876],[-73.49061,40.91901],[-73.49097,40.91947],[-73.49284,40.92029],[-73.4955,40.92169],[-73.49713,40.92285],[-73.49737,40.92322],[-73.4974,40.92377],[-73.49713,40.9245],[-73.49702,40.92619],[-73.49678,40.92717],[-73.49603,40.92955],[-73.49579,40.92987],[-73.49504,40.93194],[-73.49441,40.93425],[-73.49336,40.93738],[-73.49402,40.93976],[-73.49378,40.94052],[-73.49369,40.94056],[-73.49369,40.9407],[-73.49318,40.94152],[-73.49282,40.94177],[-73.49167,40.94223],[-73.49104,40.94264],[-73.49002,40.94356],[-73.4886,40.94532],[-73.48848,40.94535],[-73.48818,40.94565],[-73.48673,40.94626],[-73.48495,40.94688],[-73.48462,40.94693],[-73.48462,40.94675],[-73.48498,40.94622],[-73.48414,40.94551],[-73.48067,40.94357],[-73.47834,40.94252],[-73.47638,40.94199],[-73.4736,40.94067],[-73.47091,40.93994],[-73.46775,40.93871],[-73.46437,40.93764],[-73.46253,40.93722],[-73.46111,40.93725],[-73.46062,40.93736],[-73.45984,40.93782],[-73.45924,40.93796],[-73.4571,40.93709],[-73.45305,40.93622],[-73.45121,40.93556],[-73.45034,40.93547],[-73.4488,40.93511],[-73.44726,40.93499],[-73.4462,40.93524],[-73.4453,40.93573],[-73.44394,40.93591],[-73.44325,40.93614],[-73.44216,40.93618],[-73.4408,40.93584],[-73.43939,40.93522],[-73.43824,40.93518],[-73.43758,40.93502],[-73.43673,40.93456],[-73.43429,40.93255],[-73.43332,40.93196],[-73.43259,40.93139],[-73.43205,40.93068],[-73.43148,40.9302],[-73.43069,40.92978],[-73.43015,40.92928],[-73.42965,40.92816],[-73.42925,40.92859],[-73.42961,40.93781],[-73.43883,40.94517],[-73.48174,40.95523],[-73.49905,40.94944],[-73.50761,40.932],[-73.50747,40.9315],[-73.50755,40.93165],[-73.52571,40.92739],[-73.55454,40.91426],[-73.55874,40.91213],[-73.55915,40.91177]]]},"properties":{"geoid":"36059517902","county":"059","county_name":"Nassau","utility":"psegli","utility_split":false,"homes":1286,"homes_source":"acs_est","multifamily_5plus_lots":null,"median_income":133000,"income_band":"100–150k","low_income_share":0.42,"median_year_built":1965,"pre1980":0.74,"owner":0.82,"fuel":{"gas":0.75,"propane":0.1,"electric":0.01,"oil":0.12,"other":0.02,"none":0},"dac":false,"dac_share":0,"score":66,"parts":{"volume":25,"fuel":10.6,"age":14.8,"owner":12.4,"incentive":3.1},"gaps":[]}},{"type":"Feature","geometry":{"type":"Polygon","coordinates":[[[-73.47994,40.79568],[-73.4738,40.78742],[-73.47274,40.78317],[-73.47242,40.78212],[-73.47208,40.78179],[-73.46954,40.78017],[-73.46866,40.77914],[-73.4674,40.77825],[-73.46725,40.77805],[-73.46711,40.7776],[-73.46704,40.77664],[-73.46694,40.77642],[-73.46289,40.77615],[-73.46137,40.77634],[-73.46056,40.77654],[-73.4555,40.7786],[-73.45244,40.77963],[-73.44646,40.78124],[-73.44535,40.78142],[-73.44475,40.78121],[-73.4441,40.78161],[-73.44417,40.782],[-73.44481,40.7839],[-73.44503,40.78546],[-73.44531,40.78593],[-73.44606,40.79015],[-73.4461,40.79107],[-73.44693,40.79588],[-73.44876,40.805],[-73.45058,40.80535],[-73.45232,40.80544],[-73.45436,40.80523],[-73.45688,40.80465],[-73.45862,40.804],[-73.45956,40.8035],[-73.46104,40.80242],[-73.46227,40.80115],[-73.46301,40.80053],[-73.46393,40.79998],[-73.46481,40.79958],[-73.46577,40.79927],[-73.46703,40.79904],[-73.47068,40.79888],[-73.47323,40.79849],[-73.47529,40.79789],[-73.47666,40.79733],[-73.47882,40.79618],[-73.47994,40.79568]]]},"properties":{"geoid":"36059519702","county":"059","county_name":"Nassau","utility":"psegli","utility_split":false,"homes":1823,"homes_source":"acs_est","multifamily_5plus_lots":null,"median_income":209859,"income_band":"150k+","low_income_share":0.2,"median_year_built":1961,"pre1980":0.78,"owner":0.91,"fuel":{"gas":0.73,"propane":0.01,"electric":0.04,"oil":0.2,"other":0.01,"none":0.01},"dac":false,"dac_share":0,"score":66,"parts":{"volume":25,"fuel":10.6,"age":15.7,"owner":13.6,"incentive":1.5},"gaps":[]}},{"type":"Feature","geometry":{"type":"Polygon","coordinates":[[[-73.50592,40.74442],[-73.50601,40.74337],[-73.50515,40.743],[-73.50509,40.74287],[-73.50472,40.74287],[-73.50472,40.74318],[-73.50225,40.74295],[-73.49912,40.74306],[-73.49662,40.74288],[-73.49397,40.7431],[-73.49366,40.74299],[-73.4935,40.74188],[-73.49301,40.74071],[-73.4931,40.74064],[-73.49311,40.74],[-73.4927,40.73997],[-73.49276,40.73953],[-73.49238,40.7393],[-73.49232,40.73891],[-73.49252,40.73882],[-73.49247,40.738],[-73.49211,40.73685],[-73.492,40.7361],[-73.49189,40.73604],[-73.49187,40.73562],[-73.49158,40.73427],[-73.49165,40.73374],[-73.49158,40.73343],[-73.49142,40.7332],[-73.49107,40.7321],[-73.48415,40.73181],[-73.48163,40.73179],[-73.48112,40.73539],[-73.48174,40.7426],[-73.48273,40.75138],[-73.48298,40.75212],[-73.48415,40.75397],[-73.48531,40.75641],[-73.48584,40.75778],[-73.48637,40.7584],[-73.48695,40.7588],[-73.49203,40.76133],[-73.50057,40.76518],[-73.49968,40.75793],[-73.49969,40.75716],[-73.50138,40.75429],[-73.50168,40.75366],[-73.50193,40.7527],[-73.50196,40.7516],[-73.50525,40.75136],[-73.5054,40.74834],[-73.50592,40.74442]]]},"properties":{"geoid":"36059520001","county":"059","county_name":"Nassau","utility":"psegli","utility_split":false,"homes":1802,"homes_source":"acs_est","multifamily_5plus_lots":null,"median_income":112624,"income_band":"100–150k","low_income_share":0.43,"median_year_built":1965,"pre1980":0.64,"owner":0.88,"fuel":{"gas":0.67,"propane":0.02,"electric":0.02,"oil":0.28,"other":0.01,"none":0},"dac":false,"dac_share":0,"score":66,"parts":{"volume":25,"fuel":12,"age":12.7,"owner":13.2,"incentive":3.2},"gaps":[]}},{"type":"Feature","geometry":{"type":"Polygon","coordinates":[[[-73.47397,40.75399],[-73.47381,40.75287],[-73.47315,40.75083],[-73.47297,40.74969],[-73.47305,40.74821],[-73.47369,40.74471],[-73.47357,40.74466],[-73.47339,40.74438],[-73.47265,40.74381],[-73.47257,40.74352],[-73.47263,40.74328],[-73.47119,40.74107],[-73.47102,40.74052],[-73.47082,40.74017],[-73.4704,40.73877],[-73.4693,40.73817],[-73.46899,40.73828],[-73.46875,40.73825],[-73.4684,40.73786],[-73.46738,40.73742],[-73.46579,40.73658],[-73.46458,40.73572],[-73.46433,40.73526],[-73.46432,40.73507],[-73.46414,40.73491],[-73.46161,40.73485],[-73.46077,40.73462],[-73.46104,40.73496],[-73.45941,40.7354],[-73.45868,40.73595],[-73.45989,40.73687],[-73.45932,40.73805],[-73.45893,40.73864],[-73.45856,40.73894],[-73.45785,40.73918],[-73.45781,40.73868],[-73.45638,40.7389],[-73.45539,40.73941],[-73.45485,40.73936],[-73.45324,40.73949],[-73.44689,40.73965],[-73.44138,40.74001],[-73.44064,40.73975],[-73.43992,40.73906],[-73.43896,40.73815],[-73.43863,40.73741],[-73.43824,40.73752],[-73.43558,40.73463],[-73.43803,40.74781],[-73.43943,40.75569],[-73.43967,40.75741],[-73.44022,40.76041],[-73.44052,40.76164],[-73.44197,40.7699],[-73.44326,40.7765],[-73.4441,40.78161],[-73.44475,40.78121],[-73.44535,40.78142],[-73.44646,40.78124],[-73.45244,40.77963],[-73.4548,40.77885],[-73.45707,40.77796],[-73.45701,40.77717],[-73.4581,40.77445],[-73.46074,40.77107],[-73.46497,40.7663],[-73.46673,40.76398],[-73.46875,40.7616],[-73.46966,40.75957],[-73.47018,40.7597],[-73.47159,40.75685],[-73.47337,40.75648],[-73.47302,40.75557],[-73.47386,40.75569],[-73.47373,40.75542],[-73.47372,40.75513],[-73.47397,40.75399]]]},"properties":{"geoid":"36059520100","county":"059","county_name":"Nassau","utility":"psegli","utility_split":false,"homes":1886,"homes_source":"acs_est","multifamily_5plus_lots":null,"median_income":195202,"income_band":"150k+","low_income_share":0.25,"median_year_built":1965,"pre1980":0.64,"owner":0.93,"fuel":{"gas":0.56,"propane":0.01,"electric":0.16,"oil":0.26,"other":0.01,"none":0},"dac":false,"dac_share":0,"score":66,"parts":{"volume":25,"fuel":12.4,"age":12.7,"owner":13.9,"incentive":1.8},"gaps":[]}},{"type":"Feature","geometry":{"type":"Polygon","coordinates":[[[-73.91695,40.78415],[-73.91711,40.78406],[-73.91083,40.77964],[-73.90867,40.7814],[-73.91524,40.78604],[-73.91593,40.78537],[-73.91657,40.78449],[-73.91695,40.78415]]]},"properties":{"geoid":"36081010500","county":"081","county_name":"Queens","utility":"coned","utility_split":false,"homes":197,"homes_source":"pluto","multifamily_5plus_lots":26,"median_income":65233,"income_band":"60–100k","low_income_share":0.63,"median_year_built":1947,"pre1980":0.88,"owner":0.13,"fuel":{"gas":0.63,"propane":0.03,"electric":0.17,"oil":0.12,"other":0.03,"none":0.02},"dac":true,"dac_share":1,"score":65,"parts":{"volume":19.8,"fuel":10.2,"age":17.6,"owner":1.9,"incentive":15},"gaps":[]}},{"type":"Feature","geometry":{"type":"Polygon","coordinates":[[[-73.84416,40.6894],[-73.84218,40.68535],[-73.83992,40.68599],[-73.84075,40.68767],[-73.83988,40.68792],[-73.84105,40.69028],[-73.84416,40.6894]]]},"properties":{"geoid":"36081011400","county":"081","county_name":"Queens","utility":"coned","utility_split":false,"homes":177,"homes_source":"pluto","multifamily_5plus_lots":3,"median_income":121442,"income_band":"100–150k","low_income_share":0.26,"median_year_built":1938,"pre1980":0.96,"owner":0.27,"fuel":{"gas":0.84,"propane":0,"electric":0.16,"oil":0,"other":0,"none":0},"dac":true,"dac_share":1,"score":65,"parts":{"volume":19.4,"fuel":7.2,"age":19.3,"owner":4,"incentive":15},"gaps":[]}},{"type":"Feature","geometry":{"type":"Polygon","coordinates":[[[-73.90895,40.7716],[-73.90533,40.76904],[-73.90319,40.77082],[-73.90679,40.77337],[-73.90895,40.7716]]]},"properties":{"geoid":"36081011900","county":"081","county_name":"Queens","utility":"coned","utility_split":false,"homes":171,"homes_source":"pluto","multifamily_5plus_lots":48,"median_income":84886,"income_band":"60–100k","low_income_share":0.58,"median_year_built":1945,"pre1980":0.94,"owner":0.12,"fuel":{"gas":0.7,"propane":0.02,"electric":0.08,"oil":0.16,"other":0.03,"none":0.01},"dac":true,"dac_share":1,"score":65,"parts":{"volume":19.2,"fuel":10.2,"age":18.9,"owner":1.9,"incentive":15},"gaps":[]}},{"type":"Feature","geometry":{"type":"Polygon","coordinates":[[[-73.91094,40.76885],[-73.91168,40.76796],[-73.90451,40.76459],[-73.90288,40.76661],[-73.90203,40.76742],[-73.90276,40.7675],[-73.90414,40.76752],[-73.90577,40.76803],[-73.91094,40.76885]]]},"properties":{"geoid":"36081014100","county":"081","county_name":"Queens","utility":"coned","utility_split":false,"homes":118,"homes_source":"pluto","multifamily_5plus_lots":37,"median_income":100568,"income_band":"100–150k","low_income_share":0.5,"median_year_built":1942,"pre1980":0.96,"owner":0.24,"fuel":{"gas":0.71,"propane":0.01,"electric":0.05,"oil":0.13,"other":0.07,"none":0.03},"dac":true,"dac_share":1,"score":65,"parts":{"volume":17.9,"fuel":9.5,"age":19.1,"owner":3.5,"incentive":15},"gaps":[]}},{"type":"Feature","geometry":{"type":"Polygon","coordinates":[[[-73.8089,40.69256],[-73.80643,40.69087],[-73.8012,40.69534],[-73.79754,40.6982],[-73.79934,40.69929],[-73.80028,40.69872],[-73.80237,40.69787],[-73.8089,40.69256]]]},"properties":{"geoid":"36081020400","county":"081","county_name":"Queens","utility":"coned","utility_split":false,"homes":302,"homes_source":"pluto","multifamily_5plus_lots":8,"median_income":63750,"income_band":"60–100k","low_income_share":0.78,"median_year_built":1940,"pre1980":0.75,"owner":0.33,"fuel":{"gas":0.87,"propane":0.01,"electric":0.04,"oil":0.07,"other":0,"none":0},"dac":true,"dac_share":1,"score":65,"parts":{"volume":21.4,"fuel":8.1,"age":15,"owner":5,"incentive":15},"gaps":[]}},{"type":"Feature","geometry":{"type":"Polygon","coordinates":[[[-73.81157,40.69545],[-73.81208,40.6953],[-73.81141,40.6941],[-73.8119,40.69396],[-73.81075,40.69192],[-73.80971,40.6922],[-73.8089,40.69256],[-73.80489,40.69585],[-73.80495,40.69596],[-73.80749,40.69521],[-73.80824,40.69639],[-73.81157,40.69545]]]},"properties":{"geoid":"36081020600","county":"081","county_name":"Queens","utility":"coned","utility_split":false,"homes":257,"homes_source":"pluto","multifamily_5plus_lots":7,"median_income":56667,"income_band":"<60k","low_income_share":0.8,"median_year_built":1938,"pre1980":0.78,"owner":0.35,"fuel":{"gas":0.79,"propane":0.03,"electric":0.13,"oil":0.05,"other":0,"none":0},"dac":true,"dac_share":1,"score":65,"parts":{"volume":20.8,"fuel":8.6,"age":15.6,"owner":5.3,"incentive":15},"gaps":[]}},{"type":"Feature","geometry":{"type":"Polygon","coordinates":[[[-73.81629,40.70245],[-73.81648,40.70245],[-73.81546,40.70028],[-73.81443,40.69833],[-73.81404,40.69833],[-73.81419,40.69858],[-73.8095,40.6999],[-73.80774,40.70058],[-73.80604,40.70094],[-73.80413,40.70146],[-73.80444,40.70213],[-73.80551,40.70188],[-73.80633,40.70178],[-73.80793,40.70177],[-73.80905,40.70184],[-73.81302,40.70249],[-73.81399,40.70254],[-73.81629,40.70245]]]},"properties":{"geoid":"36081021200","county":"081","county_name":"Queens","utility":"coned","utility_split":false,"homes":226,"homes_source":"pluto","multifamily_5plus_lots":11,"median_income":70776,"income_band":"60–100k","low_income_share":0.7,"median_year_built":1938,"pre1980":0.93,"owner":0.23,"fuel":{"gas":0.91,"propane":0.03,"electric":0.04,"oil":0.03,"other":0,"none":0},"dac":true,"dac_share":1,"score":65,"parts":{"volume":20.3,"fuel":7.6,"age":18.7,"owner":3.4,"incentive":15},"gaps":[]}},{"type":"Feature","geometry":{"type":"Polygon","coordinates":[[[-73.90339,40.7456],[-73.90369,40.74491],[-73.90224,40.74453],[-73.90003,40.74376],[-73.89758,40.7493],[-73.90106,40.75078],[-73.90339,40.7456]]]},"properties":{"geoid":"36081026100","county":"081","county_name":"Queens","utility":"coned","utility_split":false,"homes":362,"homes_source":"pluto","multifamily_5plus_lots":73,"median_income":79419,"income_band":"60–100k","low_income_share":0.68,"median_year_built":1938,"pre1980":0.9,"owner":0.12,"fuel":{"gas":0.84,"propane":0.02,"electric":0.05,"oil":0.08,"other":0,"none":0.01},"dac":true,"dac_share":1,"score":65,"parts":{"volume":22,"fuel":8.3,"age":18,"owner":1.8,"incentive":15},"gaps":[]}},{"type":"Feature","geometry":{"type":"Polygon","coordinates":[[[-73.88454,40.76141],[-73.88351,40.75575],[-73.88072,40.75605],[-73.88175,40.76171],[-73.88454,40.76141]]]},"properties":{"geoid":"36081033700","county":"081","county_name":"Queens","utility":"coned","utility_split":false,"homes":492,"homes_source":"pluto","multifamily_5plus_lots":1,"median_income":107750,"income_band":"100–150k","low_income_share":0.43,"median_year_built":1942,"pre1980":0.99,"owner":0.61,"fuel":{"gas":0.6,"propane":0.2,"electric":0.08,"oil":0.11,"other":0,"none":0},"dac":false,"dac_share":0,"score":65,"parts":{"volume":23.2,"fuel":12.7,"age":19.7,"owner":9.2,"incentive":0},"gaps":[]}},{"type":"Feature","geometry":{"type":"Polygon","coordinates":[[[-73.85583,40.75158],[-73.85442,40.74881],[-73.85086,40.75],[-73.85221,40.75266],[-73.85583,40.75158]]]},"properties":{"geoid":"36081039901","county":"081","county_name":"Queens","utility":"coned","utility_split":false,"homes":244,"homes_source":"pluto","multifamily_5plus_lots":4,"median_income":118319,"income_band":"100–150k","low_income_share":0.43,"median_year_built":1956,"pre1980":0.75,"owner":0.33,"fuel":{"gas":0.8,"propane":0.06,"electric":0.08,"oil":0.05,"other":0,"none":0},"dac":true,"dac_share":1,"score":65,"parts":{"volume":20.6,"fuel":8.9,"age":15.1,"owner":5,"incentive":15},"gaps":[]}},{"type":"Feature","geometry":{"type":"Polygon","coordinates":[[[-73.86175,40.74997],[-73.86026,40.74707],[-73.85732,40.74792],[-73.85876,40.75072],[-73.86112,40.75002],[-73.86175,40.74997]]]},"properties":{"geoid":"36081040301","county":"081","county_name":"Queens","utility":"coned","utility_split":false,"homes":168,"homes_source":"pluto","multifamily_5plus_lots":23,"median_income":37018,"income_band":"<60k","low_income_share":0.89,"median_year_built":1957,"pre1980":0.81,"owner":0.16,"fuel":{"gas":0.61,"propane":0.3,"electric":0.09,"oil":0,"other":0,"none":0},"dac":true,"dac_share":1,"score":65,"parts":{"volume":19.2,"fuel":12.4,"age":16.1,"owner":2.5,"incentive":15},"gaps":[]}},{"type":"Feature","geometry":{"type":"Polygon","coordinates":[[[-73.86891,40.75394],[-73.86881,40.75352],[-73.86821,40.75226],[-73.86656,40.74946],[-73.86273,40.74987],[-73.8631,40.75067],[-73.86399,40.75041],[-73.8654,40.75301],[-73.86627,40.75278],[-73.86684,40.75401],[-73.8669,40.75436],[-73.86891,40.75394]]]},"properties":{"geoid":"36081040702","county":"081","county_name":"Queens","utility":"coned","utility_split":false,"homes":348,"homes_source":"pluto","multifamily_5plus_lots":27,"median_income":99722,"income_band":"60–100k","low_income_share":0.5,"median_year_built":1952,"pre1980":0.88,"owner":0.25,"fuel":{"gas":0.95,"propane":0.01,"electric":0.02,"oil":0.02,"other":0,"none":0},"dac":true,"dac_share":1,"score":65,"parts":{"volume":21.9,"fuel":7,"age":17.6,"owner":3.7,"incentive":15},"gaps":[]}},{"type":"Feature","geometry":{"type":"Polygon","coordinates":[[[-73.86846,40.74926],[-73.86735,40.74736],[-73.8671,40.74743],[-73.86609,40.74547],[-73.86407,40.74607],[-73.8637,40.74691],[-73.8649,40.74655],[-73.86656,40.74946],[-73.86846,40.74926]]]},"properties":{"geoid":"36081040901","county":"081","county_name":"Queens","utility":"coned","utility_split":false,"homes":119,"homes_source":"pluto","multifamily_5plus_lots":13,"median_income":83320,"income_band":"60–100k","low_income_share":0.62,"median_year_built":1955,"pre1980":0.89,"owner":0.37,"fuel":{"gas":0.84,"propane":0.05,"electric":0,"oil":0.11,"other":0,"none":0},"dac":true,"dac_share":1,"score":65,"parts":{"volume":17.9,"fuel":9.2,"age":17.8,"owner":5.5,"incentive":15},"gaps":[]}},{"type":"Feature","geometry":{"type":"Polygon","coordinates":[[[-73.86583,40.73664],[-73.86462,40.73427],[-73.85887,40.73594],[-73.86007,40.73837],[-73.86583,40.73664]]]},"properties":{"geoid":"36081045500","county":"081","county_name":"Queens","utility":"coned","utility_split":false,"homes":159,"homes_source":"acs_est","multifamily_5plus_lots":null,"median_income":80100,"income_band":"60–100k","low_income_share":0.66,"median_year_built":1963,"pre1980":0.93,"owner":0,"fuel":{"gas":0.29,"propane":0.03,"electric":0.45,"oil":0.16,"other":0.01,"none":0.05},"dac":true,"dac_share":1,"score":65,"parts":{"volume":19,"fuel":12.5,"age":18.6,"owner":0,"incentive":15},"gaps":[]}},{"type":"Feature","geometry":{"type":"Polygon","coordinates":[[[-73.87237,40.74885],[-73.87136,40.74427],[-73.87013,40.74499],[-73.86809,40.7456],[-73.86853,40.74759],[-73.86891,40.74837],[-73.86943,40.74916],[-73.87237,40.74885]]]},"properties":{"geoid":"36081046500","county":"081","county_name":"Queens","utility":"coned","utility_split":false,"homes":295,"homes_source":"pluto","multifamily_5plus_lots":24,"median_income":94125,"income_band":"60–100k","low_income_share":0.55,"median_year_built":1949,"pre1980":0.88,"owner":0.19,"fuel":{"gas":0.68,"propane":0,"electric":0.24,"oil":0.04,"other":0.03,"none":0},"dac":true,"dac_share":1,"score":65,"parts":{"volume":21.3,"fuel":8.7,"age":17.5,"owner":2.9,"incentive":15},"gaps":[]}},{"type":"Feature","geometry":{"type":"Polygon","coordinates":[[[-73.88034,40.74253],[-73.881,40.74184],[-73.88028,40.7413],[-73.87886,40.74175],[-73.87768,40.74306],[-73.87628,40.74487],[-73.8779,40.74559],[-73.87925,40.74376],[-73.88034,40.74253]]]},"properties":{"geoid":"36081046901","county":"081","county_name":"Queens","utility":"coned","utility_split":false,"homes":100,"homes_source":"pluto","multifamily_5plus_lots":28,"median_income":73538,"income_band":"60–100k","low_income_share":0.69,"median_year_built":1950,"pre1980":0.96,"owner":0.21,"fuel":{"gas":0.69,"propane":0.01,"electric":0.09,"oil":0.18,"other":0.01,"none":0.02},"dac":true,"dac_share":1,"score":65,"parts":{"volume":17.3,"fuel":10.3,"age":19.2,"owner":3.2,"incentive":15},"gaps":[]}},{"type":"Feature","geometry":{"type":"Polygon","coordinates":[[[-73.75404,40.71388],[-73.75371,40.71332],[-73.75047,40.70564],[-73.74951,40.70589],[-73.7489,40.70453],[-73.74659,40.70513],[-73.74923,40.70753],[-73.74947,40.7079],[-73.74802,40.7085],[-73.74682,40.70913],[-73.74934,40.71515],[-73.75404,40.71388]]]},"properties":{"geoid":"36081051200","county":"081","county_name":"Queens","utility":"coned","utility_split":false,"homes":603,"homes_source":"pluto","multifamily_5plus_lots":1,"median_income":122778,"income_band":"100–150k","low_income_share":0.42,"median_year_built":1938,"pre1980":1,"owner":0.79,"fuel":{"gas":0.83,"propane":0.01,"electric":0,"oil":0.16,"other":0,"none":0},"dac":false,"dac_share":0,"score":65,"parts":{"volume":23.9,"fuel":9.5,"age":20,"owner":11.8,"incentive":0},"gaps":[]}},{"type":"Feature","geometry":{"type":"Polygon","coordinates":[[[-73.74947,40.7079],[-73.74923,40.70753],[-73.74753,40.70596],[-73.74531,40.70395],[-73.74435,40.7032],[-73.74413,40.70274],[-73.74331,40.70296],[-73.74431,40.70558],[-73.74351,40.70617],[-73.74486,40.70967],[-73.7458,40.70947],[-73.74682,40.70913],[-73.74802,40.7085],[-73.74947,40.7079]]]},"properties":{"geoid":"36081053601","county":"081","county_name":"Queens","utility":"coned","utility_split":false,"homes":389,"homes_source":"pluto","multifamily_5plus_lots":0,"median_income":null,"income_band":null,"low_income_share":0.72,"median_year_built":1943,"pre1980":0.97,"owner":0.63,"fuel":{"gas":0.58,"propane":0.01,"electric":0.01,"oil":0.39,"other":0,"none":0},"dac":false,"dac_share":0,"score":65,"parts":{"volume":22.3,"fuel":13.9,"age":19.4,"owner":9.5,"incentive":0},"gaps":[]}},{"type":"Feature","geometry":{"type":"Polygon","coordinates":[[[-73.73663,40.70984],[-73.73582,40.70956],[-73.73575,40.70965],[-73.73264,40.70887],[-73.73413,40.70541],[-73.73426,40.70322],[-73.72737,40.70296],[-73.72714,40.70305],[-73.72676,40.70277],[-73.72705,40.7095],[-73.7269,40.70998],[-73.72697,40.71071],[-73.72938,40.71163],[-73.72998,40.71036],[-73.73356,40.71127],[-73.73554,40.71186],[-73.73663,40.70984]]]},"properties":{"geoid":"36081058000","county":"081","county_name":"Queens","utility":"coned","utility_split":false,"homes":861,"homes_source":"pluto","multifamily_5plus_lots":0,"median_income":139342,"income_band":"100–150k","low_income_share":0.31,"median_year_built":1951,"pre1980":0.93,"owner":0.89,"fuel":{"gas":0.89,"propane":0.01,"electric":0.01,"oil":0.08,"other":0.01,"none":0},"dac":false,"dac_share":0,"score":65,"parts":{"volume":25,"fuel":8.1,"age":18.6,"owner":13.4,"incentive":0},"gaps":[]}},{"type":"Feature","geometry":{"type":"Polygon","coordinates":[[[-73.73434,40.70177],[-73.73438,40.70102],[-73.73048,40.70091],[-73.73052,40.70017],[-73.72943,40.70013],[-73.72979,40.69942],[-73.72761,40.69936],[-73.72752,40.6972],[-73.7265,40.69689],[-73.72665,40.70111],[-73.72678,40.70199],[-73.72673,40.70215],[-73.72676,40.70277],[-73.72714,40.70305],[-73.72737,40.70296],[-73.73426,40.70322],[-73.73434,40.70177]]]},"properties":{"geoid":"36081059200","county":"081","county_name":"Queens","utility":"coned","utility_split":false,"homes":322,"homes_source":"pluto","multifamily_5plus_lots":0,"median_income":77857,"income_band":"60–100k","low_income_share":0.56,"median_year_built":1949,"pre1980":1,"owner":0.93,"fuel":{"gas":0.84,"propane":0.07,"electric":0,"oil":0.09,"other":0,"none":0},"dac":false,"dac_share":0,"score":65,"parts":{"volume":21.6,"fuel":9.3,"age":20,"owner":14,"incentive":0},"gaps":[]}},{"type":"Feature","geometry":{"type":"Polygon","coordinates":[[[-73.75268,40.68087],[-73.75324,40.68012],[-73.75226,40.67999],[-73.74561,40.67789],[-73.74497,40.67906],[-73.74583,40.67934],[-73.74327,40.68392],[-73.74728,40.68527],[-73.74829,40.68527],[-73.75002,40.68589],[-73.75121,40.68372],[-73.75172,40.68238],[-73.75268,40.68087]]]},"properties":{"geoid":"36081062600","county":"081","county_name":"Queens","utility":"coned","utility_split":false,"homes":699,"homes_source":"pluto","multifamily_5plus_lots":2,"median_income":139602,"income_band":"100–150k","low_income_share":0.27,"median_year_built":1946,"pre1980":0.97,"owner":0.87,"fuel":{"gas":0.84,"propane":0.01,"electric":0.07,"oil":0.09,"other":0,"none":0},"dac":false,"dac_share":0,"score":65,"parts":{"volume":24.5,"fuel":8.4,"age":19.4,"owner":13.1,"incentive":0},"gaps":[]}},{"type":"Feature","geometry":{"type":"Polygon","coordinates":[[[-73.88092,40.7216],[-73.88131,40.72142],[-73.87646,40.72159],[-73.87545,40.72175],[-73.87416,40.72219],[-73.87359,40.72048],[-73.87917,40.71943],[-73.87794,40.7179],[-73.86987,40.72164],[-73.8728,40.7253],[-73.87339,40.7251],[-73.88092,40.7216]]]},"properties":{"geoid":"36081066301","county":"081","county_name":"Queens","utility":"coned","utility_split":false,"homes":832,"homes_source":"pluto","multifamily_5plus_lots":0,"median_income":92318,"income_band":"60–100k","low_income_share":0.51,"median_year_built":1942,"pre1980":0.99,"owner":0.84,"fuel":{"gas":0.93,"propane":0.04,"electric":0.01,"oil":0.02,"other":0,"none":0},"dac":false,"dac_share":0,"score":65,"parts":{"volume":25,"fuel":7.4,"age":19.7,"owner":12.7,"incentive":0},"gaps":[]}},{"type":"Feature","geometry":{"type":"Polygon","coordinates":[[[-73.86653,40.5727],[-73.86642,40.57235],[-73.86454,40.56924],[-73.86447,40.56914],[-73.86406,40.56928],[-73.86309,40.5676],[-73.86283,40.56682],[-73.86159,40.56564],[-73.85772,40.56282],[-73.85206,40.56494],[-73.85698,40.56918],[-73.85982,40.57421],[-73.85485,40.57588],[-73.85949,40.58394],[-73.866,40.581],[-73.86283,40.57609],[-73.86288,40.57606],[-73.86274,40.57584],[-73.86338,40.57531],[-73.86392,40.57513],[-73.8632,40.57413],[-73.86362,40.57383],[-73.86449,40.57354],[-73.86513,40.57344],[-73.86653,40.5727]]]},"properties":{"geoid":"36081092200","county":"081","county_name":"Queens","utility":"psegli","utility_split":false,"homes":785,"homes_source":"pluto","multifamily_5plus_lots":1,"median_income":175682,"income_band":"150k+","low_income_share":0.31,"median_year_built":1946,"pre1980":0.86,"owner":0.91,"fuel":{"gas":0.9,"propane":0.01,"electric":0.05,"oil":0.02,"other":0,"none":0.02},"dac":false,"dac_share":0,"score":65,"parts":{"volume":24.9,"fuel":7,"age":17.2,"owner":13.6,"incentive":2.3},"gaps":[]}},{"type":"Feature","geometry":{"type":"Polygon","coordinates":[[[-73.80751,40.59786],[-73.8049,40.59589],[-73.80351,40.5943],[-73.80244,40.59264],[-73.80225,40.59077],[-73.80137,40.59086],[-73.80117,40.59045],[-73.801,40.58911],[-73.80199,40.58887],[-73.80166,40.58624],[-73.80134,40.58541],[-73.80047,40.58016],[-73.79479,40.58133],[-73.79553,40.5858],[-73.79677,40.59938],[-73.79365,40.60262],[-73.80247,40.60097],[-73.80751,40.59786]]]},"properties":{"geoid":"36081095400","county":"081","county_name":"Queens","utility":"psegli","utility_split":false,"homes":966,"homes_source":"pluto","multifamily_5plus_lots":4,"median_income":82053,"income_band":"60–100k","low_income_share":0.59,"median_year_built":1977,"pre1980":0.53,"owner":0.53,"fuel":{"gas":0.72,"propane":0.1,"electric":0.18,"oil":0,"other":0,"none":0},"dac":true,"dac_share":1,"score":65,"parts":{"volume":25,"fuel":9.3,"age":10.7,"owner":7.9,"incentive":11.9},"gaps":[]}},{"type":"Feature","geometry":{"type":"Polygon","coordinates":[[[-73.83055,40.80315],[-73.83068,40.80311],[-73.82901,40.80053],[-73.82404,40.79305],[-73.82373,40.79279],[-73.82299,40.79168],[-73.82279,40.7913],[-73.8226,40.79067],[-73.82254,40.78957],[-73.82165,40.7897],[-73.82004,40.78943],[-73.81609,40.78781],[-73.81612,40.78827],[-73.81682,40.79103],[-73.81815,40.79432],[-73.82121,40.79904],[-73.82354,40.79713],[-73.82758,40.80394],[-73.83055,40.80315]]]},"properties":{"geoid":"36081097300","county":"081","county_name":"Queens","utility":"coned","utility_split":false,"homes":670,"homes_source":"pluto","multifamily_5plus_lots":1,"median_income":86008,"income_band":"60–100k","low_income_share":0.57,"median_year_built":1953,"pre1980":0.91,"owner":0.84,"fuel":{"gas":0.78,"propane":0.01,"electric":0.02,"oil":0.19,"other":0,"none":0.01},"dac":false,"dac_share":0,"score":65,"parts":{"volume":24.3,"fuel":10,"age":18.1,"owner":12.6,"incentive":0},"gaps":[]}},{"type":"Feature","geometry":{"type":"Polygon","coordinates":[[[-73.75982,40.60965],[-73.76095,40.60645],[-73.75527,40.60533],[-73.75442,40.60498],[-73.75373,40.60618],[-73.75291,40.60691],[-73.75242,40.60787],[-73.75106,40.60942],[-73.74922,40.61077],[-73.74849,40.61114],[-73.74694,40.61178],[-73.74712,40.61204],[-73.7475,40.61189],[-73.74799,40.61231],[-73.74822,40.61201],[-73.75009,40.61164],[-73.75346,40.61052],[-73.75473,40.6104],[-73.7552,40.61059],[-73.75723,40.61099],[-73.75891,40.61121],[-73.75974,40.61016],[-73.75982,40.60965]]]},"properties":{"geoid":"36081103201","county":"081","county_name":"Queens","utility":"psegli","utility_split":false,"homes":459,"homes_source":"pluto","multifamily_5plus_lots":18,"median_income":50123,"income_band":"<60k","low_income_share":0.71,"median_year_built":1952,"pre1980":0.94,"owner":0.13,"fuel":{"gas":0.74,"propane":0.01,"electric":0.05,"oil":0.13,"other":0,"none":0.07},"dac":true,"dac_share":1,"score":65,"parts":{"volume":22.9,"fuel":8.8,"age":18.7,"owner":2,"incentive":12.8},"gaps":[]}},{"type":"Feature","geometry":{"type":"Polygon","coordinates":[[[-73.82463,40.78286],[-73.825,40.7817],[-73.82224,40.78169],[-73.82278,40.78083],[-73.82331,40.77958],[-73.81453,40.77889],[-73.81337,40.78716],[-73.81459,40.78738],[-73.81609,40.78781],[-73.82004,40.78943],[-73.82165,40.7897],[-73.82254,40.78957],[-73.82259,40.78911],[-73.8235,40.78763],[-73.82383,40.78676],[-73.82463,40.78286]]]},"properties":{"geoid":"36081103900","county":"081","county_name":"Queens","utility":"coned","utility_split":false,"homes":1446,"homes_source":"pluto","multifamily_5plus_lots":12,"median_income":76587,"income_band":"60–100k","low_income_share":0.68,"median_year_built":1952,"pre1980":0.92,"owner":0.66,"fuel":{"gas":0.66,"propane":0.05,"electric":0.05,"oil":0.24,"other":0,"none":0},"dac":false,"dac_share":0,"score":65,"parts":{"volume":25,"fuel":11.9,"age":18.5,"owner":9.9,"incentive":0},"gaps":[]}},{"type":"Feature","geometry":{"type":"Polygon","coordinates":[[[-73.79566,40.77303],[-73.79513,40.77265],[-73.7948,40.7723],[-73.79397,40.77125],[-73.7919,40.76894],[-73.78373,40.77136],[-73.78413,40.77237],[-73.78442,40.77355],[-73.78453,40.77441],[-73.78459,40.77614],[-73.78827,40.77507],[-73.79163,40.77424],[-73.79365,40.77336],[-73.79566,40.77303]]]},"properties":{"geoid":"36081108500","county":"081","county_name":"Queens","utility":"coned","utility_split":false,"homes":679,"homes_source":"pluto","multifamily_5plus_lots":2,"median_income":71111,"income_band":"60–100k","low_income_share":0.59,"median_year_built":1951,"pre1980":0.94,"owner":0.77,"fuel":{"gas":0.74,"propane":0,"electric":0.03,"oil":0.22,"other":0,"none":0},"dac":false,"dac_share":0,"score":65,"parts":{"volume":24.4,"fuel":10.7,"age":18.7,"owner":11.5,"incentive":0},"gaps":[]}},{"type":"Feature","geometry":{"type":"Polygon","coordinates":[[[-73.79174,40.72578],[-73.79136,40.72495],[-73.79064,40.72378],[-73.79045,40.72313],[-73.7903,40.72092],[-73.7904,40.7201],[-73.79071,40.71927],[-73.78864,40.71931],[-73.78499,40.71997],[-73.78199,40.72017],[-73.78036,40.72053],[-73.77914,40.72113],[-73.77739,40.72244],[-73.77804,40.72328],[-73.77739,40.7235],[-73.77699,40.72373],[-73.77667,40.72401],[-73.77634,40.72447],[-73.77523,40.72524],[-73.77758,40.73019],[-73.78116,40.72921],[-73.79174,40.72578]]]},"properties":{"geoid":"36081127700","county":"081","county_name":"Queens","utility":"coned","utility_split":false,"homes":1155,"homes_source":"pluto","multifamily_5plus_lots":0,"median_income":119591,"income_band":"100–150k","low_income_share":0.41,"median_year_built":1944,"pre1980":0.92,"owner":0.89,"fuel":{"gas":0.83,"propane":0.01,"electric":0.09,"oil":0.04,"other":0.03,"none":0},"dac":false,"dac_share":0,"score":65,"parts":{"volume":25,"fuel":8,"age":18.4,"owner":13.3,"incentive":0},"gaps":[]}},{"type":"Feature","geometry":{"type":"Polygon","coordinates":[[[-73.77376,40.75],[-73.77417,40.74988],[-73.77174,40.74484],[-73.77193,40.74479],[-73.77164,40.7442],[-73.76948,40.74525],[-73.76863,40.74558],[-73.76503,40.74657],[-73.76738,40.75174],[-73.77376,40.75]]]},"properties":{"geoid":"36081140300","county":"081","county_name":"Queens","utility":"coned","utility_split":false,"homes":728,"homes_source":"pluto","multifamily_5plus_lots":0,"median_income":71842,"income_band":"60–100k","low_income_share":0.59,"median_year_built":1955,"pre1980":0.94,"owner":0.88,"fuel":{"gas":0.82,"propane":0.01,"electric":0.07,"oil":0.1,"other":0,"none":0},"dac":false,"dac_share":0,"score":65,"parts":{"volume":24.6,"fuel":8.8,"age":18.7,"owner":13.2,"incentive":0},"gaps":[]}},{"type":"Feature","geometry":{"type":"Polygon","coordinates":[[[-73.79729,40.74944],[-73.79472,40.7476],[-73.79446,40.74544],[-73.79453,40.74451],[-73.79501,40.74374],[-73.79614,40.74257],[-73.79723,40.7417],[-73.79726,40.74021],[-73.7963,40.73833],[-73.78671,40.74091],[-73.78682,40.74112],[-73.7859,40.74138],[-73.78718,40.74407],[-73.78841,40.74445],[-73.789,40.74575],[-73.78635,40.74654],[-73.78867,40.75139],[-73.79217,40.75047],[-73.79473,40.75057],[-73.79472,40.75065],[-73.79729,40.74944]]]},"properties":{"geoid":"36081141700","county":"081","county_name":"Queens","utility":"coned","utility_split":false,"homes":1189,"homes_source":"pluto","multifamily_5plus_lots":7,"median_income":76275,"income_band":"60–100k","low_income_share":0.63,"median_year_built":1953,"pre1980":0.87,"owner":0.81,"fuel":{"gas":0.68,"propane":0.03,"electric":0.07,"oil":0.17,"other":0.01,"none":0.03},"dac":false,"dac_share":0,"score":65,"parts":{"volume":25,"fuel":10.5,"age":17.3,"owner":12.1,"incentive":0},"gaps":[]}},{"type":"Feature","geometry":{"type":"Polygon","coordinates":[[[-73.79493,40.7578],[-73.79458,40.75356],[-73.79473,40.75057],[-73.79217,40.75047],[-73.78867,40.75139],[-73.78889,40.75188],[-73.78943,40.75785],[-73.79403,40.75774],[-73.79493,40.7578]]]},"properties":{"geoid":"36081145900","county":"081","county_name":"Queens","utility":"coned","utility_split":false,"homes":739,"homes_source":"pluto","multifamily_5plus_lots":0,"median_income":125962,"income_band":"100–150k","low_income_share":0.31,"median_year_built":1938,"pre1980":0.94,"owner":0.76,"fuel":{"gas":0.72,"propane":0.03,"electric":0.11,"oil":0.15,"other":0,"none":0},"dac":false,"dac_share":0,"score":65,"parts":{"volume":24.7,"fuel":10.2,"age":18.9,"owner":11.4,"incentive":0},"gaps":[]}},{"type":"Feature","geometry":{"type":"Polygon","coordinates":[[[-73.72657,40.74082],[-73.72576,40.74031],[-73.72489,40.73957],[-73.72438,40.73897],[-73.7239,40.7383],[-73.72306,40.73625],[-73.7227,40.73477],[-73.72267,40.73385],[-73.72276,40.73298],[-73.72307,40.73149],[-73.72269,40.73168],[-73.72053,40.73145],[-73.71332,40.73217],[-73.71148,40.7325],[-73.71477,40.7379],[-73.71578,40.73989],[-73.71894,40.74694],[-73.72407,40.74557],[-73.7238,40.74506],[-73.72647,40.74421],[-73.72488,40.74139],[-73.72657,40.74082]]]},"properties":{"geoid":"36081157101","county":"081","county_name":"Queens","utility":"coned","utility_split":false,"homes":1798,"homes_source":"pluto","multifamily_5plus_lots":4,"median_income":90575,"income_band":"60–100k","low_income_share":0.57,"median_year_built":1951,"pre1980":0.91,"owner":0.7,"fuel":{"gas":0.69,"propane":0.07,"electric":0.04,"oil":0.17,"other":0.02,"none":0.02},"dac":false,"dac_share":0,"score":65,"parts":{"volume":25,"fuel":11,"age":18.2,"owner":10.6,"incentive":0},"gaps":[]}},{"type":"Feature","geometry":{"type":"Polygon","coordinates":[[[-73.77487,40.80691],[-73.76623,40.79676],[-73.75341,40.79775],[-73.75202,40.79757],[-73.75193,40.79825],[-73.75154,40.79818],[-73.75127,40.79898],[-73.75063,40.79944],[-73.74883,40.79995],[-73.74759,40.80002],[-73.7472,40.79995],[-73.74663,40.79961],[-73.74645,40.79939],[-73.74571,40.79965],[-73.74437,40.80032],[-73.74418,40.80014],[-73.74359,40.8003],[-73.74155,40.8015],[-73.74401,40.80429],[-73.7473,40.8068],[-73.74715,40.80653],[-73.74735,40.80638],[-73.74876,40.80552],[-73.74942,40.80523],[-73.75031,40.80612],[-73.75217,40.80701],[-73.7515,40.8076],[-73.75282,40.80848],[-73.7529,40.80843],[-73.75368,40.8087],[-73.75385,40.80857],[-73.75428,40.80891],[-73.75481,40.80823],[-73.75597,40.809],[-73.75751,40.81031],[-73.75667,40.81133],[-73.75611,40.81221],[-73.75471,40.81136],[-73.75394,40.81111],[-73.75213,40.81024],[-73.7527,40.80943],[-73.75173,40.8089],[-73.75113,40.81],[-73.74785,40.8087],[-73.74529,40.80939],[-73.74308,40.80981],[-73.74308,40.81016],[-73.74156,40.80995],[-73.74161,40.81094],[-73.74092,40.81092],[-73.74087,40.81011],[-73.73909,40.81022],[-73.73824,40.81045],[-73.73774,40.8116],[-73.73828,40.8116],[-73.73809,40.8119],[-73.73815,40.81283],[-73.7374,40.81254],[-73.73587,40.81228],[-73.73598,40.81196],[-73.73628,40.81157],[-73.7342,40.81108],[-73.73411,40.81064],[-73.73125,40.81099],[-73.7311,40.80968],[-73.73153,40.80962],[-73.73122,40.80801],[-73.73134,40.808],[-73.73131,40.80782],[-73.73118,40.80784],[-73.73088,40.8073],[-73.72807,40.80762],[-73.7278,40.80691],[-73.72304,40.8074],[-73.72283,40.80632],[-73.72193,40.8065],[-73.72166,40.8052],[-73.72085,40.80473],[-73.72168,40.80407],[-73.72159,40.80358],[-73.7207,40.80341],[-73.7195,40.80353],[-73.71914,40.80144],[-73.71922,40.80097],[-73.7185,40.80078],[-73.7183,40.80063],[-73.7178,40.80065],[-73.71502,40.80133],[-73.71414,40.80126],[-73.71258,40.8019],[-73.71218,40.8011],[-73.71158,40.7995],[-73.70942,40.79978],[-73.7112,40.80009],[-73.71157,40.80191],[-73.71146,40.80387],[-73.7124,40.80387],[-73.71215,40.80804],[-73.71197,40.80973],[-73.71158,40.8171],[-73.72027,40.8285],[-73.74158,40.8361],[-73.75244,40.8421],[-73.76102,40.84183],[-73.7623,40.83957],[-73.76864,40.82771],[-73.77487,40.80691]]]},"properties":{"geoid":"36059300100","county":"059","county_name":"Nassau","utility":"psegli","utility_split":false,"homes":1504,"homes_source":"acs_est","multifamily_5plus_lots":null,"median_income":211299,"income_band":"150k+","low_income_share":0.29,"median_year_built":1961,"pre1980":0.7,"owner":0.96,"fuel":{"gas":0.78,"propane":0,"electric":0.04,"oil":0.18,"other":0,"none":0},"dac":false,"dac_share":0,"score":65,"parts":{"volume":25,"fuel":9.9,"age":14,"owner":14.3,"incentive":2.2},"gaps":[]}},{"type":"Feature","geometry":{"type":"Polygon","coordinates":[[[-73.7297,40.7729],[-73.72949,40.77213],[-73.72918,40.77164],[-73.72899,40.77154],[-73.7287,40.7711],[-73.72871,40.77097],[-73.72845,40.77066],[-73.72736,40.77081],[-73.72693,40.77076],[-73.72676,40.76887],[-73.72288,40.76929],[-73.72057,40.7694],[-73.72051,40.76934],[-73.72045,40.7652],[-73.72146,40.76503],[-73.72114,40.76487],[-73.72162,40.76484],[-73.71245,40.75924],[-73.70783,40.75622],[-73.70274,40.75325],[-73.70163,40.75249],[-73.70362,40.75479],[-73.70434,40.75646],[-73.6982,40.75689],[-73.69682,40.75828],[-73.69358,40.75772],[-73.69178,40.75718],[-73.6917,40.75873],[-73.68878,40.75876],[-73.68893,40.76017],[-73.68964,40.76307],[-73.69169,40.76269],[-73.69415,40.76131],[-73.69378,40.76412],[-73.69238,40.76616],[-73.6936,40.76619],[-73.69388,40.76631],[-73.69454,40.76691],[-73.69532,40.76679],[-73.69571,40.76717],[-73.69693,40.76708],[-73.69818,40.76713],[-73.70009,40.76746],[-73.70394,40.76898],[-73.70364,40.76939],[-73.7035,40.76996],[-73.70338,40.77088],[-73.7034,40.77242],[-73.70328,40.77342],[-73.70439,40.77338],[-73.70443,40.776],[-73.70304,40.77626],[-73.70293,40.77857],[-73.70316,40.77986],[-73.70353,40.78102],[-73.70387,40.7812],[-73.70401,40.78162],[-73.70515,40.78153],[-73.70528,40.7822],[-73.70418,40.7823],[-73.7042,40.78262],[-73.70432,40.78261],[-73.7044,40.78278],[-73.70744,40.78241],[-73.70726,40.78103],[-73.70759,40.78093],[-73.7087,40.78092],[-73.71458,40.78046],[-73.71594,40.78229],[-73.71836,40.78123],[-73.71723,40.77936],[-73.71845,40.77887],[-73.71839,40.77809],[-73.71682,40.77676],[-73.71606,40.77559],[-73.71697,40.7752],[-73.71758,40.77628],[-73.72438,40.7743],[-73.72577,40.7737],[-73.72882,40.77306],[-73.72892,40.7732],[-73.7297,40.7729]]]},"properties":{"geoid":"36059300901","county":"059","county_name":"Nassau","utility":"psegli","utility_split":false,"homes":811,"homes_source":"acs_est","multifamily_5plus_lots":null,"median_income":244079,"income_band":"150k+","low_income_share":0.13,"median_year_built":1957,"pre1980":0.83,"owner":0.93,"fuel":{"gas":0.85,"propane":0.05,"electric":0.04,"oil":0.06,"other":0,"none":0},"dac":false,"dac_share":0,"score":65,"parts":{"volume":25,"fuel":8.5,"age":16.5,"owner":14,"incentive":1},"gaps":[]}},{"type":"Feature","geometry":{"type":"Polygon","coordinates":[[[-73.6977,40.83708],[-73.69781,40.83684],[-73.69666,40.83669],[-73.69403,40.83655],[-73.69257,40.83671],[-73.69124,40.83717],[-73.69113,40.83665],[-73.69071,40.83243],[-73.68982,40.83244],[-73.68985,40.83156],[-73.69005,40.83153],[-73.69006,40.83144],[-73.68923,40.83151],[-73.68917,40.8313],[-73.68924,40.83049],[-73.69112,40.8304],[-73.6902,40.82715],[-73.68946,40.82488],[-73.68639,40.82516],[-73.6862,40.82434],[-73.68614,40.82381],[-73.6862,40.82337],[-73.68653,40.82241],[-73.68671,40.82156],[-73.68685,40.81874],[-73.68706,40.81736],[-73.68716,40.81737],[-73.68719,40.81704],[-73.68727,40.81691],[-73.68773,40.81644],[-73.67982,40.8173],[-73.68051,40.82064],[-73.68078,40.82128],[-73.68225,40.82383],[-73.68252,40.82458],[-73.68361,40.82829],[-73.68422,40.8312],[-73.68482,40.83275],[-73.68604,40.83549],[-73.6874,40.83812],[-73.68788,40.83878],[-73.68907,40.84004],[-73.68964,40.84098],[-73.69007,40.84286],[-73.69049,40.84631],[-73.69476,40.84557],[-73.69451,40.84475],[-73.69559,40.84435],[-73.696,40.8441],[-73.69576,40.8437],[-73.69556,40.84311],[-73.69543,40.84231],[-73.69541,40.84154],[-73.69639,40.84049],[-73.69742,40.83914],[-73.69748,40.83898],[-73.69727,40.83834],[-73.69727,40.83799],[-73.6977,40.83708]]]},"properties":{"geoid":"36059301300","county":"059","county_name":"Nassau","utility":"psegli","utility_split":false,"homes":1400,"homes_source":"acs_est","multifamily_5plus_lots":null,"median_income":139656,"income_band":"100–150k","low_income_share":0.36,"median_year_built":1952,"pre1980":0.85,"owner":0.56,"fuel":{"gas":0.66,"propane":0.04,"electric":0.04,"oil":0.24,"other":0.01,"none":0},"dac":false,"dac_share":0,"score":65,"parts":{"volume":25,"fuel":11.9,"age":17.1,"owner":8.4,"incentive":2.7},"gaps":[]}},{"type":"Feature","geometry":{"type":"Polygon","coordinates":[[[-73.66902,40.79716],[-73.66882,40.79628],[-73.66758,40.79257],[-73.66743,40.79181],[-73.66636,40.7894],[-73.66539,40.78962],[-73.66437,40.78919],[-73.66398,40.78915],[-73.66073,40.78965],[-73.66052,40.78949],[-73.66042,40.78895],[-73.65995,40.78805],[-73.65964,40.78777],[-73.65916,40.78754],[-73.65861,40.78759],[-73.65686,40.78829],[-73.65572,40.78854],[-73.65616,40.79102],[-73.65565,40.79073],[-73.6553,40.79072],[-73.65311,40.79093],[-73.65347,40.79194],[-73.64969,40.79232],[-73.64948,40.79132],[-73.64348,40.79197],[-73.6435,40.79283],[-73.64328,40.79322],[-73.64331,40.79353],[-73.64404,40.79613],[-73.64406,40.79702],[-73.64395,40.79846],[-73.64361,40.79963],[-73.64317,40.80068],[-73.64037,40.80398],[-73.63763,40.80648],[-73.63687,40.80702],[-73.63374,40.80767],[-73.63357,40.8092],[-73.63083,40.81094],[-73.62945,40.812],[-73.62847,40.81291],[-73.62935,40.81291],[-73.62956,40.81333],[-73.62849,40.81533],[-73.62782,40.81512],[-73.62772,40.81541],[-73.62835,40.8156],[-73.6281,40.81604],[-73.62839,40.81606],[-73.63446,40.8202],[-73.6352,40.82179],[-73.63674,40.82198],[-73.64737,40.829],[-73.65065,40.82862],[-73.6522,40.82801],[-73.65206,40.8276],[-73.65057,40.8252],[-73.64967,40.8214],[-73.65007,40.81484],[-73.65042,40.81145],[-73.65164,40.80772],[-73.65336,40.80628],[-73.65303,40.80509],[-73.65291,40.805],[-73.65264,40.80357],[-73.65296,40.80398],[-73.65325,40.80414],[-73.65408,40.8043],[-73.65386,40.80315],[-73.65448,40.80321],[-73.65577,40.8029],[-73.6575,40.80181],[-73.65856,40.80102],[-73.65875,40.80157],[-73.65907,40.80157],[-73.65902,40.80072],[-73.65913,40.80064],[-73.65924,40.7997],[-73.65946,40.79975],[-73.66104,40.79884],[-73.66179,40.79877],[-73.66235,40.79885],[-73.66317,40.79851],[-73.66902,40.79716]]]},"properties":{"geoid":"36059302000","county":"059","county_name":"Nassau","utility":"psegli","utility_split":false,"homes":1541,"homes_source":"acs_est","multifamily_5plus_lots":null,"median_income":154375,"income_band":"150k+","low_income_share":0.35,"median_year_built":1955,"pre1980":0.84,"owner":0.73,"fuel":{"gas":0.75,"propane":0.06,"electric":0.07,"oil":0.12,"other":0,"none":0},"dac":false,"dac_share":0,"score":65,"parts":{"volume":25,"fuel":10,"age":16.7,"owner":11,"incentive":2.6},"gaps":[]}},{"type":"Feature","geometry":{"type":"Polygon","coordinates":[[[-73.65284,40.75408],[-73.65248,40.75259],[-73.65241,40.75189],[-73.65202,40.75119],[-73.64941,40.75179],[-73.64843,40.75187],[-73.64757,40.75206],[-73.6455,40.75266],[-73.64539,40.75248],[-73.64336,40.75308],[-73.64333,40.75315],[-73.64234,40.75349],[-73.6422,40.75326],[-73.64184,40.75339],[-73.64197,40.75361],[-73.64178,40.75367],[-73.64163,40.75341],[-73.64135,40.7535],[-73.64141,40.75374],[-73.64062,40.75383],[-73.63903,40.75383],[-73.6396,40.75779],[-73.63993,40.76129],[-73.64049,40.76514],[-73.64076,40.7665],[-73.64536,40.76575],[-73.6472,40.76571],[-73.6461,40.76107],[-73.64557,40.76021],[-73.64544,40.75985],[-73.64548,40.75827],[-73.64511,40.75626],[-73.64786,40.75527],[-73.65056,40.75446],[-73.65284,40.75408]]]},"properties":{"geoid":"36059303302","county":"059","county_name":"Nassau","utility":"psegli","utility_split":false,"homes":1229,"homes_source":"acs_est","multifamily_5plus_lots":null,"median_income":158478,"income_band":"150k+","low_income_share":0.31,"median_year_built":1938,"pre1980":0.94,"owner":0.72,"fuel":{"gas":0.89,"propane":0.02,"electric":0.04,"oil":0.05,"other":0,"none":0},"dac":false,"dac_share":0,"score":65,"parts":{"volume":25,"fuel":7.8,"age":18.9,"owner":10.8,"incentive":2.3},"gaps":[]}},{"type":"Feature","geometry":{"type":"Polygon","coordinates":[[[-73.60099,40.75976],[-73.59531,40.75131],[-73.59282,40.74719],[-73.5913,40.74731],[-73.58885,40.74732],[-73.58764,40.74757],[-73.58774,40.74854],[-73.58794,40.76004],[-73.58705,40.76234],[-73.58676,40.76342],[-73.58856,40.76292],[-73.59305,40.76214],[-73.59433,40.76185],[-73.60099,40.75976]]]},"properties":{"geoid":"36059304002","county":"059","county_name":"Nassau","utility":"psegli","utility_split":false,"homes":1211,"homes_source":"acs_est","multifamily_5plus_lots":null,"median_income":132500,"income_band":"100–150k","low_income_share":0.35,"median_year_built":1958,"pre1980":0.79,"owner":0.66,"fuel":{"gas":0.67,"propane":0.03,"electric":0.06,"oil":0.24,"other":0,"none":0},"dac":false,"dac_share":0,"score":65,"parts":{"volume":25,"fuel":11.7,"age":15.8,"owner":9.9,"incentive":2.7},"gaps":[]}},{"type":"Feature","geometry":{"type":"Polygon","coordinates":[[[-73.58167,40.75578],[-73.58123,40.75452],[-73.56679,40.75799],[-73.56699,40.7581],[-73.56712,40.75873],[-73.56814,40.7649],[-73.56834,40.76487],[-73.57,40.76578],[-73.57163,40.76441],[-73.57311,40.76283],[-73.57608,40.761],[-73.57846,40.75868],[-73.58167,40.75578]]]},"properties":{"geoid":"36059304204","county":"059","county_name":"Nassau","utility":"psegli","utility_split":false,"homes":951,"homes_source":"acs_est","multifamily_5plus_lots":null,"median_income":147440,"income_band":"100–150k","low_income_share":0.36,"median_year_built":1962,"pre1980":0.59,"owner":0.4,"fuel":{"gas":0.52,"propane":0.16,"electric":0.22,"oil":0.07,"other":0.01,"none":0.01},"dac":true,"dac_share":1,"score":65,"parts":{"volume":25,"fuel":12,"age":11.9,"owner":6.1,"incentive":10.2},"gaps":[]}},{"type":"Feature","geometry":{"type":"Polygon","coordinates":[[[-73.65798,40.69184],[-73.65808,40.69163],[-73.64945,40.68992],[-73.6425,40.70056],[-73.64108,40.70257],[-73.64063,40.70338],[-73.64336,40.70231],[-73.64704,40.70125],[-73.6502,40.69988],[-73.65113,40.6994],[-73.65182,40.69885],[-73.6526,40.69808],[-73.65611,40.69409],[-73.65708,40.69332],[-73.6575,40.69278],[-73.65798,40.69184]]]},"properties":{"geoid":"36059406002","county":"059","county_name":"Nassau","utility":"psegli","utility_split":false,"homes":899,"homes_source":"acs_est","multifamily_5plus_lots":null,"median_income":172656,"income_band":"150k+","low_income_share":0.22,"median_year_built":1948,"pre1980":0.87,"owner":0.73,"fuel":{"gas":0.73,"propane":0.04,"electric":0.08,"oil":0.16,"other":0,"none":0},"dac":false,"dac_share":0,"score":65,"parts":{"volume":25,"fuel":10.4,"age":17.4,"owner":10.9,"incentive":1.7},"gaps":[]}},{"type":"Feature","geometry":{"type":"Polygon","coordinates":[[[-73.62605,40.71144],[-73.62455,40.70825],[-73.61962,40.7095],[-73.61778,40.70959],[-73.61806,40.71227],[-73.62049,40.71165],[-73.62075,40.71229],[-73.6209,40.71293],[-73.6207,40.71776],[-73.62075,40.71944],[-73.62484,40.71851],[-73.62249,40.71243],[-73.62605,40.71144]]]},"properties":{"geoid":"36059406802","county":"059","county_name":"Nassau","utility":"psegli","utility_split":false,"homes":537,"homes_source":"acs_est","multifamily_5plus_lots":null,"median_income":105650,"income_band":"100–150k","low_income_share":0.5,"median_year_built":1963,"pre1980":0.93,"owner":0.21,"fuel":{"gas":0.84,"propane":0.04,"electric":0.08,"oil":0.03,"other":0,"none":0},"dac":true,"dac_share":1,"score":65,"parts":{"volume":23.5,"fuel":8.2,"age":18.7,"owner":3.2,"incentive":11.2},"gaps":[]}},{"type":"Feature","geometry":{"type":"Polygon","coordinates":[[[-73.59917,40.64251],[-73.59926,40.64248],[-73.59886,40.64172],[-73.59864,40.64105],[-73.59878,40.64046],[-73.59916,40.64013],[-73.59804,40.63947],[-73.59862,40.63888],[-73.59875,40.63848],[-73.59853,40.63839],[-73.59808,40.63839],[-73.59771,40.63817],[-73.59761,40.6379],[-73.5977,40.63695],[-73.59728,40.63658],[-73.59733,40.63635],[-73.59775,40.6359],[-73.5979,40.6351],[-73.59783,40.63482],[-73.59734,40.63465],[-73.5965,40.63471],[-73.59613,40.6346],[-73.59343,40.63314],[-73.58774,40.63181],[-73.58636,40.63139],[-73.58577,40.62832],[-73.58628,40.62731],[-73.58567,40.6259],[-73.58247,40.6266],[-73.58274,40.62704],[-73.58617,40.64555],[-73.59277,40.6447],[-73.59917,40.64251]]]},"properties":{"geoid":"36059414501","county":"059","county_name":"Nassau","utility":"psegli","utility_split":false,"homes":1670,"homes_source":"acs_est","multifamily_5plus_lots":null,"median_income":134252,"income_band":"100–150k","low_income_share":0.35,"median_year_built":1961,"pre1980":0.69,"owner":0.91,"fuel":{"gas":0.74,"propane":0.01,"electric":0.08,"oil":0.17,"other":0,"none":0},"dac":false,"dac_share":0,"score":65,"parts":{"volume":25,"fuel":10.1,"age":13.8,"owner":13.6,"incentive":2.6},"gaps":[]}},{"type":"Feature","geometry":{"type":"Polygon","coordinates":[[[-73.6469,40.59499],[-73.64681,40.59445],[-73.64674,40.58864],[-73.63804,40.58872],[-73.63757,40.58879],[-73.63746,40.59516],[-73.63757,40.59584],[-73.64657,40.5957],[-73.6469,40.59499]]]},"properties":{"geoid":"36059416801","county":"059","county_name":"Nassau","utility":"psegli","utility_split":false,"homes":848,"homes_source":"acs_est","multifamily_5plus_lots":null,"median_income":154375,"income_band":"150k+","low_income_share":0.29,"median_year_built":1956,"pre1980":0.88,"owner":0.84,"fuel":{"gas":0.88,"propane":0.02,"electric":0.05,"oil":0.04,"other":0,"none":0},"dac":false,"dac_share":0,"score":65,"parts":{"volume":25,"fuel":7.8,"age":17.6,"owner":12.6,"incentive":2.2},"gaps":[]}},{"type":"Feature","geometry":{"type":"Polygon","coordinates":[[[-73.62031,40.85859],[-73.61986,40.85723],[-73.61952,40.85436],[-73.61927,40.85299],[-73.61893,40.85329],[-73.61417,40.85367],[-73.61447,40.85434],[-73.61454,40.85491],[-73.61281,40.85484],[-73.6119,40.8552],[-73.61137,40.85524],[-73.61133,40.85507],[-73.60823,40.85535],[-73.60848,40.856],[-73.60643,40.85585],[-73.60544,40.85597],[-73.60401,40.85629],[-73.60166,40.85634],[-73.59617,40.85678],[-73.59584,40.85671],[-73.59069,40.85698],[-73.591,40.85806],[-73.59172,40.859],[-73.59191,40.85943],[-73.59194,40.85971],[-73.59251,40.86099],[-73.59259,40.8614],[-73.59256,40.86339],[-73.59367,40.86527],[-73.59381,40.86597],[-73.59979,40.86574],[-73.6023,40.86589],[-73.60533,40.86579],[-73.6058,40.8656],[-73.60649,40.8648],[-73.60691,40.86457],[-73.61004,40.86426],[-73.61216,40.86438],[-73.61449,40.8647],[-73.61677,40.86466],[-73.61766,40.86454],[-73.61838,40.86371],[-73.61882,40.863],[-73.61917,40.86209],[-73.61935,40.86097],[-73.61939,40.86006],[-73.6198,40.8591],[-73.62031,40.85859]]]},"properties":{"geoid":"36059517302","county":"059","county_name":"Nassau","utility":"psegli","utility_split":false,"homes":1472,"homes_source":"acs_est","multifamily_5plus_lots":null,"median_income":105043,"income_band":"100–150k","low_income_share":0.45,"median_year_built":1954,"pre1980":0.91,"owner":0.48,"fuel":{"gas":0.69,"propane":0.02,"electric":0.08,"oil":0.2,"other":0.01,"none":0},"dac":false,"dac_share":0,"score":65,"parts":{"volume":25,"fuel":11,"age":18.2,"owner":7.2,"incentive":3.4},"gaps":[]}},{"type":"Feature","geometry":{"type":"Polygon","coordinates":[[[-73.62642,40.8149],[-73.6265,40.81486],[-73.62396,40.81365],[-73.622,40.81232],[-73.62188,40.81189],[-73.62157,40.8119],[-73.62111,40.81165],[-73.61535,40.81301],[-73.61368,40.81358],[-73.61259,40.81405],[-73.6052,40.81777],[-73.60006,40.81996],[-73.59517,40.82237],[-73.58869,40.82492],[-73.58593,40.82401],[-73.58293,40.82288],[-73.58184,40.82221],[-73.5824,40.82222],[-73.58245,40.82206],[-73.58237,40.82162],[-73.58207,40.82113],[-73.58133,40.82059],[-73.58021,40.81995],[-73.57921,40.81979],[-73.57731,40.819],[-73.57376,40.81679],[-73.56994,40.82094],[-73.56962,40.82154],[-73.56976,40.82218],[-73.57075,40.82377],[-73.5709,40.82417],[-73.57092,40.82515],[-73.57065,40.82814],[-73.56839,40.82781],[-73.56562,40.82689],[-73.56364,40.82655],[-73.56266,40.82602],[-73.56201,40.82577],[-73.55753,40.82485],[-73.55724,40.82472],[-73.55586,40.82359],[-73.55261,40.82173],[-73.55226,40.82134],[-73.55192,40.82055],[-73.55065,40.81952],[-73.54805,40.81812],[-73.54704,40.81736],[-73.54629,40.81532],[-73.54538,40.81415],[-73.54429,40.81203],[-73.54357,40.81012],[-73.54328,40.80908],[-73.54209,40.80769],[-73.54026,40.80582],[-73.53761,40.80409],[-73.53707,40.80384],[-73.53737,40.8014],[-73.53726,40.80134],[-73.53757,40.79863],[-73.53772,40.79784],[-73.538,40.79717],[-73.53812,40.79571],[-73.53833,40.79498],[-73.53805,40.79493],[-73.53445,40.79719],[-73.53355,40.79801],[-73.53045,40.80133],[-73.5289,40.80253],[-73.52712,40.80349],[-73.52158,40.80589],[-73.51789,40.80822],[-73.51745,40.80859],[-73.5158,40.80914],[-73.51418,40.80956],[-73.51441,40.81179],[-73.51436,40.81243],[-73.50997,40.81923],[-73.50943,40.81986],[-73.50662,40.82012],[-73.50647,40.82031],[-73.50671,40.82138],[-73.50715,40.82196],[-73.50778,40.82368],[-73.50575,40.82404],[-73.50661,40.82455],[-73.50679,40.82576],[-73.50684,40.82625],[-73.50609,40.82662],[-73.50971,40.83129],[-73.5106,40.83232],[-73.51273,40.8344],[-73.5153,40.83326],[-73.51967,40.8315],[-73.52127,40.833],[-73.52137,40.8366],[-73.52053,40.83667],[-73.52035,40.83789],[-73.52087,40.8379],[-73.52167,40.8391],[-73.52403,40.83892],[-73.52456,40.83978],[-73.52454,40.84321],[-73.52513,40.84335],[-73.52649,40.84293],[-73.52795,40.84261],[-73.52936,40.84242],[-73.53143,40.8423],[-73.53126,40.84174],[-73.53231,40.84161],[-73.53114,40.83958],[-73.53495,40.83894],[-73.53508,40.83939],[-73.53702,40.83952],[-73.53822,40.84077],[-73.53821,40.84084],[-73.53957,40.84176],[-73.54274,40.84537],[-73.54442,40.84673],[-73.54353,40.84716],[-73.54342,40.8473],[-73.53587,40.85003],[-73.53579,40.85108],[-73.53529,40.8524],[-73.53516,40.85324],[-73.53728,40.85132],[-73.53938,40.85163],[-73.53994,40.85265],[-73.53998,40.85293],[-73.54064,40.85435],[-73.54127,40.85533],[-73.54248,40.85531],[-73.54252,40.85714],[-73.53797,40.85756],[-73.53518,40.8576],[-73.53527,40.85838],[-73.5356,40.8595],[-73.53564,40.86017],[-73.53593,40.86012],[-73.53586,40.85978],[-73.53681,40.85965],[-73.53737,40.86158],[-73.53761,40.86151],[-73.53774,40.86264],[-73.53675,40.86277],[-73.53677,40.86295],[-73.53404,40.86313],[-73.53392,40.86334],[-73.53461,40.86368],[-73.53436,40.86403],[-73.53514,40.86446],[-73.53414,40.86579],[-73.53433,40.86645],[-73.53565,40.8682],[-73.53801,40.86808],[-73.53822,40.8672],[-73.53914,40.86753],[-73.54031,40.86775],[-73.54049,40.86814],[-73.54072,40.868],[-73.54076,40.86778],[-73.54063,40.86744],[-73.54073,40.86725],[-73.5404,40.86702],[-73.54045,40.86536],[-73.54198,40.8652],[-73.54178,40.86627],[-73.54121,40.86689],[-73.54315,40.86761],[-73.54439,40.86797],[-73.54785,40.86836],[-73.54823,40.86865],[-73.54868,40.86934],[-73.54985,40.87024],[-73.55071,40.87168],[-73.55132,40.87226],[-73.55423,40.87076],[-73.55644,40.87045],[-73.55894,40.86958],[-73.56025,40.86941],[-73.56242,40.86488],[-73.56491,40.859],[-73.56823,40.85842],[-73.56841,40.85794],[-73.56936,40.85628],[-73.56998,40.8549],[-73.57083,40.85405],[-73.57137,40.85287],[-73.57182,40.85246],[-73.5736,40.85162],[-73.57581,40.85032],[-73.57792,40.84942],[-73.57947,40.84865],[-73.58026,40.84812],[-73.58103,40.84778],[-73.58146,40.84748],[-73.58267,40.84617],[-73.58294,40.84599],[-73.58585,40.84479],[-73.58646,40.84569],[-73.58706,40.8469],[-73.58773,40.84755],[-73.58826,40.84831],[-73.58838,40.8488],[-73.58848,40.85042],[-73.58859,40.85098],[-73.58904,40.85212],[-73.58989,40.85378],[-73.59025,40.85504],[-73.59444,40.85396],[-73.59836,40.8537],[-73.60041,40.85347],[-73.6001,40.85207],[-73.60012,40.85145],[-73.60001,40.85081],[-73.59944,40.84835],[-73.61584,40.84709],[-73.61564,40.84651],[-73.61549,40.84562],[-73.61548,40.84513],[-73.61572,40.84325],[-73.6156,40.84239],[-73.61506,40.84073],[-73.61466,40.83977],[-73.61431,40.8381],[-73.61394,40.83739],[-73.61601,40.83694],[-73.61788,40.8362],[-73.61919,40.83597],[-73.61979,40.83497],[-73.61901,40.83215],[-73.62084,40.832],[-73.62299,40.83146],[-73.62288,40.83105],[-73.62338,40.83084],[-73.62328,40.83063],[-73.62428,40.83051],[-73.62447,40.83109],[-73.62598,40.83074],[-73.62562,40.82681],[-73.62579,40.82292],[-73.62575,40.8221],[-73.62587,40.82138],[-73.62549,40.81991],[-73.62538,40.81979],[-73.6251,40.81972],[-73.62526,40.81852],[-73.6224,40.81916],[-73.62202,40.81831],[-73.62202,40.81726],[-73.62587,40.81635],[-73.62642,40.8149]]]},"properties":{"geoid":"36059517701","county":"059","county_name":"Nassau","utility":"psegli","utility_split":false,"homes":2658,"homes_source":"acs_est","multifamily_5plus_lots":null,"median_income":246583,"income_band":"150k+","low_income_share":0.18,"median_year_built":1976,"pre1980":0.55,"owner":0.9,"fuel":{"gas":0.53,"propane":0.02,"electric":0.04,"oil":0.39,"other":0.01,"none":0},"dac":false,"dac_share":0,"score":65,"parts":{"volume":25,"fuel":14.3,"age":11,"owner":13.5,"incentive":1.4},"gaps":[]}},{"type":"Feature","geometry":{"type":"Polygon","coordinates":[[[-73.5392,40.77851],[-73.53927,40.77844],[-73.53849,40.77854],[-73.53821,40.77833],[-73.53811,40.77786],[-73.53766,40.7779],[-73.53523,40.77815],[-73.5309,40.77931],[-73.52979,40.77867],[-73.5277,40.77769],[-73.52252,40.78046],[-73.52182,40.77952],[-73.52006,40.78049],[-73.51935,40.78022],[-73.51908,40.78019],[-73.51901,40.78043],[-73.51826,40.78044],[-73.51802,40.78138],[-73.51745,40.78458],[-73.51605,40.7913],[-73.51757,40.79084],[-73.51901,40.79011],[-73.52008,40.78926],[-73.52146,40.78767],[-73.5221,40.78707],[-73.52293,40.78647],[-73.52376,40.78601],[-73.52524,40.78543],[-73.52849,40.78462],[-73.53049,40.78399],[-73.53215,40.78333],[-73.53384,40.78251],[-73.53509,40.78178],[-73.5367,40.78067],[-73.5392,40.77851]]]},"properties":{"geoid":"36059518502","county":"059","county_name":"Nassau","utility":"psegli","utility_split":false,"homes":739,"homes_source":"acs_est","multifamily_5plus_lots":null,"median_income":125547,"income_band":"100–150k","low_income_share":0.36,"median_year_built":1956,"pre1980":0.81,"owner":0.62,"fuel":{"gas":0.66,"propane":0.02,"electric":0.04,"oil":0.25,"other":0.01,"none":0.02},"dac":false,"dac_share":0,"score":65,"parts":{"volume":24.7,"fuel":11.5,"age":16.3,"owner":9.3,"incentive":2.7},"gaps":[]}},{"type":"Feature","geometry":{"type":"Polygon","coordinates":[[[-73.90003,40.74376],[-73.89645,40.74286],[-73.89526,40.74388],[-73.89485,40.74452],[-73.89468,40.7451],[-73.89474,40.74582],[-73.89503,40.74647],[-73.89445,40.74653],[-73.89566,40.74847],[-73.89758,40.7493],[-73.90003,40.74376]]]},"properties":{"geoid":"36081026300","county":"081","county_name":"Queens","utility":"coned","utility_split":false,"homes":363,"homes_source":"pluto","multifamily_5plus_lots":73,"median_income":87232,"income_band":"60–100k","low_income_share":0.57,"median_year_built":1964,"pre1980":0.77,"owner":0.24,"fuel":{"gas":0.82,"propane":0.01,"electric":0.04,"oil":0.04,"other":0.03,"none":0.05},"dac":true,"dac_share":0.95,"score":64,"parts":{"volume":22.1,"fuel":7.4,"age":15.4,"owner":3.6,"incentive":15},"gaps":[]}},{"type":"Feature","geometry":{"type":"Polygon","coordinates":[[[-73.7853,40.69286],[-73.78327,40.68999],[-73.78078,40.69103],[-73.77977,40.68928],[-73.77789,40.68992],[-73.78146,40.69447],[-73.7853,40.69286]]]},"properties":{"geoid":"36081026600","county":"081","county_name":"Queens","utility":"coned","utility_split":false,"homes":285,"homes_source":"pluto","multifamily_5plus_lots":4,"median_income":55441,"income_band":"<60k","low_income_share":0.64,"median_year_built":1966,"pre1980":0.64,"owner":0.37,"fuel":{"gas":0.72,"propane":0,"electric":0.15,"oil":0.1,"other":0.02,"none":0.02},"dac":true,"dac_share":1,"score":64,"parts":{"volume":21.1,"fuel":9,"age":12.8,"owner":5.6,"incentive":15},"gaps":[]}},{"type":"Feature","geometry":{"type":"Polygon","coordinates":[[[-73.87445,40.75286],[-73.8737,40.74872],[-73.86943,40.74916],[-73.87084,40.75154],[-73.87312,40.75074],[-73.87353,40.75296],[-73.87445,40.75286]]]},"properties":{"geoid":"36081027301","county":"081","county_name":"Queens","utility":"coned","utility_split":false,"homes":199,"homes_source":"pluto","multifamily_5plus_lots":23,"median_income":69631,"income_band":"60–100k","low_income_share":0.69,"median_year_built":1941,"pre1980":0.86,"owner":0.22,"fuel":{"gas":0.84,"propane":0.01,"electric":0.05,"oil":0.1,"other":0.01,"none":0},"dac":true,"dac_share":1,"score":64,"parts":{"volume":19.8,"fuel":8.7,"age":17.3,"owner":3.3,"incentive":15},"gaps":[]}},{"type":"Feature","geometry":{"type":"Polygon","coordinates":[[[-73.7513,40.69471],[-73.7517,40.6946],[-73.74979,40.6906],[-73.74957,40.69068],[-73.74869,40.68928],[-73.74812,40.69013],[-73.74722,40.68972],[-73.74711,40.69],[-73.74624,40.69128],[-73.74482,40.69317],[-73.74416,40.69455],[-73.74359,40.69621],[-73.74458,40.69636],[-73.74524,40.69638],[-73.7513,40.69471]]]},"properties":{"geoid":"36081038400","county":"081","county_name":"Queens","utility":"coned","utility_split":false,"homes":623,"homes_source":"pluto","multifamily_5plus_lots":1,"median_income":100337,"income_band":"100–150k","low_income_share":0.5,"median_year_built":1941,"pre1980":0.98,"owner":0.84,"fuel":{"gas":0.88,"propane":0,"electric":0.06,"oil":0.06,"other":0,"none":0},"dac":false,"dac_share":0,"score":64,"parts":{"volume":24.1,"fuel":7.8,"age":19.6,"owner":12.6,"incentive":0},"gaps":[]}},{"type":"Feature","geometry":{"type":"Polygon","coordinates":[[[-73.77547,40.70639],[-73.77563,40.70535],[-73.77504,40.70523],[-73.77231,40.70057],[-73.76994,40.70214],[-73.76838,40.70141],[-73.76699,40.70314],[-73.76657,40.70275],[-73.76725,40.70631],[-73.76826,40.70953],[-73.76844,40.70964],[-73.77356,40.70788],[-73.77514,40.70688],[-73.77547,40.70639]]]},"properties":{"geoid":"36081040400","county":"081","county_name":"Queens","utility":"coned","utility_split":false,"homes":829,"homes_source":"pluto","multifamily_5plus_lots":9,"median_income":87917,"income_band":"60–100k","low_income_share":0.57,"median_year_built":1947,"pre1980":0.96,"owner":0.66,"fuel":{"gas":0.79,"propane":0.02,"electric":0.04,"oil":0.15,"other":0,"none":0},"dac":false,"dac_share":0,"score":64,"parts":{"volume":25,"fuel":9.6,"age":19.3,"owner":9.9,"incentive":0},"gaps":[]}},{"type":"Feature","geometry":{"type":"Polygon","coordinates":[[[-73.85887,40.7444],[-73.85868,40.74403],[-73.8568,40.74386],[-73.85495,40.74333],[-73.85323,40.74175],[-73.85236,40.74137],[-73.85012,40.74072],[-73.85292,40.74617],[-73.85887,40.7444]]]},"properties":{"geoid":"36081042700","county":"081","county_name":"Queens","utility":"coned","utility_split":false,"homes":392,"homes_source":"pluto","multifamily_5plus_lots":39,"median_income":70921,"income_band":"60–100k","low_income_share":0.64,"median_year_built":1957,"pre1980":0.7,"owner":0.28,"fuel":{"gas":0.81,"propane":0.04,"electric":0.09,"oil":0.05,"other":0,"none":0.01},"dac":true,"dac_share":1,"score":64,"parts":{"volume":22.3,"fuel":8.5,"age":14,"owner":4.3,"incentive":15},"gaps":[]}},{"type":"Feature","geometry":{"type":"Polygon","coordinates":[[[-73.79731,40.70927],[-73.79489,40.70546],[-73.79253,40.70636],[-73.78975,40.70717],[-73.79203,40.71107],[-73.79473,40.71001],[-73.79731,40.70927]]]},"properties":{"geoid":"36081046000","county":"081","county_name":"Queens","utility":"coned","utility_split":false,"homes":156,"homes_source":"pluto","multifamily_5plus_lots":30,"median_income":57184,"income_band":"<60k","low_income_share":0.82,"median_year_built":1960,"pre1980":0.91,"owner":0.19,"fuel":{"gas":0.69,"propane":0.05,"electric":0.08,"oil":0.11,"other":0.02,"none":0.06},"dac":true,"dac_share":1,"score":64,"parts":{"volume":18.9,"fuel":9.5,"age":18.1,"owner":2.9,"incentive":15},"gaps":[]}},{"type":"Feature","geometry":{"type":"Polygon","coordinates":[[[-73.79203,40.71107],[-73.78975,40.70717],[-73.78674,40.70789],[-73.78429,40.70793],[-73.7853,40.71006],[-73.78441,40.71028],[-73.78535,40.71228],[-73.78658,40.71197],[-73.78785,40.71181],[-73.78901,40.71207],[-73.78941,40.712],[-73.79203,40.71107]]]},"properties":{"geoid":"36081046200","county":"081","county_name":"Queens","utility":"coned","utility_split":false,"homes":435,"homes_source":"pluto","multifamily_5plus_lots":44,"median_income":60647,"income_band":"60–100k","low_income_share":0.8,"median_year_built":1963,"pre1980":0.77,"owner":0.24,"fuel":{"gas":0.74,"propane":0,"electric":0.1,"oil":0.03,"other":0.02,"none":0.11},"dac":true,"dac_share":1,"score":64,"parts":{"volume":22.7,"fuel":6.8,"age":15.4,"owner":3.6,"incentive":15},"gaps":[]}},{"type":"Feature","geometry":{"type":"Polygon","coordinates":[[[-73.90558,40.72864],[-73.90568,40.72855],[-73.90312,40.72738],[-73.90303,40.72876],[-73.90262,40.72934],[-73.90182,40.7288],[-73.90123,40.72863],[-73.90069,40.72872],[-73.90024,40.72902],[-73.89925,40.72905],[-73.89902,40.73515],[-73.90012,40.73481],[-73.90062,40.73448],[-73.90518,40.72896],[-73.90558,40.72864]]]},"properties":{"geoid":"36081051500","county":"081","county_name":"Queens","utility":"coned","utility_split":false,"homes":500,"homes_source":"pluto","multifamily_5plus_lots":6,"median_income":102833,"income_band":"100–150k","low_income_share":0.49,"median_year_built":1953,"pre1980":0.96,"owner":0.81,"fuel":{"gas":0.79,"propane":0,"electric":0.04,"oil":0.15,"other":0.02,"none":0},"dac":false,"dac_share":0,"score":64,"parts":{"volume":23.2,"fuel":9.4,"age":19.2,"owner":12.2,"incentive":0},"gaps":[]}},{"type":"Feature","geometry":{"type":"Polygon","coordinates":[[[-73.75471,40.70454],[-73.75197,40.69845],[-73.74931,40.69914],[-73.75205,40.70523],[-73.75471,40.70454]]]},"properties":{"geoid":"36081051800","county":"081","county_name":"Queens","utility":"coned","utility_split":false,"homes":485,"homes_source":"pluto","multifamily_5plus_lots":0,"median_income":124423,"income_band":"100–150k","low_income_share":0.4,"median_year_built":1942,"pre1980":0.97,"owner":0.86,"fuel":{"gas":0.84,"propane":0.01,"electric":0.01,"oil":0.13,"other":0,"none":0.01},"dac":false,"dac_share":0,"score":64,"parts":{"volume":23.1,"fuel":8.8,"age":19.4,"owner":13,"incentive":0},"gaps":[]}},{"type":"Feature","geometry":{"type":"Polygon","coordinates":[[[-73.75741,40.70383],[-73.75467,40.69775],[-73.75197,40.69845],[-73.75471,40.70454],[-73.75741,40.70383]]]},"properties":{"geoid":"36081052000","county":"081","county_name":"Queens","utility":"coned","utility_split":false,"homes":370,"homes_source":"pluto","multifamily_5plus_lots":0,"median_income":105163,"income_band":"100–150k","low_income_share":0.44,"median_year_built":1938,"pre1980":1,"owner":0.86,"fuel":{"gas":0.83,"propane":0.01,"electric":0.07,"oil":0.09,"other":0,"none":0},"dac":false,"dac_share":0,"score":64,"parts":{"volume":22.1,"fuel":8.6,"age":20,"owner":12.8,"incentive":0},"gaps":[]}},{"type":"Feature","geometry":{"type":"Polygon","coordinates":[[[-73.75205,40.70523],[-73.74931,40.69914],[-73.75019,40.69891],[-73.74863,40.69544],[-73.74619,40.69612],[-73.75047,40.70564],[-73.75205,40.70523]]]},"properties":{"geoid":"36081053200","county":"081","county_name":"Queens","utility":"coned","utility_split":false,"homes":459,"homes_source":"pluto","multifamily_5plus_lots":0,"median_income":97419,"income_band":"60–100k","low_income_share":0.5,"median_year_built":1944,"pre1980":1,"owner":0.82,"fuel":{"gas":0.85,"propane":0,"electric":0.04,"oil":0.12,"other":0,"none":0},"dac":false,"dac_share":0,"score":64,"parts":{"volume":22.9,"fuel":8.7,"age":20,"owner":12.4,"incentive":0},"gaps":[]}},{"type":"Feature","geometry":{"type":"Polygon","coordinates":[[[-73.90736,40.7008],[-73.9083,40.69988],[-73.90368,40.70041],[-73.9002,40.7005],[-73.90099,40.70245],[-73.90137,40.70234],[-73.90412,40.70397],[-73.90736,40.7008]]]},"properties":{"geoid":"36081055100","county":"081","county_name":"Queens","utility":"coned","utility_split":false,"homes":166,"homes_source":"pluto","multifamily_5plus_lots":213,"median_income":80268,"income_band":"60–100k","low_income_share":0.61,"median_year_built":1938,"pre1980":0.96,"owner":0.07,"fuel":{"gas":0.73,"propane":0.07,"electric":0.07,"oil":0.09,"other":0,"none":0.04},"dac":true,"dac_share":1,"score":64,"parts":{"volume":19.1,"fuel":9.3,"age":19.3,"owner":1.1,"incentive":15},"gaps":[]}},{"type":"Feature","geometry":{"type":"Polygon","coordinates":[[[-73.74561,40.71596],[-73.74395,40.71567],[-73.73491,40.71303],[-73.73554,40.71186],[-73.73356,40.71127],[-73.72998,40.71036],[-73.72938,40.71163],[-73.72697,40.71071],[-73.72918,40.71917],[-73.73033,40.72216],[-73.73257,40.7203],[-73.73319,40.71957],[-73.7353,40.7185],[-73.73696,40.71793],[-73.74561,40.71596]]]},"properties":{"geoid":"36081056800","county":"081","county_name":"Queens","utility":"coned","utility_split":false,"homes":852,"homes_source":"pluto","multifamily_5plus_lots":7,"median_income":101321,"income_band":"100–150k","low_income_share":0.49,"median_year_built":1942,"pre1980":0.97,"owner":0.62,"fuel":{"gas":0.71,"propane":0,"electric":0.11,"oil":0.15,"other":0.03,"none":0},"dac":false,"dac_share":0,"score":64,"parts":{"volume":25,"fuel":10,"age":19.3,"owner":9.3,"incentive":0},"gaps":[]}},{"type":"Feature","geometry":{"type":"Polygon","coordinates":[[[-73.89194,40.70289],[-73.89274,40.70185],[-73.88804,40.70297],[-73.88912,40.7056],[-73.89105,40.70382],[-73.89194,40.70289]]]},"properties":{"geoid":"36081057900","county":"081","county_name":"Queens","utility":"coned","utility_split":false,"homes":118,"homes_source":"pluto","multifamily_5plus_lots":69,"median_income":76023,"income_band":"60–100k","low_income_share":0.65,"median_year_built":1938,"pre1980":0.92,"owner":0.26,"fuel":{"gas":0.75,"propane":0.03,"electric":0.02,"oil":0.12,"other":0.04,"none":0.04},"dac":true,"dac_share":1,"score":64,"parts":{"volume":17.9,"fuel":9.2,"age":18.4,"owner":3.8,"incentive":15},"gaps":[]}},{"type":"Feature","geometry":{"type":"Polygon","coordinates":[[[-73.74214,40.71025],[-73.74122,40.70785],[-73.74125,40.70713],[-73.7418,40.70577],[-73.73982,40.7053],[-73.74078,40.70268],[-73.7343,40.70248],[-73.73413,40.70541],[-73.73264,40.70887],[-73.73575,40.70965],[-73.73582,40.70956],[-73.73663,40.70984],[-73.73554,40.71186],[-73.7364,40.71213],[-73.73645,40.71204],[-73.74214,40.71025]]]},"properties":{"geoid":"36081058200","county":"081","county_name":"Queens","utility":"coned","utility_split":false,"homes":990,"homes_source":"pluto","multifamily_5plus_lots":0,"median_income":123583,"income_band":"100–150k","low_income_share":0.46,"median_year_built":1946,"pre1980":0.97,"owner":0.78,"fuel":{"gas":0.89,"propane":0,"electric":0.03,"oil":0.08,"other":0,"none":0},"dac":false,"dac_share":0,"score":64,"parts":{"volume":25,"fuel":8,"age":19.5,"owner":11.6,"incentive":0},"gaps":[]}},{"type":"Feature","geometry":{"type":"Polygon","coordinates":[[[-73.73664,40.69404],[-73.7323,40.69268],[-73.7314,40.69441],[-73.73052,40.69415],[-73.72965,40.69584],[-73.73488,40.69741],[-73.73664,40.69404]]]},"properties":{"geoid":"36081060000","county":"081","county_name":"Queens","utility":"coned","utility_split":false,"homes":353,"homes_source":"pluto","multifamily_5plus_lots":0,"median_income":129519,"income_band":"100–150k","low_income_share":0.4,"median_year_built":1942,"pre1980":0.95,"owner":0.8,"fuel":{"gas":0.72,"propane":0.04,"electric":0.01,"oil":0.22,"other":0,"none":0},"dac":false,"dac_share":0,"score":64,"parts":{"volume":21.9,"fuel":11.3,"age":19,"owner":12,"incentive":0},"gaps":[]}},{"type":"Feature","geometry":{"type":"Polygon","coordinates":[[[-73.74488,40.67576],[-73.73597,40.67257],[-73.73506,40.67399],[-73.73693,40.67493],[-73.74046,40.67612],[-73.73855,40.67963],[-73.74199,40.68075],[-73.74393,40.67729],[-73.74488,40.67576]]]},"properties":{"geoid":"36081063200","county":"081","county_name":"Queens","utility":"coned","utility_split":false,"homes":567,"homes_source":"pluto","multifamily_5plus_lots":0,"median_income":107672,"income_band":"100–150k","low_income_share":0.45,"median_year_built":1944,"pre1980":0.96,"owner":0.85,"fuel":{"gas":0.82,"propane":0.03,"electric":0.07,"oil":0.07,"other":0.01,"none":0},"dac":false,"dac_share":0,"score":64,"parts":{"volume":23.7,"fuel":8.6,"age":19.1,"owner":12.8,"incentive":0},"gaps":[]}},{"type":"Feature","geometry":{"type":"Polygon","coordinates":[[[-73.87016,40.70921],[-73.86989,40.70851],[-73.8695,40.70787],[-73.86901,40.70677],[-73.86864,40.70663],[-73.86427,40.70669],[-73.86379,40.70333],[-73.86325,40.70339],[-73.85821,40.7056],[-73.85594,40.7064],[-73.85668,40.70769],[-73.85714,40.71099],[-73.8573,40.71147],[-73.85976,40.71184],[-73.85963,40.7136],[-73.86208,40.7122],[-73.86501,40.71078],[-73.86662,40.7104],[-73.87016,40.70921]]]},"properties":{"geoid":"36081063700","county":"081","county_name":"Queens","utility":"coned","utility_split":false,"homes":854,"homes_source":"pluto","multifamily_5plus_lots":3,"median_income":91488,"income_band":"60–100k","low_income_share":0.54,"median_year_built":1938,"pre1980":0.99,"owner":0.68,"fuel":{"gas":0.84,"propane":0,"electric":0.05,"oil":0.11,"other":0,"none":0},"dac":false,"dac_share":0,"score":64,"parts":{"volume":25,"fuel":8.5,"age":19.9,"owner":10.2,"incentive":0},"gaps":[]}},{"type":"Feature","geometry":{"type":"Polygon","coordinates":[[[-73.85777,40.71646],[-73.85745,40.71371],[-73.8573,40.71147],[-73.85575,40.71123],[-73.85223,40.71681],[-73.85655,40.71839],[-73.85777,40.71646]]]},"properties":{"geoid":"36081070700","county":"081","county_name":"Queens","utility":"coned","utility_split":false,"homes":642,"homes_source":"pluto","multifamily_5plus_lots":4,"median_income":138237,"income_band":"100–150k","low_income_share":0.37,"median_year_built":1946,"pre1980":0.98,"owner":0.82,"fuel":{"gas":0.88,"propane":0.02,"electric":0.06,"oil":0.04,"other":0,"none":0},"dac":false,"dac_share":0,"score":64,"parts":{"volume":24.2,"fuel":7.7,"age":19.7,"owner":12.3,"incentive":0},"gaps":[]}},{"type":"Feature","geometry":{"type":"Polygon","coordinates":[[[-73.85307,40.80011],[-73.84843,40.79276],[-73.84607,40.78805],[-73.84008,40.78785],[-73.83992,40.79065],[-73.83901,40.79062],[-73.83896,40.79144],[-73.84082,40.79151],[-73.84068,40.79391],[-73.84007,40.79364],[-73.83926,40.79306],[-73.83828,40.79278],[-73.83663,40.79252],[-73.83843,40.79679],[-73.83904,40.79705],[-73.83235,40.79637],[-73.83541,40.8022],[-73.84408,40.80102],[-73.84665,40.80102],[-73.85307,40.80011]]]},"properties":{"geoid":"36081093900","county":"081","county_name":"Queens","utility":"coned","utility_split":false,"homes":860,"homes_source":"pluto","multifamily_5plus_lots":10,"median_income":79471,"income_band":"60–100k","low_income_share":0.62,"median_year_built":1984,"pre1980":0.41,"owner":0.38,"fuel":{"gas":0.74,"propane":0.06,"electric":0.06,"oil":0.14,"other":0,"none":0},"dac":true,"dac_share":1,"score":64,"parts":{"volume":25,"fuel":10.4,"age":8.1,"owner":5.8,"incentive":15},"gaps":[]}},{"type":"Feature","geometry":{"type":"Polygon","coordinates":[[[-73.82134,40.58126],[-73.82057,40.57983],[-73.81671,40.57605],[-73.81405,40.57675],[-73.80953,40.57779],[-73.80047,40.58016],[-73.80134,40.58541],[-73.80166,40.58624],[-73.80199,40.58887],[-73.80431,40.58833],[-73.81305,40.58734],[-73.81464,40.58678],[-73.81723,40.58569],[-73.81599,40.5837],[-73.8157,40.58343],[-73.81584,40.58328],[-73.81564,40.58281],[-73.81838,40.58208],[-73.81939,40.58173],[-73.82134,40.58126]]]},"properties":{"geoid":"36081094203","county":"081","county_name":"Queens","utility":"psegli","utility_split":false,"homes":140,"homes_source":"pluto","multifamily_5plus_lots":15,"median_income":48482,"income_band":"<60k","low_income_share":0.7,"median_year_built":1965,"pre1980":0.84,"owner":0.47,"fuel":{"gas":0.76,"propane":0.08,"electric":0.07,"oil":0.04,"other":0.01,"none":0.04},"dac":true,"dac_share":1,"score":64,"parts":{"volume":18.5,"fuel":8.8,"age":16.8,"owner":7,"incentive":12.7},"gaps":[]}},{"type":"Feature","geometry":{"type":"Polygon","coordinates":[[[-73.75321,40.59732],[-73.75318,40.59288],[-73.75277,40.59239],[-73.75237,40.59123],[-73.75259,40.59018],[-73.75237,40.58797],[-73.74775,40.5915],[-73.74447,40.5929],[-73.74338,40.59285],[-73.74359,40.59466],[-73.74455,40.59787],[-73.7454,40.60195],[-73.74666,40.60174],[-73.75065,40.59885],[-73.75248,40.59925],[-73.75321,40.59732]]]},"properties":{"geoid":"36081101004","county":"081","county_name":"Queens","utility":"psegli","utility_split":false,"homes":377,"homes_source":"pluto","multifamily_5plus_lots":18,"median_income":48236,"income_band":"<60k","low_income_share":0.89,"median_year_built":1968,"pre1980":0.78,"owner":0.22,"fuel":{"gas":0.79,"propane":0.04,"electric":0.03,"oil":0.07,"other":0.03,"none":0.04},"dac":true,"dac_share":1,"score":64,"parts":{"volume":22.2,"fuel":8.4,"age":15.7,"owner":3.3,"incentive":14.2},"gaps":[]}},{"type":"Feature","geometry":{"type":"Polygon","coordinates":[[[-73.78459,40.77614],[-73.78453,40.77441],[-73.78442,40.77355],[-73.78413,40.77237],[-73.78373,40.77136],[-73.77886,40.7728],[-73.77754,40.77309],[-73.77721,40.77153],[-73.77,40.77301],[-73.76965,40.77203],[-73.77202,40.7715],[-73.77182,40.77068],[-73.77097,40.77084],[-73.77064,40.76964],[-73.76892,40.76997],[-73.76798,40.77023],[-73.76712,40.77062],[-73.76603,40.7713],[-73.76478,40.77149],[-73.76368,40.77184],[-73.76414,40.77225],[-73.76378,40.77252],[-73.76189,40.77094],[-73.75917,40.77189],[-73.75958,40.774],[-73.7603,40.77692],[-73.76014,40.78067],[-73.76816,40.77813],[-73.76864,40.77909],[-73.77554,40.77703],[-73.77584,40.77861],[-73.77948,40.77766],[-73.78459,40.77614]]]},"properties":{"geoid":"36081109300","county":"081","county_name":"Queens","utility":"coned","utility_split":false,"homes":1009,"homes_source":"pluto","multifamily_5plus_lots":1,"median_income":125536,"income_band":"100–150k","low_income_share":0.44,"median_year_built":1959,"pre1980":0.83,"owner":0.95,"fuel":{"gas":0.86,"propane":0.02,"electric":0.04,"oil":0.08,"other":0,"none":0},"dac":false,"dac_share":0,"score":64,"parts":{"volume":25,"fuel":8.3,"age":16.5,"owner":14.2,"incentive":0},"gaps":[]}},{"type":"Feature","geometry":{"type":"Polygon","coordinates":[[[-73.81274,40.75294],[-73.81151,40.75045],[-73.80914,40.75027],[-73.80891,40.75193],[-73.80798,40.75186],[-73.80732,40.75662],[-73.81012,40.75684],[-73.81067,40.75277],[-73.81274,40.75294]]]},"properties":{"geoid":"36081119900","county":"081","county_name":"Queens","utility":"coned","utility_split":false,"homes":353,"homes_source":"pluto","multifamily_5plus_lots":0,"median_income":123519,"income_band":"100–150k","low_income_share":0.38,"median_year_built":1941,"pre1980":0.96,"owner":0.94,"fuel":{"gas":0.75,"propane":0.01,"electric":0.07,"oil":0.09,"other":0.08,"none":0},"dac":false,"dac_share":0,"score":64,"parts":{"volume":21.9,"fuel":9.1,"age":19.1,"owner":14.1,"incentive":0},"gaps":[]}},{"type":"Feature","geometry":{"type":"Polygon","coordinates":[[[-73.82085,40.75224],[-73.81654,40.74826],[-73.81333,40.75037],[-73.81772,40.75428],[-73.82085,40.75224]]]},"properties":{"geoid":"36081120500","county":"081","county_name":"Queens","utility":"coned","utility_split":false,"homes":347,"homes_source":"pluto","multifamily_5plus_lots":10,"median_income":26563,"income_band":"<60k","low_income_share":0.79,"median_year_built":1960,"pre1980":0.67,"owner":0.28,"fuel":{"gas":0.65,"propane":0.05,"electric":0.16,"oil":0.07,"other":0.01,"none":0.05},"dac":true,"dac_share":1,"score":64,"parts":{"volume":21.9,"fuel":9.4,"age":13.4,"owner":4.3,"incentive":15},"gaps":[]}},{"type":"Feature","geometry":{"type":"Polygon","coordinates":[[[-73.80467,40.73845],[-73.80466,40.73811],[-73.80273,40.73808],[-73.80294,40.73486],[-73.80385,40.7349],[-73.80406,40.73164],[-73.79866,40.73143],[-73.79856,40.73286],[-73.79428,40.7327],[-73.79454,40.73316],[-73.79463,40.7336],[-73.79459,40.73505],[-73.79512,40.73641],[-73.7963,40.73833],[-73.79741,40.73826],[-73.80467,40.73845]]]},"properties":{"geoid":"36081122300","county":"081","county_name":"Queens","utility":"coned","utility_split":false,"homes":819,"homes_source":"pluto","multifamily_5plus_lots":10,"median_income":96313,"income_band":"60–100k","low_income_share":0.59,"median_year_built":1957,"pre1980":0.84,"owner":0.79,"fuel":{"gas":0.72,"propane":0.06,"electric":0.1,"oil":0.13,"other":0,"none":0},"dac":false,"dac_share":0,"score":64,"parts":{"volume":25,"fuel":10.4,"age":16.8,"owner":11.8,"incentive":0},"gaps":[]}},{"type":"Feature","geometry":{"type":"Polygon","coordinates":[[[-73.78943,40.75785],[-73.78889,40.75188],[-73.78635,40.74654],[-73.77831,40.74874],[-73.78053,40.75333],[-73.78423,40.75273],[-73.7861,40.75253],[-73.78699,40.75226],[-73.78758,40.7579],[-73.78943,40.75785]]]},"properties":{"geoid":"36081142900","county":"081","county_name":"Queens","utility":"coned","utility_split":false,"homes":1021,"homes_source":"pluto","multifamily_5plus_lots":0,"median_income":100864,"income_band":"100–150k","low_income_share":0.49,"median_year_built":1951,"pre1980":0.88,"owner":0.76,"fuel":{"gas":0.71,"propane":0.05,"electric":0.06,"oil":0.14,"other":0.03,"none":0.01},"dac":false,"dac_share":0,"score":64,"parts":{"volume":25,"fuel":10.2,"age":17.6,"owner":11.4,"incentive":0},"gaps":[]}},{"type":"Feature","geometry":{"type":"Polygon","coordinates":[[[-73.76828,40.75826],[-73.76715,40.75565],[-73.76615,40.75575],[-73.76547,40.75437],[-73.76457,40.75351],[-73.7656,40.75322],[-73.76387,40.75222],[-73.76276,40.75194],[-73.76149,40.75174],[-73.75964,40.75226],[-73.75944,40.7524],[-73.75981,40.75263],[-73.76005,40.75289],[-73.7608,40.75455],[-73.76145,40.75515],[-73.76193,40.75577],[-73.76177,40.75728],[-73.7624,40.7595],[-73.76828,40.75826]]]},"properties":{"geoid":"36081144100","county":"081","county_name":"Queens","utility":"coned","utility_split":false,"homes":580,"homes_source":"pluto","multifamily_5plus_lots":6,"median_income":111410,"income_band":"100–150k","low_income_share":0.39,"median_year_built":1954,"pre1980":0.95,"owner":0.78,"fuel":{"gas":0.77,"propane":0,"electric":0.1,"oil":0.12,"other":0,"none":0.01},"dac":false,"dac_share":0,"score":64,"parts":{"volume":23.8,"fuel":9.2,"age":19,"owner":11.7,"incentive":0},"gaps":[]}},{"type":"Feature","geometry":{"type":"Polygon","coordinates":[[[-73.73186,40.76054],[-73.73168,40.76033],[-73.73098,40.75884],[-73.7284,40.7552],[-73.72623,40.75259],[-73.72576,40.75219],[-73.72377,40.75342],[-73.72293,40.75413],[-73.72211,40.75521],[-73.72149,40.75643],[-73.72118,40.75687],[-73.72044,40.75766],[-73.7195,40.7584],[-73.71877,40.7588],[-73.71778,40.7592],[-73.71699,40.75943],[-73.7155,40.75965],[-73.71333,40.75973],[-73.72106,40.7645],[-73.72409,40.76416],[-73.72549,40.76384],[-73.72664,40.76345],[-73.72837,40.76264],[-73.73032,40.76139],[-73.73186,40.76054]]]},"properties":{"geoid":"36081152902","county":"081","county_name":"Queens","utility":"coned","utility_split":false,"homes":749,"homes_source":"pluto","multifamily_5plus_lots":9,"median_income":129832,"income_band":"100–150k","low_income_share":0.32,"median_year_built":1956,"pre1980":0.87,"owner":0.79,"fuel":{"gas":0.7,"propane":0,"electric":0.17,"oil":0.12,"other":0,"none":0.01},"dac":false,"dac_share":0,"score":64,"parts":{"volume":24.8,"fuel":9.5,"age":17.4,"owner":11.9,"incentive":0},"gaps":[]}},{"type":"Feature","geometry":{"type":"Polygon","coordinates":[[[-73.73714,40.72897],[-73.73715,40.72873],[-73.73149,40.72742],[-73.7299,40.72327],[-73.72836,40.72361],[-73.72817,40.72309],[-73.72454,40.72441],[-73.72331,40.73035],[-73.72572,40.73065],[-73.72719,40.73101],[-73.72781,40.73106],[-73.72796,40.73078],[-73.7298,40.73092],[-73.73194,40.73093],[-73.73128,40.73271],[-73.73526,40.73345],[-73.73571,40.7326],[-73.73714,40.72897]]]},"properties":{"geoid":"36081162100","county":"081","county_name":"Queens","utility":"coned","utility_split":false,"homes":1311,"homes_source":"pluto","multifamily_5plus_lots":3,"median_income":121101,"income_band":"100–150k","low_income_share":0.41,"median_year_built":1947,"pre1980":0.93,"owner":0.57,"fuel":{"gas":0.58,"propane":0.08,"electric":0.16,"oil":0.18,"other":0,"none":0},"dac":false,"dac_share":0,"score":64,"parts":{"volume":25,"fuel":12.2,"age":18.5,"owner":8.6,"incentive":0},"gaps":[]}},{"type":"Feature","geometry":{"type":"Polygon","coordinates":[[[-73.73645,40.81119],[-73.73546,40.80808],[-73.73524,40.80572],[-73.73528,40.80454],[-73.73539,40.80417],[-73.73587,40.80337],[-73.73603,40.80266],[-73.73582,40.80206],[-73.73542,40.80143],[-73.73431,40.80041],[-73.73409,40.80001],[-73.73409,40.79968],[-73.73475,40.7985],[-73.73487,40.79808],[-73.73485,40.79781],[-73.73445,40.79713],[-73.73408,40.79526],[-73.73269,40.7953],[-73.73261,40.7951],[-73.73216,40.79518],[-73.73222,40.79556],[-73.73211,40.7956],[-73.73127,40.79556],[-73.72755,40.79594],[-73.72833,40.79977],[-73.72742,40.79997],[-73.72462,40.80023],[-73.72439,40.79909],[-73.72363,40.79912],[-73.72349,40.7992],[-73.7199,40.79961],[-73.7197,40.79856],[-73.71997,40.79753],[-73.71994,40.79684],[-73.7198,40.79693],[-73.71727,40.79719],[-73.71719,40.79721],[-73.71729,40.79726],[-73.71588,40.79745],[-73.71573,40.79618],[-73.71553,40.79617],[-73.71551,40.79593],[-73.71552,40.79585],[-73.71567,40.79587],[-73.71561,40.7956],[-73.71586,40.79559],[-73.71574,40.79487],[-73.71591,40.79479],[-73.7144,40.79499],[-73.71401,40.79522],[-73.71283,40.79515],[-73.71273,40.79507],[-73.71011,40.7952],[-73.7105,40.79665],[-73.71158,40.7983],[-73.71158,40.7995],[-73.71218,40.8011],[-73.71258,40.8019],[-73.71414,40.80126],[-73.71502,40.80133],[-73.7178,40.80065],[-73.7183,40.80063],[-73.7185,40.80078],[-73.71922,40.80097],[-73.71914,40.80144],[-73.7195,40.80353],[-73.7207,40.80341],[-73.72159,40.80358],[-73.72168,40.80407],[-73.72085,40.80473],[-73.72166,40.8052],[-73.72193,40.8065],[-73.72283,40.80632],[-73.72304,40.8074],[-73.7278,40.80691],[-73.72807,40.80762],[-73.73088,40.8073],[-73.73118,40.80784],[-73.73131,40.80782],[-73.73134,40.808],[-73.73122,40.80801],[-73.73153,40.80962],[-73.7311,40.80968],[-73.73125,40.81099],[-73.73411,40.81064],[-73.7342,40.81108],[-73.73628,40.81157],[-73.73645,40.81119]]]},"properties":{"geoid":"36059300400","county":"059","county_name":"Nassau","utility":"psegli","utility_split":false,"homes":1580,"homes_source":"acs_est","multifamily_5plus_lots":null,"median_income":152714,"income_band":"150k+","low_income_share":0.33,"median_year_built":1951,"pre1980":0.82,"owner":0.75,"fuel":{"gas":0.81,"propane":0.07,"electric":0.04,"oil":0.07,"other":0.01,"none":0},"dac":false,"dac_share":0,"score":64,"parts":{"volume":25,"fuel":9.2,"age":16.3,"owner":11.2,"incentive":2.5},"gaps":[]}},{"type":"Feature","geometry":{"type":"Polygon","coordinates":[[[-73.69527,40.79984],[-73.69571,40.79934],[-73.68896,40.80035],[-73.68921,40.80165],[-73.68757,40.80197],[-73.68589,40.802],[-73.68565,40.80119],[-73.67278,40.8035],[-73.67152,40.80259],[-73.66862,40.80278],[-73.66917,40.80039],[-73.66926,40.79931],[-73.66934,40.79917],[-73.66902,40.79716],[-73.66317,40.79851],[-73.66235,40.79885],[-73.66179,40.79877],[-73.66104,40.79884],[-73.65946,40.79975],[-73.65924,40.7997],[-73.65913,40.80064],[-73.65902,40.80072],[-73.65907,40.80157],[-73.65875,40.80157],[-73.65856,40.80102],[-73.6575,40.80181],[-73.65577,40.8029],[-73.65448,40.80321],[-73.65386,40.80315],[-73.65408,40.8043],[-73.65325,40.80414],[-73.65296,40.80398],[-73.65264,40.80357],[-73.65291,40.805],[-73.65303,40.80509],[-73.65336,40.80628],[-73.65325,40.80644],[-73.65617,40.8068],[-73.66187,40.80511],[-73.66341,40.80887],[-73.66412,40.80878],[-73.66495,40.81006],[-73.66492,40.81058],[-73.66558,40.8105],[-73.66677,40.8147],[-73.66907,40.8143],[-73.66964,40.8155],[-73.67125,40.8156],[-73.67164,40.8162],[-73.67558,40.8159],[-73.68018,40.81538],[-73.67986,40.8165],[-73.67982,40.8173],[-73.68773,40.81644],[-73.6885,40.81593],[-73.69264,40.81433],[-73.69353,40.81379],[-73.69421,40.81314],[-73.69467,40.81245],[-73.68971,40.8131],[-73.68885,40.81085],[-73.6896,40.81074],[-73.6894,40.81014],[-73.68869,40.81024],[-73.68825,40.80875],[-73.68861,40.80882],[-73.68738,40.80525],[-73.68894,40.80492],[-73.69319,40.80431],[-73.69469,40.80424],[-73.69536,40.80409],[-73.6949,40.8025],[-73.69481,40.80158],[-73.69486,40.80075],[-73.69504,40.80021],[-73.69527,40.79984]]]},"properties":{"geoid":"36059301600","county":"059","county_name":"Nassau","utility":"psegli","utility_split":false,"homes":1533,"homes_source":"acs_est","multifamily_5plus_lots":null,"median_income":250001,"income_band":"150k+","low_income_share":0.14,"median_year_built":1958,"pre1980":0.7,"owner":0.94,"fuel":{"gas":0.73,"propane":0.02,"electric":0.05,"oil":0.18,"other":0.02,"none":0},"dac":false,"dac_share":0,"score":64,"parts":{"volume":25,"fuel":10.4,"age":13.9,"owner":14.1,"incentive":1},"gaps":[]}},{"type":"Feature","geometry":{"type":"Polygon","coordinates":[[[-73.54286,40.86796],[-73.54303,40.86756],[-73.54121,40.86689],[-73.54178,40.86627],[-73.54198,40.8652],[-73.54045,40.86536],[-73.5404,40.86702],[-73.54073,40.86725],[-73.54063,40.86744],[-73.54076,40.86778],[-73.54072,40.868],[-73.54049,40.86814],[-73.54031,40.86775],[-73.53914,40.86753],[-73.53822,40.8672],[-73.53801,40.86808],[-73.53565,40.8682],[-73.53433,40.86645],[-73.53414,40.86579],[-73.53514,40.86446],[-73.53436,40.86403],[-73.53461,40.86368],[-73.53392,40.86334],[-73.53404,40.86313],[-73.53677,40.86295],[-73.53675,40.86277],[-73.53774,40.86264],[-73.53761,40.86151],[-73.53737,40.86158],[-73.53681,40.85965],[-73.53586,40.85978],[-73.53593,40.86012],[-73.53564,40.86017],[-73.5356,40.8595],[-73.53527,40.85838],[-73.53518,40.8576],[-73.53797,40.85756],[-73.54252,40.85714],[-73.54248,40.85531],[-73.54127,40.85533],[-73.54064,40.85435],[-73.53998,40.85293],[-73.53994,40.85265],[-73.53938,40.85163],[-73.53728,40.85132],[-73.53516,40.85324],[-73.53519,40.85297],[-73.53492,40.85276],[-73.53454,40.85206],[-73.53281,40.8498],[-73.53153,40.85027],[-73.52827,40.85099],[-73.5276,40.85159],[-73.52806,40.85193],[-73.52827,40.85226],[-73.52886,40.85453],[-73.52888,40.85503],[-73.5292,40.85511],[-73.52918,40.85544],[-73.52966,40.85732],[-73.52906,40.85736],[-73.52857,40.85725],[-73.52833,40.85766],[-73.52881,40.86072],[-73.5279,40.86291],[-73.52704,40.86257],[-73.52418,40.86223],[-73.52304,40.86173],[-73.52215,40.86112],[-73.52207,40.86188],[-73.52272,40.86312],[-73.52319,40.86349],[-73.52459,40.86397],[-73.52501,40.86422],[-73.52555,40.86487],[-73.52562,40.86516],[-73.52559,40.86555],[-73.52526,40.8663],[-73.5242,40.86756],[-73.52413,40.86781],[-73.52413,40.8684],[-73.52195,40.86877],[-73.52243,40.86925],[-73.52272,40.86976],[-73.5229,40.871],[-73.52217,40.87098],[-73.51767,40.8837],[-73.53147,40.8813],[-73.53527,40.87998],[-73.54255,40.87642],[-73.5424,40.87605],[-73.54233,40.87552],[-73.54199,40.87507],[-73.54142,40.87451],[-73.54142,40.8741],[-73.54127,40.87374],[-73.54134,40.87306],[-73.54125,40.87248],[-73.54286,40.86796]]]},"properties":{"geoid":"36059518000","county":"059","county_name":"Nassau","utility":"psegli","utility_split":false,"homes":1873,"homes_source":"acs_est","multifamily_5plus_lots":null,"median_income":111264,"income_band":"100–150k","low_income_share":0.42,"median_year_built":1957,"pre1980":0.86,"owner":0.58,"fuel":{"gas":0.78,"propane":0.05,"electric":0.06,"oil":0.11,"other":0,"none":0},"dac":false,"dac_share":0,"score":64,"parts":{"volume":25,"fuel":9.7,"age":17.1,"owner":8.8,"incentive":3.2},"gaps":[]}},{"type":"Feature","geometry":{"type":"Polygon","coordinates":[[[-73.49169,40.80995],[-73.49171,40.80942],[-73.49125,40.80668],[-73.48796,40.79687],[-73.48951,40.79563],[-73.48987,40.79522],[-73.48402,40.7949],[-73.48255,40.79502],[-73.48114,40.7953],[-73.47976,40.79576],[-73.47882,40.79618],[-73.47701,40.79717],[-73.47529,40.79789],[-73.47435,40.7982],[-73.4716,40.79879],[-73.4695,40.79896],[-73.46754,40.79899],[-73.46659,40.7991],[-73.46481,40.79958],[-73.46393,40.79998],[-73.46301,40.80053],[-73.46227,40.80115],[-73.46104,40.80242],[-73.45956,40.8035],[-73.45862,40.804],[-73.45688,40.80465],[-73.45436,40.80523],[-73.45232,40.80544],[-73.45058,40.80535],[-73.44876,40.805],[-73.44877,40.80532],[-73.45162,40.81973],[-73.45637,40.81898],[-73.46572,40.81646],[-73.49163,40.81178],[-73.49169,40.80995]]]},"properties":{"geoid":"36059518204","county":"059","county_name":"Nassau","utility":"psegli","utility_split":false,"homes":1568,"homes_source":"acs_est","multifamily_5plus_lots":null,"median_income":206912,"income_band":"150k+","low_income_share":0.24,"median_year_built":1980,"pre1980":0.5,"owner":0.94,"fuel":{"gas":0.52,"propane":0.02,"electric":0.21,"oil":0.26,"other":0,"none":0},"dac":false,"dac_share":0,"score":64,"parts":{"volume":25,"fuel":12.7,"age":10,"owner":14.2,"incentive":1.8},"gaps":[]}},{"type":"Feature","geometry":{"type":"Polygon","coordinates":[[[-73.46302,40.72952],[-73.46079,40.73039],[-73.45716,40.73113],[-73.44761,40.73265],[-73.43765,40.7341],[-73.43558,40.73463],[-73.43824,40.73752],[-73.43863,40.73741],[-73.43896,40.73815],[-73.43992,40.73906],[-73.44064,40.73975],[-73.44138,40.74001],[-73.44689,40.73965],[-73.45324,40.73949],[-73.45485,40.73936],[-73.45539,40.73941],[-73.45638,40.7389],[-73.45781,40.73868],[-73.45785,40.73918],[-73.45856,40.73894],[-73.45893,40.73864],[-73.45932,40.73805],[-73.45989,40.73687],[-73.45868,40.73595],[-73.45941,40.7354],[-73.46104,40.73496],[-73.46033,40.73401],[-73.46078,40.73316],[-73.46233,40.73104],[-73.46302,40.72952]]]},"properties":{"geoid":"36059520401","county":"059","county_name":"Nassau","utility":"psegli","utility_split":false,"homes":962,"homes_source":"acs_est","multifamily_5plus_lots":null,"median_income":114886,"income_band":"100–150k","low_income_share":0.38,"median_year_built":1966,"pre1980":0.64,"owner":0.7,"fuel":{"gas":0.53,"propane":0.01,"electric":0.15,"oil":0.29,"other":0,"none":0.01},"dac":false,"dac_share":0,"score":64,"parts":{"volume":25,"fuel":12.7,"age":12.8,"owner":10.4,"incentive":2.9},"gaps":[]}},{"type":"Feature","geometry":{"type":"Polygon","coordinates":[[[-73.85392,40.67969],[-73.85326,40.67973],[-73.85247,40.67558],[-73.84421,40.67676],[-73.84364,40.67674],[-73.84405,40.67805],[-73.84417,40.6788],[-73.84438,40.67877],[-73.84463,40.67984],[-73.84493,40.68027],[-73.84472,40.68028],[-73.84472,40.68071],[-73.85198,40.68256],[-73.85099,40.68057],[-73.85392,40.67969]]]},"properties":{"geoid":"36081005400","county":"081","county_name":"Queens","utility":"coned","utility_split":false,"homes":1037,"homes_source":"pluto","multifamily_5plus_lots":5,"median_income":78633,"income_band":"60–100k","low_income_share":0.62,"median_year_built":1938,"pre1980":0.98,"owner":0.68,"fuel":{"gas":0.85,"propane":0.04,"electric":0.02,"oil":0.07,"other":0.01,"none":0.02},"dac":false,"dac_share":0,"score":63,"parts":{"volume":25,"fuel":8.4,"age":19.6,"owner":10.2,"incentive":0},"gaps":[]}},{"type":"Feature","geometry":{"type":"Polygon","coordinates":[[[-73.9293,40.7585],[-73.9277,40.75775],[-73.92896,40.75621],[-73.92416,40.75396],[-73.92166,40.75705],[-73.92805,40.76005],[-73.9293,40.7585]]]},"properties":{"geoid":"36081005700","county":"081","county_name":"Queens","utility":"coned","utility_split":false,"homes":178,"homes_source":"pluto","multifamily_5plus_lots":86,"median_income":94142,"income_band":"60–100k","low_income_share":0.55,"median_year_built":1938,"pre1980":0.86,"owner":0.09,"fuel":{"gas":0.64,"propane":0.02,"electric":0.13,"oil":0.15,"other":0,"none":0.05},"dac":true,"dac_share":1,"score":63,"parts":{"volume":19.4,"fuel":10,"age":17.2,"owner":1.4,"incentive":15},"gaps":[]}},{"type":"Feature","geometry":{"type":"Polygon","coordinates":[[[-73.83506,40.68302],[-73.83537,40.68284],[-73.83333,40.67866],[-73.82884,40.67769],[-73.83211,40.68436],[-73.83379,40.68369],[-73.83506,40.68302]]]},"properties":{"geoid":"36081009600","county":"081","county_name":"Queens","utility":"coned","utility_split":false,"homes":590,"homes_source":"pluto","multifamily_5plus_lots":2,"median_income":124423,"income_band":"100–150k","low_income_share":0.29,"median_year_built":1938,"pre1980":0.92,"owner":0.8,"fuel":{"gas":0.81,"propane":0.06,"electric":0.01,"oil":0.08,"other":0.02,"none":0.03},"dac":false,"dac_share":0,"score":63,"parts":{"volume":23.9,"fuel":8.8,"age":18.3,"owner":12,"incentive":0},"gaps":[]}},{"type":"Feature","geometry":{"type":"Polygon","coordinates":[[[-73.91354,40.75347],[-73.91045,40.75296],[-73.91023,40.75298],[-73.90995,40.75322],[-73.90901,40.75428],[-73.90846,40.75529],[-73.90783,40.757],[-73.90753,40.75804],[-73.90631,40.75984],[-73.90779,40.76052],[-73.90989,40.75795],[-73.91068,40.75832],[-73.91261,40.75597],[-73.91176,40.75557],[-73.91354,40.75347]]]},"properties":{"geoid":"36081016300","county":"081","county_name":"Queens","utility":"coned","utility_split":false,"homes":124,"homes_source":"pluto","multifamily_5plus_lots":22,"median_income":35237,"income_band":"<60k","low_income_share":0.79,"median_year_built":1945,"pre1980":1,"owner":0.09,"fuel":{"gas":0.69,"propane":0.02,"electric":0.05,"oil":0.11,"other":0.03,"none":0.1},"dac":true,"dac_share":1,"score":63,"parts":{"volume":18.1,"fuel":8.5,"age":20,"owner":1.3,"incentive":15},"gaps":[]}},{"type":"Feature","geometry":{"type":"Polygon","coordinates":[[[-73.89143,40.74684],[-73.89072,40.74313],[-73.8871,40.74368],[-73.88538,40.74385],[-73.88509,40.74397],[-73.8838,40.74593],[-73.88549,40.74579],[-73.88579,40.74744],[-73.89143,40.74684]]]},"properties":{"geoid":"36081026700","county":"081","county_name":"Queens","utility":"coned","utility_split":false,"homes":201,"homes_source":"pluto","multifamily_5plus_lots":49,"median_income":58274,"income_band":"<60k","low_income_share":0.76,"median_year_built":1958,"pre1980":0.84,"owner":0.12,"fuel":{"gas":0.71,"propane":0.02,"electric":0.16,"oil":0.08,"other":0.03,"none":0},"dac":true,"dac_share":1,"score":63,"parts":{"volume":19.8,"fuel":9.2,"age":16.8,"owner":1.7,"incentive":15},"gaps":[]}},{"type":"Feature","geometry":{"type":"Polygon","coordinates":[[[-73.76858,40.69703],[-73.76883,40.6969],[-73.76171,40.69587],[-73.76159,40.6959],[-73.76174,40.69665],[-73.76229,40.69802],[-73.76301,40.69934],[-73.76377,40.70026],[-73.76508,40.70143],[-73.76858,40.69703]]]},"properties":{"geoid":"36081040000","county":"081","county_name":"Queens","utility":"coned","utility_split":false,"homes":336,"homes_source":"pluto","multifamily_5plus_lots":0,"median_income":112560,"income_band":"100–150k","low_income_share":0.46,"median_year_built":1938,"pre1980":0.95,"owner":0.76,"fuel":{"gas":0.72,"propane":0,"electric":0.08,"oil":0.2,"other":0,"none":0},"dac":false,"dac_share":0,"score":63,"parts":{"volume":21.8,"fuel":10.5,"age":19,"owner":11.4,"incentive":0},"gaps":[]}},{"type":"Feature","geometry":{"type":"Polygon","coordinates":[[[-73.85876,40.75072],[-73.85732,40.74792],[-73.85442,40.74881],[-73.85583,40.75158],[-73.85876,40.75072]]]},"properties":{"geoid":"36081040101","county":"081","county_name":"Queens","utility":"coned","utility_split":false,"homes":205,"homes_source":"pluto","multifamily_5plus_lots":31,"median_income":60338,"income_band":"60–100k","low_income_share":0.67,"median_year_built":1957,"pre1980":0.77,"owner":0.31,"fuel":{"gas":0.85,"propane":0.04,"electric":0.02,"oil":0.05,"other":0,"none":0.05},"dac":true,"dac_share":1,"score":63,"parts":{"volume":19.9,"fuel":7.6,"age":15.5,"owner":4.7,"incentive":15},"gaps":[]}},{"type":"Feature","geometry":{"type":"Polygon","coordinates":[[[-73.86443,40.74524],[-73.86437,40.74508],[-73.86413,40.74512],[-73.86342,40.74478],[-73.86267,40.74341],[-73.86119,40.74198],[-73.85945,40.74304],[-73.85988,40.74341],[-73.85878,40.74333],[-73.85868,40.74403],[-73.86032,40.7472],[-73.86407,40.74607],[-73.86443,40.74524]]]},"properties":{"geoid":"36081041300","county":"081","county_name":"Queens","utility":"coned","utility_split":false,"homes":356,"homes_source":"pluto","multifamily_5plus_lots":28,"median_income":72519,"income_band":"60–100k","low_income_share":0.66,"median_year_built":1958,"pre1980":0.64,"owner":0.29,"fuel":{"gas":0.83,"propane":0.03,"electric":0.05,"oil":0.09,"other":0,"none":0},"dac":true,"dac_share":1,"score":63,"parts":{"volume":22,"fuel":8.7,"age":12.7,"owner":4.4,"incentive":15},"gaps":[]}},{"type":"Feature","geometry":{"type":"Polygon","coordinates":[[[-73.77784,40.69432],[-73.77728,40.69211],[-73.77304,40.69313],[-73.76539,40.69206],[-73.76521,40.69279],[-73.76701,40.69441],[-73.77088,40.6983],[-73.77231,40.70057],[-73.77298,40.70038],[-73.77396,40.69981],[-73.77458,40.69881],[-73.77784,40.69432]]]},"properties":{"geoid":"36081042400","county":"081","county_name":"Queens","utility":"coned","utility_split":false,"homes":670,"homes_source":"pluto","multifamily_5plus_lots":0,"median_income":95855,"income_band":"60–100k","low_income_share":0.53,"median_year_built":1950,"pre1980":0.89,"owner":0.83,"fuel":{"gas":0.88,"propane":0.01,"electric":0,"oil":0.11,"other":0,"none":0},"dac":false,"dac_share":0,"score":63,"parts":{"volume":24.3,"fuel":8.5,"age":17.8,"owner":12.4,"incentive":0},"gaps":[]}},{"type":"Feature","geometry":{"type":"Polygon","coordinates":[[[-73.78228,40.69621],[-73.78277,40.69599],[-73.78024,40.69297],[-73.77944,40.69364],[-73.77784,40.69432],[-73.77458,40.69881],[-73.77396,40.69981],[-73.78228,40.69621]]]},"properties":{"geoid":"36081043400","county":"081","county_name":"Queens","utility":"coned","utility_split":false,"homes":426,"homes_source":"pluto","multifamily_5plus_lots":0,"median_income":95057,"income_band":"60–100k","low_income_share":0.54,"median_year_built":1942,"pre1980":0.98,"owner":0.87,"fuel":{"gas":0.9,"propane":0.02,"electric":0,"oil":0.08,"other":0,"none":0},"dac":false,"dac_share":0,"score":63,"parts":{"volume":22.6,"fuel":8.1,"age":19.6,"owner":13.1,"incentive":0},"gaps":[]}},{"type":"Feature","geometry":{"type":"Polygon","coordinates":[[[-73.85407,40.73744],[-73.85421,40.73723],[-73.85373,40.73733],[-73.85418,40.73695],[-73.85278,40.73721],[-73.85135,40.73759],[-73.84958,40.73819],[-73.84756,40.73906],[-73.84776,40.7393],[-73.84784,40.73993],[-73.85001,40.74056],[-73.85012,40.74072],[-73.85236,40.74137],[-73.85339,40.73869],[-73.85407,40.73744]]]},"properties":{"geoid":"36081043701","county":"081","county_name":"Queens","utility":"coned","utility_split":false,"homes":206,"homes_source":"pluto","multifamily_5plus_lots":29,"median_income":60188,"income_band":"60–100k","low_income_share":0.71,"median_year_built":1964,"pre1980":0.8,"owner":0.24,"fuel":{"gas":0.8,"propane":0.04,"electric":0.07,"oil":0.07,"other":0.01,"none":0.02},"dac":true,"dac_share":1,"score":63,"parts":{"volume":19.9,"fuel":8.7,"age":15.9,"owner":3.5,"incentive":15},"gaps":[]}},{"type":"Feature","geometry":{"type":"Polygon","coordinates":[[[-73.79805,40.71743],[-73.79796,40.71716],[-73.79647,40.71759],[-73.7939,40.71237],[-73.79321,40.71261],[-73.79356,40.71336],[-73.79362,40.71397],[-73.79346,40.71442],[-73.7924,40.71619],[-73.79224,40.71743],[-73.79211,40.71779],[-73.79163,40.71842],[-73.7909,40.71888],[-73.79071,40.71927],[-73.79214,40.7192],[-73.79279,40.71908],[-73.79638,40.7179],[-73.79805,40.71743]]]},"properties":{"geoid":"36081045600","county":"081","county_name":"Queens","utility":"coned","utility_split":false,"homes":226,"homes_source":"pluto","multifamily_5plus_lots":0,"median_income":75357,"income_band":"60–100k","low_income_share":0.57,"median_year_built":1938,"pre1980":0.94,"owner":0.83,"fuel":{"gas":0.73,"propane":0,"electric":0.01,"oil":0.26,"other":0,"none":0},"dac":false,"dac_share":0,"score":63,"parts":{"volume":20.3,"fuel":11.2,"age":18.9,"owner":12.4,"incentive":0},"gaps":[]}},{"type":"Feature","geometry":{"type":"Polygon","coordinates":[[[-73.87468,40.74335],[-73.87466,40.74327],[-73.8745,40.74331],[-73.87348,40.7425],[-73.87059,40.74238],[-73.87036,40.7425],[-73.86749,40.7433],[-73.86809,40.7456],[-73.87013,40.74499],[-73.87136,40.74427],[-73.87195,40.74691],[-73.87468,40.74335]]]},"properties":{"geoid":"36081046300","county":"081","county_name":"Queens","utility":"coned","utility_split":false,"homes":305,"homes_source":"pluto","multifamily_5plus_lots":18,"median_income":75539,"income_band":"60–100k","low_income_share":0.67,"median_year_built":1956,"pre1980":0.8,"owner":0.18,"fuel":{"gas":0.85,"propane":0,"electric":0.07,"oil":0.06,"other":0.03,"none":0},"dac":true,"dac_share":1,"score":63,"parts":{"volume":21.4,"fuel":7.9,"age":16,"owner":2.8,"incentive":15},"gaps":[]}},{"type":"Feature","geometry":{"type":"Polygon","coordinates":[[[-73.75718,40.71221],[-73.75604,40.70946],[-73.75425,40.70988],[-73.75302,40.70692],[-73.75282,40.70697],[-73.75205,40.70523],[-73.75047,40.70564],[-73.75361,40.71307],[-73.75718,40.71221]]]},"properties":{"geoid":"36081051000","county":"081","county_name":"Queens","utility":"coned","utility_split":false,"homes":358,"homes_source":"pluto","multifamily_5plus_lots":1,"median_income":85179,"income_band":"60–100k","low_income_share":0.59,"median_year_built":1942,"pre1980":0.95,"owner":0.71,"fuel":{"gas":0.7,"propane":0.01,"electric":0.07,"oil":0.22,"other":0,"none":0},"dac":false,"dac_share":0,"score":63,"parts":{"volume":22,"fuel":11.1,"age":19.1,"owner":10.7,"incentive":0},"gaps":[]}},{"type":"Feature","geometry":{"type":"Polygon","coordinates":[[[-73.75556,40.69752],[-73.75644,40.69729],[-73.75484,40.69373],[-73.74863,40.69544],[-73.75019,40.69891],[-73.75556,40.69752]]]},"properties":{"geoid":"36081053000","county":"081","county_name":"Queens","utility":"coned","utility_split":false,"homes":551,"homes_source":"pluto","multifamily_5plus_lots":0,"median_income":102381,"income_band":"100–150k","low_income_share":0.47,"median_year_built":1938,"pre1980":0.99,"owner":0.77,"fuel":{"gas":0.87,"propane":0.01,"electric":0.04,"oil":0.08,"other":0,"none":0},"dac":false,"dac_share":0,"score":63,"parts":{"volume":23.6,"fuel":8.1,"age":19.9,"owner":11.6,"incentive":0},"gaps":[]}},{"type":"Feature","geometry":{"type":"Polygon","coordinates":[[[-73.74773,40.69955],[-73.74619,40.69612],[-73.74524,40.69638],[-73.74458,40.69636],[-73.74359,40.69621],[-73.74303,40.69787],[-73.74233,40.69953],[-73.74105,40.70198],[-73.7405,40.70343],[-73.74149,40.70343],[-73.74591,40.70229],[-73.745,40.70026],[-73.74773,40.69955]]]},"properties":{"geoid":"36081053401","county":"081","county_name":"Queens","utility":"coned","utility_split":false,"homes":463,"homes_source":"pluto","multifamily_5plus_lots":0,"median_income":103594,"income_band":"100–150k","low_income_share":0.49,"median_year_built":1943,"pre1980":0.98,"owner":0.79,"fuel":{"gas":0.83,"propane":0.01,"electric":0.05,"oil":0.11,"other":0,"none":0},"dac":false,"dac_share":0,"score":63,"parts":{"volume":23,"fuel":8.8,"age":19.5,"owner":11.9,"incentive":0},"gaps":[]}},{"type":"Feature","geometry":{"type":"Polygon","coordinates":[[[-73.91551,40.70563],[-73.91181,40.70343],[-73.90973,40.70547],[-73.91344,40.70766],[-73.91551,40.70563]]]},"properties":{"geoid":"36081054500","county":"081","county_name":"Queens","utility":"coned","utility_split":false,"homes":116,"homes_source":"pluto","multifamily_5plus_lots":168,"median_income":66076,"income_band":"60–100k","low_income_share":0.74,"median_year_built":1938,"pre1980":0.91,"owner":0.23,"fuel":{"gas":0.72,"propane":0.02,"electric":0.17,"oil":0.07,"other":0,"none":0.02},"dac":true,"dac_share":1,"score":63,"parts":{"volume":17.8,"fuel":8.8,"age":18.2,"owner":3.5,"incentive":15},"gaps":[]}},{"type":"Feature","geometry":{"type":"Polygon","coordinates":[[[-73.75503,40.72412],[-73.75577,40.72364],[-73.75323,40.72128],[-73.75233,40.72026],[-73.75181,40.7205],[-73.7489,40.72244],[-73.74666,40.72364],[-73.74892,40.72576],[-73.75191,40.72395],[-73.75335,40.72514],[-73.75503,40.72412]]]},"properties":{"geoid":"36081054800","county":"081","county_name":"Queens","utility":"coned","utility_split":false,"homes":522,"homes_source":"pluto","multifamily_5plus_lots":0,"median_income":84601,"income_band":"60–100k","low_income_share":0.6,"median_year_built":1938,"pre1980":0.94,"owner":0.79,"fuel":{"gas":0.88,"propane":0.04,"electric":0.01,"oil":0.07,"other":0,"none":0},"dac":false,"dac_share":0,"score":63,"parts":{"volume":23.4,"fuel":8.5,"age":18.9,"owner":11.8,"incentive":0},"gaps":[]}},{"type":"Feature","geometry":{"type":"Polygon","coordinates":[[[-73.73655,40.72552],[-73.73576,40.72346],[-73.73574,40.72292],[-73.73583,40.72271],[-73.73176,40.72361],[-73.7315,40.72292],[-73.7299,40.72327],[-73.73122,40.7267],[-73.73655,40.72552]]]},"properties":{"geoid":"36081056200","county":"081","county_name":"Queens","utility":"coned","utility_split":false,"homes":352,"homes_source":"pluto","multifamily_5plus_lots":0,"median_income":102125,"income_band":"100–150k","low_income_share":0.48,"median_year_built":1938,"pre1980":0.94,"owner":0.86,"fuel":{"gas":0.82,"propane":0,"electric":0.04,"oil":0.14,"other":0,"none":0},"dac":false,"dac_share":0,"score":63,"parts":{"volume":21.9,"fuel":9.2,"age":18.8,"owner":12.9,"incentive":0},"gaps":[]}},{"type":"Feature","geometry":{"type":"Polygon","coordinates":[[[-73.73922,40.69105],[-73.73311,40.6892],[-73.73145,40.69239],[-73.73752,40.69432],[-73.73922,40.69105]]]},"properties":{"geoid":"36081060600","county":"081","county_name":"Queens","utility":"coned","utility_split":false,"homes":391,"homes_source":"pluto","multifamily_5plus_lots":0,"median_income":131250,"income_band":"100–150k","low_income_share":0.47,"median_year_built":1950,"pre1980":0.9,"owner":0.85,"fuel":{"gas":0.78,"propane":0.07,"electric":0,"oil":0.1,"other":0.03,"none":0.02},"dac":false,"dac_share":0,"score":63,"parts":{"volume":22.3,"fuel":9.5,"age":17.9,"owner":12.8,"incentive":0},"gaps":[]}},{"type":"Feature","geometry":{"type":"Polygon","coordinates":[[[-73.74482,40.69317],[-73.74511,40.69278],[-73.73922,40.69105],[-73.73752,40.69432],[-73.74359,40.69621],[-73.74416,40.69455],[-73.74482,40.69317]]]},"properties":{"geoid":"36081060800","county":"081","county_name":"Queens","utility":"coned","utility_split":false,"homes":355,"homes_source":"pluto","multifamily_5plus_lots":0,"median_income":115000,"income_band":"100–150k","low_income_share":0.45,"median_year_built":1949,"pre1980":0.96,"owner":0.83,"fuel":{"gas":0.74,"propane":0.02,"electric":0.07,"oil":0.14,"other":0.02,"none":0},"dac":false,"dac_share":0,"score":63,"parts":{"volume":22,"fuel":9.9,"age":19.2,"owner":12.4,"incentive":0},"gaps":[]}},{"type":"Feature","geometry":{"type":"Polygon","coordinates":[[[-73.74745,40.68935],[-73.74723,40.68926],[-73.74713,40.68935],[-73.74123,40.68749],[-73.74008,40.68942],[-73.73922,40.69105],[-73.74511,40.69278],[-73.74624,40.69128],[-73.74711,40.69],[-73.74745,40.68935]]]},"properties":{"geoid":"36081061000","county":"081","county_name":"Queens","utility":"coned","utility_split":false,"homes":346,"homes_source":"pluto","multifamily_5plus_lots":0,"median_income":97788,"income_band":"60–100k","low_income_share":0.53,"median_year_built":1950,"pre1980":0.88,"owner":0.95,"fuel":{"gas":0.76,"propane":0.03,"electric":0.12,"oil":0.09,"other":0,"none":0},"dac":false,"dac_share":0,"score":63,"parts":{"volume":21.9,"fuel":9.3,"age":17.7,"owner":14.2,"incentive":0},"gaps":[]}},{"type":"Feature","geometry":{"type":"Polygon","coordinates":[[[-73.73506,40.67399],[-73.73433,40.67373],[-73.73351,40.67359],[-73.73277,40.67363],[-73.72953,40.67416],[-73.72754,40.67416],[-73.7262,40.67738],[-73.72563,40.67959],[-73.72591,40.68266],[-73.72586,40.68322],[-73.72718,40.6836],[-73.7281,40.68177],[-73.72852,40.68121],[-73.72951,40.68006],[-73.73047,40.67935],[-73.73106,40.67831],[-73.73303,40.6765],[-73.73506,40.67399]]]},"properties":{"geoid":"36081061602","county":"081","county_name":"Queens","utility":"coned","utility_split":false,"homes":340,"homes_source":"pluto","multifamily_5plus_lots":0,"median_income":127857,"income_band":"100–150k","low_income_share":0.32,"median_year_built":1951,"pre1980":0.93,"owner":0.94,"fuel":{"gas":0.83,"propane":0.02,"electric":0.08,"oil":0.07,"other":0,"none":0},"dac":false,"dac_share":0,"score":63,"parts":{"volume":21.8,"fuel":8.4,"age":18.6,"owner":14.1,"incentive":0},"gaps":[]}},{"type":"Feature","geometry":{"type":"Polygon","coordinates":[[[-73.74614,40.67692],[-73.74647,40.6763],[-73.74488,40.67576],[-73.74393,40.67729],[-73.7409,40.68274],[-73.74079,40.68276],[-73.74036,40.68344],[-73.7399,40.68326],[-73.73954,40.68384],[-73.74038,40.68412],[-73.74095,40.68323],[-73.74327,40.68392],[-73.74583,40.67934],[-73.74497,40.67906],[-73.74614,40.67692]]]},"properties":{"geoid":"36081063000","county":"081","county_name":"Queens","utility":"coned","utility_split":false,"homes":476,"homes_source":"pluto","multifamily_5plus_lots":0,"median_income":120821,"income_band":"100–150k","low_income_share":0.28,"median_year_built":1940,"pre1980":0.99,"owner":0.86,"fuel":{"gas":0.92,"propane":0,"electric":0.01,"oil":0.07,"other":0,"none":0},"dac":false,"dac_share":0,"score":63,"parts":{"volume":23.1,"fuel":7.6,"age":19.8,"owner":12.9,"incentive":0},"gaps":[]}},{"type":"Feature","geometry":{"type":"Polygon","coordinates":[[[-73.87794,40.7179],[-73.87738,40.71721],[-73.87239,40.71783],[-73.87053,40.71816],[-73.86797,40.71927],[-73.86987,40.72164],[-73.87794,40.7179]]]},"properties":{"geoid":"36081067700","county":"081","county_name":"Queens","utility":"coned","utility_split":false,"homes":572,"homes_source":"pluto","multifamily_5plus_lots":0,"median_income":100313,"income_band":"100–150k","low_income_share":0.5,"median_year_built":1938,"pre1980":0.97,"owner":0.81,"fuel":{"gas":0.89,"propane":0.01,"electric":0.05,"oil":0.06,"other":0,"none":0},"dac":false,"dac_share":0,"score":63,"parts":{"volume":23.7,"fuel":7.8,"age":19.4,"owner":12.1,"incentive":0},"gaps":[]}},{"type":"Feature","geometry":{"type":"Polygon","coordinates":[[[-73.75892,40.66402],[-73.75911,40.66367],[-73.75211,40.66107],[-73.7526,40.66032],[-73.74833,40.65872],[-73.74782,40.65864],[-73.74751,40.65916],[-73.74693,40.659],[-73.74674,40.65935],[-73.74686,40.65946],[-73.74684,40.66075],[-73.74614,40.66165],[-73.74487,40.66369],[-73.74414,40.66342],[-73.74282,40.66531],[-73.73955,40.66526],[-73.73856,40.6664],[-73.75593,40.66639],[-73.75763,40.66645],[-73.75892,40.66402]]]},"properties":{"geoid":"36081068000","county":"081","county_name":"Queens","utility":"coned","utility_split":false,"homes":1061,"homes_source":"pluto","multifamily_5plus_lots":2,"median_income":133510,"income_band":"100–150k","low_income_share":0.28,"median_year_built":1952,"pre1980":0.87,"owner":0.79,"fuel":{"gas":0.84,"propane":0.02,"electric":0.08,"oil":0.06,"other":0,"none":0},"dac":false,"dac_share":0,"score":63,"parts":{"volume":25,"fuel":8.3,"age":17.4,"owner":11.9,"incentive":0},"gaps":[]}},{"type":"Feature","geometry":{"type":"Polygon","coordinates":[[[-73.86729,40.72226],[-73.86524,40.71998],[-73.86302,40.71771],[-73.86182,40.71823],[-73.86096,40.7185],[-73.86127,40.71917],[-73.85913,40.71954],[-73.85936,40.7214],[-73.85852,40.72153],[-73.85865,40.72259],[-73.86204,40.72596],[-73.86394,40.72663],[-73.86451,40.72676],[-73.86729,40.72226]]]},"properties":{"geoid":"36081069702","county":"081","county_name":"Queens","utility":"coned","utility_split":false,"homes":787,"homes_source":"pluto","multifamily_5plus_lots":4,"median_income":92489,"income_band":"60–100k","low_income_share":0.53,"median_year_built":1949,"pre1980":0.87,"owner":0.78,"fuel":{"gas":0.85,"propane":0.04,"electric":0.01,"oil":0.09,"other":0.01,"none":0},"dac":false,"dac_share":0,"score":63,"parts":{"volume":24.9,"fuel":8.8,"age":17.3,"owner":11.7,"incentive":0},"gaps":[]}},{"type":"Feature","geometry":{"type":"Polygon","coordinates":[[[-73.85263,40.71616],[-73.85303,40.71552],[-73.84871,40.71394],[-73.84912,40.7133],[-73.84476,40.71171],[-73.84232,40.71559],[-73.84279,40.71577],[-73.84286,40.71599],[-73.84308,40.7161],[-73.84322,40.71614],[-73.8439,40.71597],[-73.84669,40.71716],[-73.84525,40.71944],[-73.84943,40.72096],[-73.85004,40.72076],[-73.85043,40.72011],[-73.85061,40.71938],[-73.85263,40.71616]]]},"properties":{"geoid":"36081072300","county":"081","county_name":"Queens","utility":"coned","utility_split":false,"homes":631,"homes_source":"pluto","multifamily_5plus_lots":4,"median_income":181250,"income_band":"150k+","low_income_share":0.34,"median_year_built":1938,"pre1980":0.85,"owner":0.88,"fuel":{"gas":0.88,"propane":0.01,"electric":0.02,"oil":0.09,"other":0,"none":0.01},"dac":false,"dac_share":0,"score":63,"parts":{"volume":24.1,"fuel":8.2,"age":17,"owner":13.2,"incentive":0},"gaps":[]}},{"type":"Feature","geometry":{"type":"Polygon","coordinates":[[[-73.84436,40.71235],[-73.84476,40.71171],[-73.8411,40.71037],[-73.84069,40.71015],[-73.83771,40.71104],[-73.83672,40.71147],[-73.83612,40.71182],[-73.83598,40.71171],[-73.83501,40.71222],[-73.83493,40.71247],[-73.83742,40.71472],[-73.83872,40.7158],[-73.84117,40.71741],[-73.84436,40.71235]]]},"properties":{"geoid":"36081074900","county":"081","county_name":"Queens","utility":"coned","utility_split":false,"homes":524,"homes_source":"pluto","multifamily_5plus_lots":0,"median_income":224313,"income_band":"150k+","low_income_share":0.12,"median_year_built":1938,"pre1980":0.9,"owner":0.83,"fuel":{"gas":0.85,"propane":0.02,"electric":0.02,"oil":0.11,"other":0,"none":0},"dac":false,"dac_share":0,"score":63,"parts":{"volume":23.4,"fuel":8.7,"age":18,"owner":12.5,"incentive":0},"gaps":[]}},{"type":"Feature","geometry":{"type":"Polygon","coordinates":[[[-73.83148,40.728],[-73.8317,40.72803],[-73.83086,40.72671],[-73.83038,40.72623],[-73.8296,40.72582],[-73.82821,40.72541],[-73.82775,40.72513],[-73.82743,40.72481],[-73.82713,40.7243],[-73.82586,40.72046],[-73.82016,40.72149],[-73.82021,40.72176],[-73.81943,40.722],[-73.82354,40.73],[-73.82755,40.72886],[-73.83035,40.72797],[-73.83148,40.728]]]},"properties":{"geoid":"36081077902","county":"081","county_name":"Queens","utility":"coned","utility_split":false,"homes":1148,"homes_source":"pluto","multifamily_5plus_lots":7,"median_income":102363,"income_band":"100–150k","low_income_share":0.47,"median_year_built":1955,"pre1980":0.93,"owner":0.63,"fuel":{"gas":0.7,"propane":0.02,"electric":0.13,"oil":0.13,"other":0.03,"none":0},"dac":false,"dac_share":0,"score":63,"parts":{"volume":25,"fuel":10,"age":18.5,"owner":9.4,"incentive":0},"gaps":[]}},{"type":"Feature","geometry":{"type":"Polygon","coordinates":[[[-73.85436,40.65861],[-73.85321,40.65381],[-73.8484,40.6545],[-73.84709,40.64941],[-73.84679,40.6478],[-73.84395,40.64825],[-73.84205,40.64844],[-73.83837,40.64896],[-73.83681,40.64925],[-73.83803,40.65425],[-73.83855,40.65589],[-73.83972,40.66095],[-73.8404,40.66083],[-73.84165,40.66597],[-73.84513,40.66452],[-73.84741,40.66348],[-73.84929,40.66255],[-73.85113,40.66151],[-73.85362,40.65973],[-73.85355,40.65932],[-73.85436,40.65861]]]},"properties":{"geoid":"36081089201","county":"081","county_name":"Queens","utility":"coned","utility_split":false,"homes":2419,"homes_source":"pluto","multifamily_5plus_lots":0,"median_income":155291,"income_band":"150k+","low_income_share":0.29,"median_year_built":1964,"pre1980":0.87,"owner":0.88,"fuel":{"gas":0.78,"propane":0,"electric":0.21,"oil":0.02,"other":0,"none":0},"dac":false,"dac_share":0,"score":63,"parts":{"volume":25,"fuel":7.9,"age":17.4,"owner":13.1,"incentive":0},"gaps":[]}},{"type":"Feature","geometry":{"type":"Polygon","coordinates":[[[-73.85494,40.58597],[-73.85219,40.58155],[-73.84765,40.57361],[-73.84699,40.57272],[-73.84138,40.57472],[-73.84175,40.57561],[-73.84509,40.5814],[-73.84505,40.58146],[-73.84618,40.58166],[-73.84615,40.58175],[-73.84518,40.58158],[-73.8393,40.58186],[-73.83902,40.58242],[-73.83875,40.58263],[-73.8407,40.58609],[-73.85494,40.58597]]]},"properties":{"geoid":"36081093401","county":"081","county_name":"Queens","utility":"psegli","utility_split":false,"homes":768,"homes_source":"pluto","multifamily_5plus_lots":19,"median_income":131471,"income_band":"100–150k","low_income_share":0.42,"median_year_built":1947,"pre1980":0.88,"owner":0.64,"fuel":{"gas":0.88,"propane":0.02,"electric":0.05,"oil":0.04,"other":0.01,"none":0},"dac":false,"dac_share":0,"score":63,"parts":{"volume":24.8,"fuel":7.7,"age":17.6,"owner":9.7,"incentive":3.1},"gaps":[]}},{"type":"Feature","geometry":{"type":"Polygon","coordinates":[[[-73.78355,40.77141],[-73.78373,40.77136],[-73.78146,40.76707],[-73.77709,40.76829],[-73.77064,40.76964],[-73.77097,40.77084],[-73.77182,40.77068],[-73.77202,40.7715],[-73.76965,40.77203],[-73.77,40.77301],[-73.77721,40.77153],[-73.77754,40.77309],[-73.77886,40.7728],[-73.78355,40.77141]]]},"properties":{"geoid":"36081109700","county":"081","county_name":"Queens","utility":"coned","utility_split":false,"homes":515,"homes_source":"pluto","multifamily_5plus_lots":5,"median_income":134145,"income_band":"100–150k","low_income_share":0.34,"median_year_built":1950,"pre1980":0.85,"owner":0.63,"fuel":{"gas":0.54,"propane":0.03,"electric":0.09,"oil":0.32,"other":0.03,"none":0},"dac":false,"dac_share":0,"score":63,"parts":{"volume":23.4,"fuel":13.4,"age":16.9,"owner":9.4,"incentive":0},"gaps":[]}},{"type":"Feature","geometry":{"type":"Polygon","coordinates":[[[-73.7919,40.76894],[-73.79023,40.76695],[-73.78839,40.76441],[-73.78807,40.7642],[-73.78443,40.7661],[-73.7836,40.76645],[-73.78146,40.76707],[-73.78373,40.77136],[-73.7919,40.76894]]]},"properties":{"geoid":"36081109900","county":"081","county_name":"Queens","utility":"coned","utility_split":false,"homes":895,"homes_source":"pluto","multifamily_5plus_lots":16,"median_income":96250,"income_band":"60–100k","low_income_share":0.55,"median_year_built":1938,"pre1980":0.83,"owner":0.74,"fuel":{"gas":0.73,"propane":0.05,"electric":0.09,"oil":0.13,"other":0,"none":0},"dac":false,"dac_share":0,"score":63,"parts":{"volume":25,"fuel":10.2,"age":16.5,"owner":11.1,"incentive":0},"gaps":[]}},{"type":"Feature","geometry":{"type":"Polygon","coordinates":[[[-73.80481,40.76811],[-73.80516,40.76558],[-73.79956,40.76514],[-73.79878,40.77091],[-73.80158,40.77113],[-73.80148,40.77181],[-73.80282,40.77124],[-73.80442,40.77109],[-73.80481,40.76811]]]},"properties":{"geoid":"36081114700","county":"081","county_name":"Queens","utility":"coned","utility_split":false,"homes":523,"homes_source":"pluto","multifamily_5plus_lots":0,"median_income":102135,"income_band":"100–150k","low_income_share":0.4,"median_year_built":1938,"pre1980":0.92,"owner":0.66,"fuel":{"gas":0.67,"propane":0.03,"electric":0.08,"oil":0.22,"other":0,"none":0},"dac":false,"dac_share":0,"score":63,"parts":{"volume":23.4,"fuel":11.4,"age":18.5,"owner":9.9,"incentive":0},"gaps":[]}},{"type":"Feature","geometry":{"type":"Polygon","coordinates":[[[-73.81047,40.76856],[-73.81082,40.76603],[-73.80516,40.76558],[-73.80442,40.77109],[-73.80629,40.77119],[-73.80906,40.7716],[-73.81006,40.77159],[-73.81047,40.76856]]]},"properties":{"geoid":"36081115100","county":"081","county_name":"Queens","utility":"coned","utility_split":false,"homes":334,"homes_source":"pluto","multifamily_5plus_lots":0,"median_income":108542,"income_band":"100–150k","low_income_share":0.47,"median_year_built":1938,"pre1980":0.88,"owner":0.84,"fuel":{"gas":0.67,"propane":0.07,"electric":0.07,"oil":0.17,"other":0.02,"none":0},"dac":false,"dac_share":0,"score":63,"parts":{"volume":21.7,"fuel":11.4,"age":17.6,"owner":12.6,"incentive":0},"gaps":[]}},{"type":"Feature","geometry":{"type":"Polygon","coordinates":[[[-73.80717,40.72827],[-73.80652,40.72487],[-73.80488,40.72506],[-73.80453,40.72147],[-73.79933,40.72324],[-73.79972,40.72472],[-73.80026,40.72755],[-73.79842,40.72745],[-73.79878,40.72941],[-73.79866,40.73143],[-73.80316,40.7316],[-73.80329,40.72922],[-73.80322,40.72871],[-73.80717,40.72827]]]},"properties":{"geoid":"36081124100","county":"081","county_name":"Queens","utility":"coned","utility_split":false,"homes":1028,"homes_source":"pluto","multifamily_5plus_lots":4,"median_income":96560,"income_band":"60–100k","low_income_share":0.53,"median_year_built":1955,"pre1980":0.86,"owner":0.74,"fuel":{"gas":0.78,"propane":0.02,"electric":0.04,"oil":0.14,"other":0.01,"none":0},"dac":false,"dac_share":0,"score":63,"parts":{"volume":25,"fuel":9.6,"age":17.2,"owner":11.2,"incentive":0},"gaps":[]}},{"type":"Feature","geometry":{"type":"Polygon","coordinates":[[[-73.80861,40.71842],[-73.80784,40.716],[-73.80663,40.71604],[-73.80474,40.71617],[-73.80192,40.71655],[-73.80008,40.71697],[-73.7981,40.71754],[-73.79805,40.71743],[-73.79697,40.71772],[-73.79279,40.71908],[-73.79214,40.7192],[-73.79071,40.71927],[-73.7904,40.7201],[-73.7903,40.72092],[-73.79051,40.72347],[-73.79136,40.72495],[-73.79174,40.72578],[-73.80019,40.72294],[-73.799,40.72014],[-73.80861,40.71842]]]},"properties":{"geoid":"36081126700","county":"081","county_name":"Queens","utility":"coned","utility_split":false,"homes":574,"homes_source":"pluto","multifamily_5plus_lots":3,"median_income":98000,"income_band":"60–100k","low_income_share":0.51,"median_year_built":1938,"pre1980":0.97,"owner":0.66,"fuel":{"gas":0.77,"propane":0,"electric":0.02,"oil":0.19,"other":0,"none":0.01},"dac":false,"dac_share":0,"score":63,"parts":{"volume":23.8,"fuel":9.9,"age":19.5,"owner":9.9,"incentive":0},"gaps":[]}},{"type":"Feature","geometry":{"type":"Polygon","coordinates":[[[-73.75648,40.74139],[-73.75735,40.74112],[-73.75553,40.73727],[-73.75652,40.7371],[-73.7552,40.7343],[-73.74654,40.73578],[-73.74168,40.73683],[-73.74029,40.73852],[-73.7402,40.73903],[-73.74107,40.73898],[-73.74155,40.73876],[-73.74307,40.73844],[-73.74372,40.73938],[-73.74396,40.74079],[-73.74997,40.73975],[-73.75139,40.74019],[-73.75347,40.7424],[-73.75648,40.74139]]]},"properties":{"geoid":"36081129104","county":"081","county_name":"Queens","utility":"coned","utility_split":false,"homes":436,"homes_source":"pluto","multifamily_5plus_lots":10,"median_income":127303,"income_band":"100–150k","low_income_share":0.39,"median_year_built":1955,"pre1980":0.95,"owner":0.8,"fuel":{"gas":0.75,"propane":0.03,"electric":0.1,"oil":0.11,"other":0.01,"none":0.01},"dac":false,"dac_share":0,"score":63,"parts":{"volume":22.7,"fuel":9.4,"age":19,"owner":12,"incentive":0},"gaps":[]}},{"type":"Feature","geometry":{"type":"Polygon","coordinates":[[[-73.74674,40.73258],[-73.74666,40.73181],[-73.74649,40.73141],[-73.7463,40.73118],[-73.74556,40.73064],[-73.73715,40.72873],[-73.73714,40.72897],[-73.73571,40.7326],[-73.73526,40.73345],[-73.73474,40.73478],[-73.73377,40.7389],[-73.73501,40.73833],[-73.73588,40.73808],[-73.74168,40.73683],[-73.74384,40.73481],[-73.74674,40.73258]]]},"properties":{"geoid":"36081130100","county":"081","county_name":"Queens","utility":"coned","utility_split":false,"homes":550,"homes_source":"pluto","multifamily_5plus_lots":5,"median_income":94854,"income_band":"60–100k","low_income_share":0.53,"median_year_built":1954,"pre1980":0.95,"owner":0.86,"fuel":{"gas":0.86,"propane":0.01,"electric":0.03,"oil":0.07,"other":0,"none":0.02},"dac":false,"dac_share":0,"score":63,"parts":{"volume":23.6,"fuel":7.8,"age":19,"owner":12.9,"incentive":0},"gaps":[]}},{"type":"Feature","geometry":{"type":"Polygon","coordinates":[[[-73.75079,40.76362],[-73.75049,40.76296],[-73.74659,40.76391],[-73.74577,40.76357],[-73.74474,40.76076],[-73.74347,40.75934],[-73.74317,40.75865],[-73.7425,40.75859],[-73.74126,40.75671],[-73.74121,40.7562],[-73.73979,40.75673],[-73.73971,40.75662],[-73.73757,40.75799],[-73.7353,40.75928],[-73.73186,40.76054],[-73.7352,40.76444],[-73.73701,40.76769],[-73.73754,40.7684],[-73.74005,40.76629],[-73.74126,40.76571],[-73.74214,40.76553],[-73.74428,40.76536],[-73.74706,40.76446],[-73.75079,40.76362]]]},"properties":{"geoid":"36081150701","county":"081","county_name":"Queens","utility":"coned","utility_split":false,"homes":951,"homes_source":"pluto","multifamily_5plus_lots":3,"median_income":158875,"income_band":"150k+","low_income_share":0.22,"median_year_built":1951,"pre1980":0.88,"owner":0.69,"fuel":{"gas":0.77,"propane":0.03,"electric":0.04,"oil":0.15,"other":0.01,"none":0},"dac":false,"dac_share":0,"score":63,"parts":{"volume":25,"fuel":10,"age":17.6,"owner":10.3,"incentive":0},"gaps":[]}},{"type":"Feature","geometry":{"type":"Polygon","coordinates":[[[-73.73754,40.7684],[-73.73701,40.76769],[-73.7352,40.76444],[-73.73186,40.76054],[-73.73032,40.76139],[-73.72837,40.76264],[-73.72664,40.76345],[-73.72549,40.76384],[-73.72409,40.76416],[-73.72106,40.7645],[-73.73396,40.77245],[-73.73695,40.76891],[-73.73754,40.7684]]]},"properties":{"geoid":"36081150702","county":"081","county_name":"Queens","utility":"coned","utility_split":false,"homes":848,"homes_source":"pluto","multifamily_5plus_lots":2,"median_income":107375,"income_band":"100–150k","low_income_share":0.46,"median_year_built":1959,"pre1980":0.85,"owner":0.76,"fuel":{"gas":0.74,"propane":0.03,"electric":0.09,"oil":0.12,"other":0.01,"none":0.01},"dac":false,"dac_share":0,"score":63,"parts":{"volume":25,"fuel":9.7,"age":17.1,"owner":11.4,"incentive":0},"gaps":[]}},{"type":"Feature","geometry":{"type":"Polygon","coordinates":[[[-73.71544,40.78251],[-73.71594,40.78229],[-73.71458,40.78046],[-73.7087,40.78092],[-73.70759,40.78093],[-73.70726,40.78103],[-73.70744,40.78241],[-73.7044,40.78278],[-73.70432,40.78261],[-73.7042,40.78262],[-73.70418,40.7823],[-73.70528,40.7822],[-73.70515,40.78153],[-73.70401,40.78162],[-73.70387,40.7812],[-73.70353,40.78102],[-73.70309,40.77959],[-73.70293,40.77836],[-73.70304,40.77626],[-73.70443,40.776],[-73.70439,40.77338],[-73.70328,40.77342],[-73.7034,40.77216],[-73.70127,40.7723],[-73.70107,40.7715],[-73.69878,40.7719],[-73.69918,40.7733],[-73.69627,40.773],[-73.69607,40.7771],[-73.69297,40.7769],[-73.69327,40.7763],[-73.69057,40.7759],[-73.69067,40.7753],[-73.68807,40.776],[-73.68827,40.7796],[-73.68657,40.7798],[-73.68637,40.7789],[-73.68347,40.7788],[-73.68667,40.78789],[-73.68753,40.78876],[-73.68926,40.78943],[-73.68984,40.78952],[-73.69083,40.78929],[-73.69158,40.78952],[-73.69198,40.78993],[-73.69283,40.79112],[-73.69268,40.79135],[-73.69261,40.79183],[-73.69307,40.79197],[-73.6942,40.79324],[-73.69212,40.79354],[-73.69244,40.79478],[-73.69156,40.79492],[-73.6919,40.79624],[-73.69193,40.79688],[-73.69306,40.7967],[-73.69376,40.79963],[-73.69571,40.79934],[-73.69504,40.80021],[-73.69486,40.80075],[-73.69483,40.80208],[-73.69519,40.80356],[-73.6953,40.80349],[-73.69655,40.80351],[-73.69621,40.80269],[-73.69598,40.80132],[-73.69661,40.80121],[-73.6966,40.8011],[-73.70172,40.80034],[-73.7056,40.80027],[-73.70563,40.79985],[-73.70598,40.79985],[-73.70598,40.80023],[-73.70639,40.8002],[-73.70643,40.79985],[-73.70942,40.79978],[-73.71158,40.7995],[-73.71158,40.7983],[-73.7105,40.79665],[-73.71011,40.7952],[-73.71043,40.79516],[-73.71037,40.79452],[-73.70983,40.79333],[-73.7095,40.79301],[-73.70929,40.79232],[-73.70869,40.79153],[-73.70947,40.7907],[-73.70645,40.78687],[-73.70639,40.78617],[-73.70797,40.78603],[-73.70728,40.78543],[-73.70975,40.78508],[-73.71074,40.78483],[-73.71138,40.78455],[-73.71294,40.78366],[-73.71544,40.78251]]]},"properties":{"geoid":"36059301800","county":"059","county_name":"Nassau","utility":"psegli","utility_split":false,"homes":1238,"homes_source":"acs_est","multifamily_5plus_lots":null,"median_income":111419,"income_band":"100–150k","low_income_share":0.45,"median_year_built":1947,"pre1980":0.83,"owner":0.58,"fuel":{"gas":0.63,"propane":0.02,"electric":0.27,"oil":0.09,"other":0,"none":0},"dac":false,"dac_share":0,"score":63,"parts":{"volume":25,"fuel":9.8,"age":16.6,"owner":8.7,"incentive":3.3},"gaps":[]}},{"type":"Feature","geometry":{"type":"Polygon","coordinates":[[[-73.70012,40.69903],[-73.70047,40.69873],[-73.69765,40.69821],[-73.69501,40.69745],[-73.69496,40.6978],[-73.69228,40.69751],[-73.69333,40.69157],[-73.69166,40.69086],[-73.69095,40.69069],[-73.69118,40.69156],[-73.6911,40.69344],[-73.69029,40.69345],[-73.68938,40.69503],[-73.68919,40.69595],[-73.68925,40.69611],[-73.68946,40.69615],[-73.68853,40.70147],[-73.68875,40.70197],[-73.68868,40.70834],[-73.69073,40.7081],[-73.69447,40.70729],[-73.6948,40.70397],[-73.69524,40.70141],[-73.69878,40.70178],[-73.69932,40.70031],[-73.69968,40.70037],[-73.70017,40.69904],[-73.70012,40.69903]]]},"properties":{"geoid":"36059405200","county":"059","county_name":"Nassau","utility":"psegli","utility_split":false,"homes":1805,"homes_source":"acs_est","multifamily_5plus_lots":null,"median_income":119539,"income_band":"100–150k","low_income_share":0.39,"median_year_built":1957,"pre1980":0.76,"owner":0.63,"fuel":{"gas":0.77,"propane":0.03,"electric":0.02,"oil":0.17,"other":0,"none":0.01},"dac":false,"dac_share":0,"score":63,"parts":{"volume":25,"fuel":10,"age":15.3,"owner":9.5,"incentive":2.9},"gaps":[]}},{"type":"Feature","geometry":{"type":"Polygon","coordinates":[[[-73.74549,40.61181],[-73.74306,40.608],[-73.74315,40.60796],[-73.74307,40.60789],[-73.7432,40.6077],[-73.74355,40.60745],[-73.74177,40.60602],[-73.74029,40.6046],[-73.73946,40.60423],[-73.73924,40.60403],[-73.73852,40.60313],[-73.73846,40.60284],[-73.73827,40.60256],[-73.73846,40.59587],[-73.73808,40.59459],[-73.73764,40.59441],[-73.73742,40.59346],[-73.72352,40.59236],[-73.71698,40.5915],[-73.70107,40.5907],[-73.68707,40.5908],[-73.68597,40.5917],[-73.68469,40.59233],[-73.68464,40.60051],[-73.69358,40.60424],[-73.69396,40.60451],[-73.69307,40.60617],[-73.69317,40.60744],[-73.69211,40.60886],[-73.69209,40.6094],[-73.69273,40.61084],[-73.69308,40.6111],[-73.69377,40.61113],[-73.70343,40.61398],[-73.7039,40.61445],[-73.70717,40.61685],[-73.70766,40.6171],[-73.70858,40.6188],[-73.70953,40.61869],[-73.71192,40.61882],[-73.71416,40.61872],[-73.71449,40.61867],[-73.71494,40.61814],[-73.71532,40.6181],[-73.71595,40.61835],[-73.71679,40.62061],[-73.71807,40.62125],[-73.7186,40.62163],[-73.72184,40.61896],[-73.72552,40.61717],[-73.72767,40.62106],[-73.73159,40.61828],[-73.73737,40.61492],[-73.74067,40.6136],[-73.74092,40.61422],[-73.74139,40.6142],[-73.74128,40.61389],[-73.74141,40.61387],[-73.74124,40.61336],[-73.74549,40.61181]]]},"properties":{"geoid":"36059411600","county":"059","county_name":"Nassau","utility":"psegli","utility_split":false,"homes":1632,"homes_source":"acs_est","multifamily_5plus_lots":null,"median_income":170000,"income_band":"150k+","low_income_share":0.34,"median_year_built":1964,"pre1980":0.72,"owner":0.81,"fuel":{"gas":0.76,"propane":0,"electric":0.17,"oil":0.07,"other":0,"none":0},"dac":false,"dac_share":0,"score":63,"parts":{"volume":25,"fuel":8.7,"age":14.4,"owner":12.2,"incentive":2.5},"gaps":[]}},{"type":"Feature","geometry":{"type":"Polygon","coordinates":[[[-73.69008,40.65756],[-73.69014,40.65741],[-73.68358,40.65531],[-73.68137,40.6537],[-73.67791,40.65083],[-73.67613,40.64964],[-73.6723,40.64799],[-73.66905,40.64957],[-73.66635,40.65099],[-73.66958,40.65433],[-73.67036,40.6549],[-73.67129,40.65529],[-73.67205,40.6555],[-73.6738,40.65563],[-73.68155,40.65694],[-73.68631,40.65756],[-73.6899,40.65796],[-73.69008,40.65756]]]},"properties":{"geoid":"36059411901","county":"059","county_name":"Nassau","utility":"psegli","utility_split":false,"homes":611,"homes_source":"acs_est","multifamily_5plus_lots":null,"median_income":86563,"income_band":"60–100k","low_income_share":0.59,"median_year_built":1961,"pre1980":0.84,"owner":0.48,"fuel":{"gas":0.7,"propane":0.05,"electric":0.02,"oil":0.18,"other":0.02,"none":0.03},"dac":false,"dac_share":0,"score":63,"parts":{"volume":24,"fuel":10.6,"age":16.7,"owner":7.2,"incentive":4.4},"gaps":[]}},{"type":"Feature","geometry":{"type":"Polygon","coordinates":[[[-73.70417,40.61464],[-73.70343,40.61398],[-73.69377,40.61113],[-73.69308,40.6111],[-73.69273,40.61084],[-73.69209,40.6094],[-73.69211,40.60886],[-73.69317,40.60744],[-73.69307,40.60617],[-73.69396,40.60451],[-73.69358,40.60424],[-73.68464,40.60051],[-73.68469,40.59233],[-73.68107,40.5941],[-73.67067,40.5949],[-73.66173,40.59529],[-73.65673,40.59536],[-73.64657,40.5957],[-73.63757,40.59584],[-73.63617,40.6],[-73.63307,40.6037],[-73.63187,40.6095],[-73.63322,40.61068],[-73.63455,40.61042],[-73.63451,40.61122],[-73.6346,40.61161],[-73.63484,40.61183],[-73.63532,40.61183],[-73.6356,40.61197],[-73.63784,40.61223],[-73.63999,40.61314],[-73.64111,40.61541],[-73.6416,40.61624],[-73.64201,40.61678],[-73.64314,40.61747],[-73.64396,40.61765],[-73.64508,40.61772],[-73.64994,40.6172],[-73.65062,40.6173],[-73.65077,40.61718],[-73.65194,40.61696],[-73.65236,40.61692],[-73.65246,40.61708],[-73.65328,40.6165],[-73.65332,40.618],[-73.65512,40.62181],[-73.65628,40.6232],[-73.65642,40.62353],[-73.6569,40.62372],[-73.65747,40.6238],[-73.65785,40.62341],[-73.65849,40.62301],[-73.65956,40.62289],[-73.66035,40.62297],[-73.66163,40.62287],[-73.66194,40.62305],[-73.66215,40.62288],[-73.66255,40.6222],[-73.66519,40.62216],[-73.66692,40.6227],[-73.66765,40.62311],[-73.66893,40.62558],[-73.67047,40.62623],[-73.67557,40.628],[-73.6774,40.62877],[-73.68009,40.62672],[-73.6817,40.62583],[-73.68842,40.62299],[-73.68899,40.62314],[-73.68926,40.62293],[-73.69296,40.62251],[-73.69461,40.6226],[-73.69526,40.62211],[-73.69552,40.62218],[-73.69737,40.6209],[-73.69762,40.62132],[-73.69871,40.62115],[-73.69912,40.62004],[-73.69957,40.6195],[-73.70036,40.61929],[-73.70115,40.61612],[-73.70185,40.61572],[-73.70198,40.61556],[-73.70281,40.61536],[-73.70417,40.61464]],[[-73.66202,40.59815],[-73.66146,40.60579],[-73.66082,40.60591],[-73.66063,40.60609],[-73.66009,40.60598],[-73.65957,40.6061],[-73.65923,40.60634],[-73.65891,40.60619],[-73.65713,40.60681],[-73.65584,40.60833],[-73.65488,40.60898],[-73.65408,40.61001],[-73.65332,40.61038],[-73.65259,40.61094],[-73.65246,40.61124],[-73.65226,40.61235],[-73.65201,40.61278],[-73.65216,40.61359],[-73.65234,40.61377],[-73.65239,40.61412],[-73.65209,40.61431],[-73.65202,40.61467],[-73.65213,40.61591],[-73.65184,40.61622],[-73.65112,40.61651],[-73.65029,40.61666],[-73.64988,40.61696],[-73.64836,40.61121],[-73.64831,40.61056],[-73.64841,40.60972],[-73.64872,40.60884],[-73.64904,40.60825],[-73.65129,40.60521],[-73.65233,40.60383],[-73.65458,40.60142],[-73.6538,40.60088],[-73.65542,40.59896],[-73.65652,40.59735],[-73.65675,40.59681],[-73.65675,40.59647],[-73.65732,40.59669],[-73.65814,40.5967],[-73.65813,40.59681],[-73.65953,40.59676],[-73.66008,40.59654],[-73.66072,40.59655],[-73.66107,40.59642],[-73.66194,40.59644],[-73.66198,40.59655],[-73.6616,40.59725],[-73.66156,40.59753],[-73.66163,40.59754],[-73.66161,40.59789],[-73.66175,40.59792],[-73.6617,40.59809],[-73.66202,40.59815]]]},"properties":{"geoid":"36059416201","county":"059","county_name":"Nassau","utility":"psegli","utility_split":false,"homes":1178,"homes_source":"acs_est","multifamily_5plus_lots":null,"median_income":120566,"income_band":"100–150k","low_income_share":0.35,"median_year_built":1965,"pre1980":0.64,"owner":0.78,"fuel":{"gas":0.67,"propane":0,"electric":0.17,"oil":0.16,"other":0,"none":0},"dac":false,"dac_share":0,"score":63,"parts":{"volume":25,"fuel":10.4,"age":12.8,"owner":11.7,"incentive":2.6},"gaps":[]}},{"type":"Feature","geometry":{"type":"Polygon","coordinates":[[[-73.86135,40.68869],[-73.86048,40.68484],[-73.85484,40.68645],[-73.85568,40.68825],[-73.85619,40.68976],[-73.85793,40.68939],[-73.85787,40.68922],[-73.85874,40.68904],[-73.86135,40.68869]]]},"properties":{"geoid":"36081000800","county":"081","county_name":"Queens","utility":"coned","utility_split":false,"homes":623,"homes_source":"pluto","multifamily_5plus_lots":4,"median_income":111856,"income_band":"100–150k","low_income_share":0.43,"median_year_built":1938,"pre1980":0.96,"owner":0.65,"fuel":{"gas":0.78,"propane":0.04,"electric":0.02,"oil":0.09,"other":0.07,"none":0},"dac":false,"dac_share":0,"score":62,"parts":{"volume":24.1,"fuel":9.2,"age":19.1,"owner":9.7,"incentive":0},"gaps":[]}},{"type":"Feature","geometry":{"type":"Polygon","coordinates":[[[-73.93337,40.76891],[-73.93345,40.76882],[-73.92856,40.76671],[-73.92647,40.76927],[-73.93128,40.77152],[-73.93337,40.76891]]]},"properties":{"geoid":"36081007900","county":"081","county_name":"Queens","utility":"coned","utility_split":false,"homes":217,"homes_source":"pluto","multifamily_5plus_lots":79,"median_income":111875,"income_band":"100–150k","low_income_share":0.48,"median_year_built":1958,"pre1980":0.6,"owner":0.38,"fuel":{"gas":0.68,"propane":0.01,"electric":0.26,"oil":0.05,"other":0,"none":0},"dac":true,"dac_share":1,"score":62,"parts":{"volume":20.1,"fuel":8.9,"age":11.9,"owner":5.7,"incentive":15},"gaps":[]}},{"type":"Feature","geometry":{"type":"Polygon","coordinates":[[[-73.82147,40.68489],[-73.82042,40.68276],[-73.81359,40.68471],[-73.81164,40.68566],[-73.81249,40.68744],[-73.82147,40.68489]]]},"properties":{"geoid":"36081016400","county":"081","county_name":"Queens","utility":"coned","utility_split":false,"homes":589,"homes_source":"pluto","multifamily_5plus_lots":0,"median_income":80568,"income_band":"60–100k","low_income_share":0.64,"median_year_built":1938,"pre1980":0.96,"owner":0.77,"fuel":{"gas":0.94,"propane":0.01,"electric":0.02,"oil":0.02,"other":0,"none":0.01},"dac":false,"dac_share":0,"score":62,"parts":{"volume":23.9,"fuel":6.9,"age":19.3,"owner":11.5,"incentive":0},"gaps":[]}},{"type":"Feature","geometry":{"type":"Polygon","coordinates":[[[-73.79746,40.68787],[-73.79829,40.68752],[-73.79637,40.68361],[-73.79549,40.68386],[-73.79464,40.68211],[-73.79288,40.68261],[-73.79266,40.68257],[-73.79257,40.68417],[-73.7928,40.68484],[-73.79562,40.68866],[-73.79746,40.68787]]]},"properties":{"geoid":"36081019000","county":"081","county_name":"Queens","utility":"coned","utility_split":false,"homes":502,"homes_source":"pluto","multifamily_5plus_lots":0,"median_income":87051,"income_band":"60–100k","low_income_share":0.63,"median_year_built":1938,"pre1980":0.99,"owner":0.75,"fuel":{"gas":0.9,"propane":0.02,"electric":0.04,"oil":0.04,"other":0,"none":0},"dac":false,"dac_share":0,"score":62,"parts":{"volume":23.3,"fuel":7.6,"age":19.8,"owner":11.2,"incentive":0},"gaps":[]}},{"type":"Feature","geometry":{"type":"Polygon","coordinates":[[[-73.92026,40.73532],[-73.92026,40.73519],[-73.91932,40.73525],[-73.91935,40.73512],[-73.91756,40.73529],[-73.91749,40.73542],[-73.9169,40.73544],[-73.91651,40.73676],[-73.91718,40.7369],[-73.91651,40.73895],[-73.9163,40.73907],[-73.91567,40.74078],[-73.91724,40.74094],[-73.91761,40.7391],[-73.91947,40.73931],[-73.92026,40.73532]]]},"properties":{"geoid":"36081023501","county":"081","county_name":"Queens","utility":"coned","utility_split":false,"homes":199,"homes_source":"pluto","multifamily_5plus_lots":38,"median_income":60044,"income_band":"60–100k","low_income_share":0.78,"median_year_built":1938,"pre1980":0.95,"owner":0.05,"fuel":{"gas":0.86,"propane":0,"electric":0.06,"oil":0.07,"other":0,"none":0.01},"dac":true,"dac_share":1,"score":62,"parts":{"volume":19.8,"fuel":7.8,"age":19,"owner":0.7,"incentive":15},"gaps":[]}},{"type":"Feature","geometry":{"type":"Polygon","coordinates":[[[-73.81201,40.70595],[-73.81163,40.70305],[-73.80565,40.70467],[-73.80695,40.70737],[-73.81201,40.70595]]]},"properties":{"geoid":"36081023800","county":"081","county_name":"Queens","utility":"coned","utility_split":false,"homes":154,"homes_source":"pluto","multifamily_5plus_lots":37,"median_income":59938,"income_band":"<60k","low_income_share":0.77,"median_year_built":1948,"pre1980":0.9,"owner":0.06,"fuel":{"gas":0.79,"propane":0,"electric":0.05,"oil":0.15,"other":0,"none":0.01},"dac":true,"dac_share":1,"score":62,"parts":{"volume":18.9,"fuel":9.4,"age":18,"owner":1,"incentive":15},"gaps":[]}},{"type":"Feature","geometry":{"type":"Polygon","coordinates":[[[-73.79211,40.68705],[-73.78841,40.68199],[-73.78613,40.68299],[-73.78742,40.68476],[-73.78653,40.68511],[-73.79003,40.68727],[-73.79038,40.68775],[-73.79211,40.68705]]]},"properties":{"geoid":"36081027400","county":"081","county_name":"Queens","utility":"coned","utility_split":false,"homes":402,"homes_source":"pluto","multifamily_5plus_lots":0,"median_income":65234,"income_band":"60–100k","low_income_share":0.73,"median_year_built":1954,"pre1980":0.95,"owner":0.83,"fuel":{"gas":0.8,"propane":0.05,"electric":0.09,"oil":0.02,"other":0.02,"none":0.02},"dac":false,"dac_share":0,"score":62,"parts":{"volume":22.4,"fuel":8.2,"age":19.1,"owner":12.5,"incentive":0},"gaps":[]}},{"type":"Feature","geometry":{"type":"Polygon","coordinates":[[[-73.76358,40.67542],[-73.76368,40.67475],[-73.76339,40.67468],[-73.76249,40.67419],[-73.75704,40.67648],[-73.75685,40.67644],[-73.75677,40.67626],[-73.75652,40.67604],[-73.75576,40.67589],[-73.75523,40.67729],[-73.75485,40.67793],[-73.75268,40.68087],[-73.75172,40.68238],[-73.75097,40.6842],[-73.75242,40.68468],[-73.75283,40.68464],[-73.75331,40.68502],[-73.75865,40.68102],[-73.75888,40.68124],[-73.76026,40.68313],[-73.76046,40.68326],[-73.76183,40.67905],[-73.76289,40.6775],[-73.76325,40.67679],[-73.76343,40.67632],[-73.76358,40.67542]]]},"properties":{"geoid":"36081035200","county":"081","county_name":"Queens","utility":"coned","utility_split":false,"homes":593,"homes_source":"pluto","multifamily_5plus_lots":1,"median_income":105139,"income_band":"100–150k","low_income_share":0.42,"median_year_built":1952,"pre1980":0.94,"owner":0.78,"fuel":{"gas":0.86,"propane":0.04,"electric":0.08,"oil":0.02,"other":0,"none":0},"dac":false,"dac_share":0,"score":62,"parts":{"volume":23.9,"fuel":7.8,"age":18.8,"owner":11.7,"incentive":0},"gaps":[]}},{"type":"Feature","geometry":{"type":"Polygon","coordinates":[[[-73.76968,40.68433],[-73.76974,40.68378],[-73.76716,40.68237],[-73.76629,40.68197],[-73.76338,40.68567],[-73.764,40.6868],[-73.76481,40.68878],[-73.76508,40.68899],[-73.76737,40.68737],[-73.76956,40.68514],[-73.76968,40.68433]]]},"properties":{"geoid":"36081036800","county":"081","county_name":"Queens","utility":"coned","utility_split":false,"homes":554,"homes_source":"pluto","multifamily_5plus_lots":2,"median_income":125882,"income_band":"100–150k","low_income_share":0.44,"median_year_built":1943,"pre1980":0.98,"owner":0.8,"fuel":{"gas":0.95,"propane":0,"electric":0.03,"oil":0.01,"other":0,"none":0},"dac":false,"dac_share":0,"score":62,"parts":{"volume":23.6,"fuel":6.7,"age":19.6,"owner":12,"incentive":0},"gaps":[]}},{"type":"Feature","geometry":{"type":"Polygon","coordinates":[[[-73.8669,40.75436],[-73.86684,40.75401],[-73.86627,40.75278],[-73.8621,40.75389],[-73.86121,40.75393],[-73.86191,40.7578],[-73.86657,40.75754],[-73.86603,40.75455],[-73.8669,40.75436]]]},"properties":{"geoid":"36081037900","county":"081","county_name":"Queens","utility":"coned","utility_split":false,"homes":446,"homes_source":"pluto","multifamily_5plus_lots":44,"median_income":80927,"income_band":"60–100k","low_income_share":0.67,"median_year_built":1968,"pre1980":0.67,"owner":0.19,"fuel":{"gas":0.91,"propane":0.04,"electric":0,"oil":0.04,"other":0.01,"none":0},"dac":true,"dac_share":1,"score":62,"parts":{"volume":22.8,"fuel":7.8,"age":13.3,"owner":2.9,"incentive":15},"gaps":[]}},{"type":"Feature","geometry":{"type":"Polygon","coordinates":[[[-73.86358,40.75349],[-73.86175,40.74997],[-73.86112,40.75002],[-73.85876,40.75072],[-73.86041,40.75394],[-73.8621,40.75389],[-73.86358,40.75349]]]},"properties":{"geoid":"36081040302","county":"081","county_name":"Queens","utility":"coned","utility_split":false,"homes":230,"homes_source":"pluto","multifamily_5plus_lots":44,"median_income":70179,"income_band":"60–100k","low_income_share":0.61,"median_year_built":1959,"pre1980":0.58,"owner":0.27,"fuel":{"gas":0.75,"propane":0.17,"electric":0.02,"oil":0.05,"other":0,"none":0},"dac":true,"dac_share":1,"score":62,"parts":{"volume":20.4,"fuel":10.6,"age":11.6,"owner":4,"incentive":15},"gaps":[]}},{"type":"Feature","geometry":{"type":"Polygon","coordinates":[[[-73.86445,40.75326],[-73.8654,40.75301],[-73.86399,40.75041],[-73.8631,40.75067],[-73.86273,40.74987],[-73.86175,40.74997],[-73.86358,40.75349],[-73.86445,40.75326]]]},"properties":{"geoid":"36081040502","county":"081","county_name":"Queens","utility":"coned","utility_split":false,"homes":114,"homes_source":"pluto","multifamily_5plus_lots":22,"median_income":74091,"income_band":"60–100k","low_income_share":0.62,"median_year_built":1951,"pre1980":0.9,"owner":0.16,"fuel":{"gas":0.73,"propane":0.06,"electric":0.19,"oil":0.02,"other":0,"none":0},"dac":true,"dac_share":1,"score":62,"parts":{"volume":17.7,"fuel":9,"age":18.1,"owner":2.4,"incentive":15},"gaps":[]}},{"type":"Feature","geometry":{"type":"Polygon","coordinates":[[[-73.85988,40.74341],[-73.85754,40.74119],[-73.85645,40.74036],[-73.85638,40.74042],[-73.85313,40.73937],[-73.85236,40.74137],[-73.8534,40.74185],[-73.85495,40.74333],[-73.8568,40.74386],[-73.85868,40.74403],[-73.85878,40.74333],[-73.85988,40.74341]]]},"properties":{"geoid":"36081043900","county":"081","county_name":"Queens","utility":"coned","utility_split":false,"homes":396,"homes_source":"pluto","multifamily_5plus_lots":26,"median_income":68922,"income_band":"60–100k","low_income_share":0.76,"median_year_built":1955,"pre1980":0.73,"owner":0.16,"fuel":{"gas":0.78,"propane":0.01,"electric":0.04,"oil":0.1,"other":0,"none":0.06},"dac":true,"dac_share":1,"score":62,"parts":{"volume":22.4,"fuel":8.2,"age":14.5,"owner":2.4,"incentive":15},"gaps":[]}},{"type":"Feature","geometry":{"type":"Polygon","coordinates":[[[-73.87754,40.74622],[-73.8779,40.74559],[-73.87628,40.74487],[-73.8733,40.74876],[-73.87625,40.74844],[-73.87754,40.74622]]]},"properties":{"geoid":"36081046902","county":"081","county_name":"Queens","utility":"coned","utility_split":false,"homes":121,"homes_source":"pluto","multifamily_5plus_lots":13,"median_income":68353,"income_band":"60–100k","low_income_share":0.76,"median_year_built":1950,"pre1980":0.96,"owner":0.15,"fuel":{"gas":0.85,"propane":0.02,"electric":0.03,"oil":0.04,"other":0.02,"none":0.03},"dac":true,"dac_share":1,"score":62,"parts":{"volume":18,"fuel":7.6,"age":19.2,"owner":2.3,"incentive":15},"gaps":[]}},{"type":"Feature","geometry":{"type":"Polygon","coordinates":[[[-73.76734,40.70664],[-73.76705,40.70547],[-73.76657,40.70275],[-73.76613,40.70233],[-73.76126,40.7036],[-73.76213,40.7055],[-73.76195,40.7059],[-73.76197,40.70661],[-73.76176,40.70661],[-73.7623,40.70795],[-73.76734,40.70664]]]},"properties":{"geoid":"36081050400","county":"081","county_name":"Queens","utility":"coned","utility_split":false,"homes":346,"homes_source":"pluto","multifamily_5plus_lots":1,"median_income":131168,"income_band":"100–150k","low_income_share":0.34,"median_year_built":1945,"pre1980":0.86,"owner":0.64,"fuel":{"gas":0.5,"propane":0.03,"electric":0.12,"oil":0.29,"other":0.03,"none":0.04},"dac":false,"dac_share":0,"score":62,"parts":{"volume":21.9,"fuel":12.8,"age":17.2,"owner":9.6,"incentive":0},"gaps":[]}},{"type":"Feature","geometry":{"type":"Polygon","coordinates":[[[-73.90693,40.72757],[-73.90707,40.72747],[-73.9059,40.72686],[-73.90501,40.72653],[-73.9037,40.72621],[-73.89497,40.72541],[-73.89534,40.72592],[-73.89559,40.72897],[-73.89597,40.72906],[-73.89824,40.72887],[-73.89873,40.72838],[-73.89925,40.72905],[-73.90024,40.72902],[-73.90069,40.72872],[-73.90123,40.72863],[-73.90182,40.7288],[-73.90262,40.72934],[-73.90303,40.72876],[-73.90312,40.72738],[-73.90556,40.72855],[-73.90568,40.72855],[-73.90693,40.72757]]]},"properties":{"geoid":"36081051100","county":"081","county_name":"Queens","utility":"coned","utility_split":false,"homes":503,"homes_source":"pluto","multifamily_5plus_lots":3,"median_income":92647,"income_band":"60–100k","low_income_share":0.52,"median_year_built":1940,"pre1980":0.92,"owner":0.75,"fuel":{"gas":0.77,"propane":0,"electric":0.1,"oil":0.12,"other":0,"none":0.01},"dac":false,"dac_share":0,"score":62,"parts":{"volume":23.3,"fuel":9,"age":18.3,"owner":11.2,"incentive":0},"gaps":[]}},{"type":"Feature","geometry":{"type":"Polygon","coordinates":[[[-73.75047,40.70564],[-73.74773,40.69955],[-73.745,40.70026],[-73.74591,40.70229],[-73.74413,40.70274],[-73.74435,40.7032],[-73.74531,40.70395],[-73.74659,40.70513],[-73.7489,40.70453],[-73.74951,40.70589],[-73.75047,40.70564]]]},"properties":{"geoid":"36081051600","county":"081","county_name":"Queens","utility":"coned","utility_split":false,"homes":431,"homes_source":"pluto","multifamily_5plus_lots":1,"median_income":107500,"income_band":"100–150k","low_income_share":0.48,"median_year_built":1938,"pre1980":0.97,"owner":0.7,"fuel":{"gas":0.81,"propane":0.02,"electric":0.04,"oil":0.12,"other":0.01,"none":0},"dac":false,"dac_share":0,"score":62,"parts":{"volume":22.7,"fuel":9.2,"age":19.5,"owner":10.6,"incentive":0},"gaps":[]}},{"type":"Feature","geometry":{"type":"Polygon","coordinates":[[[-73.76007,40.70314],[-73.75733,40.69705],[-73.75467,40.69775],[-73.75741,40.70383],[-73.76007,40.70314]]]},"properties":{"geoid":"36081052200","county":"081","county_name":"Queens","utility":"coned","utility_split":false,"homes":372,"homes_source":"pluto","multifamily_5plus_lots":0,"median_income":86818,"income_band":"60–100k","low_income_share":0.53,"median_year_built":1938,"pre1980":1,"owner":0.78,"fuel":{"gas":0.82,"propane":0,"electric":0.09,"oil":0.09,"other":0,"none":0},"dac":false,"dac_share":0,"score":62,"parts":{"volume":22.1,"fuel":8.6,"age":20,"owner":11.6,"incentive":0},"gaps":[]}},{"type":"Feature","geometry":{"type":"Polygon","coordinates":[[[-73.76613,40.70233],[-73.76377,40.70026],[-73.76319,40.6996],[-73.76262,40.6987],[-73.75855,40.69976],[-73.76007,40.70314],[-73.76095,40.70291],[-73.76126,40.7036],[-73.76613,40.70233]]]},"properties":{"geoid":"36081052400","county":"081","county_name":"Queens","utility":"coned","utility_split":false,"homes":421,"homes_source":"pluto","multifamily_5plus_lots":0,"median_income":112838,"income_band":"100–150k","low_income_share":0.42,"median_year_built":1938,"pre1980":0.96,"owner":0.74,"fuel":{"gas":0.78,"propane":0.02,"electric":0.12,"oil":0.06,"other":0.02,"none":0},"dac":false,"dac_share":0,"score":62,"parts":{"volume":22.6,"fuel":8.7,"age":19.3,"owner":11.1,"incentive":0},"gaps":[]}},{"type":"Feature","geometry":{"type":"Polygon","coordinates":[[[-73.7443,40.70978],[-73.74486,40.70967],[-73.74351,40.70617],[-73.74431,40.70558],[-73.74331,40.70296],[-73.74149,40.70343],[-73.7405,40.70343],[-73.73982,40.7053],[-73.7418,40.70577],[-73.74125,40.70713],[-73.74122,40.70785],[-73.74214,40.71025],[-73.7443,40.70978]]]},"properties":{"geoid":"36081053800","county":"081","county_name":"Queens","utility":"coned","utility_split":false,"homes":364,"homes_source":"pluto","multifamily_5plus_lots":0,"median_income":121034,"income_band":"100–150k","low_income_share":0.42,"median_year_built":1938,"pre1980":0.97,"owner":0.79,"fuel":{"gas":0.84,"propane":0.08,"electric":0,"oil":0.07,"other":0.01,"none":0},"dac":false,"dac_share":0,"score":62,"parts":{"volume":22.1,"fuel":9,"age":19.4,"owner":11.8,"incentive":0},"gaps":[]}},{"type":"Feature","geometry":{"type":"Polygon","coordinates":[[[-73.74934,40.71515],[-73.74682,40.70913],[-73.7458,40.70947],[-73.7413,40.71049],[-73.73645,40.71204],[-73.7364,40.71213],[-73.73554,40.71186],[-73.73491,40.71303],[-73.74395,40.71567],[-73.74565,40.71596],[-73.74934,40.71515]]]},"properties":{"geoid":"36081054000","county":"081","county_name":"Queens","utility":"coned","utility_split":false,"homes":835,"homes_source":"pluto","multifamily_5plus_lots":2,"median_income":102174,"income_band":"100–150k","low_income_share":0.49,"median_year_built":1938,"pre1980":0.97,"owner":0.62,"fuel":{"gas":0.84,"propane":0,"electric":0.04,"oil":0.1,"other":0.02,"none":0},"dac":false,"dac_share":0,"score":62,"parts":{"volume":25,"fuel":8.5,"age":19.3,"owner":9.4,"incentive":0},"gaps":[]}},{"type":"Feature","geometry":{"type":"Polygon","coordinates":[[[-73.74475,40.72298],[-73.74548,40.72253],[-73.74282,40.72003],[-73.74025,40.72106],[-73.73949,40.72152],[-73.73776,40.72217],[-73.74105,40.72526],[-73.74475,40.72298]]]},"properties":{"geoid":"36081055800","county":"081","county_name":"Queens","utility":"coned","utility_split":false,"homes":435,"homes_source":"pluto","multifamily_5plus_lots":1,"median_income":78672,"income_band":"60–100k","low_income_share":0.56,"median_year_built":1938,"pre1980":0.99,"owner":0.72,"fuel":{"gas":0.78,"propane":0,"electric":0.15,"oil":0.05,"other":0,"none":0.01},"dac":false,"dac_share":0,"score":62,"parts":{"volume":22.7,"fuel":8.2,"age":19.8,"owner":10.8,"incentive":0},"gaps":[]}},{"type":"Feature","geometry":{"type":"Polygon","coordinates":[[[-73.89677,40.6968],[-73.8956,40.69513],[-73.89579,40.69474],[-73.89646,40.69448],[-73.89398,40.69308],[-73.89543,40.69417],[-73.89508,40.69459],[-73.89245,40.69523],[-73.89196,40.69441],[-73.88919,40.69494],[-73.88829,40.69524],[-73.88865,40.69583],[-73.88649,40.69644],[-73.88717,40.69685],[-73.88757,40.69723],[-73.88785,40.69773],[-73.88819,40.69886],[-73.89289,40.69774],[-73.89335,40.70089],[-73.89384,40.70086],[-73.895,40.69971],[-73.89485,40.69859],[-73.89578,40.69851],[-73.89559,40.69713],[-73.89677,40.6968]]]},"properties":{"geoid":"36081056700","county":"081","county_name":"Queens","utility":"coned","utility_split":false,"homes":982,"homes_source":"pluto","multifamily_5plus_lots":0,"median_income":111477,"income_band":"100–150k","low_income_share":0.48,"median_year_built":1938,"pre1980":0.9,"owner":0.67,"fuel":{"gas":0.77,"propane":0.01,"electric":0.09,"oil":0.09,"other":0.04,"none":0},"dac":false,"dac_share":0,"score":62,"parts":{"volume":25,"fuel":8.9,"age":18.1,"owner":10.1,"incentive":0},"gaps":[]}},{"type":"Feature","geometry":{"type":"Polygon","coordinates":[[[-73.90639,40.71736],[-73.90602,40.71574],[-73.90163,40.71632],[-73.90158,40.71614],[-73.89727,40.71815],[-73.89835,40.7192],[-73.89985,40.71837],[-73.90006,40.71805],[-73.90019,40.71801],[-73.9021,40.718],[-73.90639,40.71736]]]},"properties":{"geoid":"36081059900","county":"081","county_name":"Queens","utility":"coned","utility_split":false,"homes":359,"homes_source":"pluto","multifamily_5plus_lots":2,"median_income":120979,"income_band":"100–150k","low_income_share":0.42,"median_year_built":1938,"pre1980":0.94,"owner":0.73,"fuel":{"gas":0.75,"propane":0.07,"electric":0.04,"oil":0.14,"other":0,"none":0},"dac":false,"dac_share":0,"score":62,"parts":{"volume":22,"fuel":10.5,"age":18.8,"owner":11,"incentive":0},"gaps":[]}},{"type":"Feature","geometry":{"type":"Polygon","coordinates":[[[-73.8793,40.71548],[-73.88021,40.71524],[-73.87829,40.71283],[-73.87527,40.71314],[-73.87162,40.71329],[-73.87169,40.71426],[-73.87208,40.71599],[-73.87239,40.71783],[-73.87722,40.71723],[-73.87719,40.71562],[-73.8793,40.71548]]]},"properties":{"geoid":"36081065703","county":"081","county_name":"Queens","utility":"coned","utility_split":false,"homes":657,"homes_source":"pluto","multifamily_5plus_lots":7,"median_income":122434,"income_band":"100–150k","low_income_share":0.31,"median_year_built":1945,"pre1980":0.91,"owner":0.76,"fuel":{"gas":0.85,"propane":0.03,"electric":0.09,"oil":0.02,"other":0.01,"none":0},"dac":false,"dac_share":0,"score":62,"parts":{"volume":24.3,"fuel":7.9,"age":18.2,"owner":11.4,"incentive":0},"gaps":[]}},{"type":"Feature","geometry":{"type":"Polygon","coordinates":[[[-73.88666,40.7164],[-73.88635,40.71602],[-73.88505,40.71618],[-73.88164,40.71618],[-73.87794,40.7179],[-73.87917,40.71943],[-73.88103,40.71901],[-73.88666,40.7164]]]},"properties":{"geoid":"36081066100","county":"081","county_name":"Queens","utility":"coned","utility_split":false,"homes":446,"homes_source":"pluto","multifamily_5plus_lots":0,"median_income":116806,"income_band":"100–150k","low_income_share":0.45,"median_year_built":1959,"pre1980":0.95,"owner":0.85,"fuel":{"gas":0.88,"propane":0.03,"electric":0.08,"oil":0,"other":0.02,"none":0},"dac":false,"dac_share":0,"score":62,"parts":{"volume":22.8,"fuel":7.3,"age":19,"owner":12.8,"incentive":0},"gaps":[]}},{"type":"Feature","geometry":{"type":"Polygon","coordinates":[[[-73.87472,40.73467],[-73.87477,40.73463],[-73.87379,40.73425],[-73.86904,40.73285],[-73.86458,40.73419],[-73.8661,40.73725],[-73.87009,40.73652],[-73.8721,40.73599],[-73.87435,40.73497],[-73.87472,40.73467]]]},"properties":{"geoid":"36081068300","county":"081","county_name":"Queens","utility":"coned","utility_split":false,"homes":32,"homes_source":"pluto","multifamily_5plus_lots":12,"median_income":85771,"income_band":"60–100k","low_income_share":0.68,"median_year_built":1962,"pre1980":0.94,"owner":0.46,"fuel":{"gas":0.83,"propane":0.01,"electric":0.02,"oil":0.08,"other":0.03,"none":0.03},"dac":true,"dac_share":1,"score":62,"parts":{"volume":13.1,"fuel":8.1,"age":18.9,"owner":6.9,"incentive":15},"gaps":[]}},{"type":"Feature","geometry":{"type":"Polygon","coordinates":[[[-73.86014,40.72522],[-73.86204,40.72596],[-73.85865,40.72259],[-73.85852,40.72153],[-73.85711,40.72176],[-73.85061,40.71938],[-73.85043,40.72011],[-73.85004,40.72076],[-73.84943,40.72096],[-73.84525,40.71944],[-73.84518,40.71971],[-73.84479,40.72016],[-73.84398,40.72146],[-73.84733,40.72293],[-73.84913,40.72262],[-73.85135,40.72257],[-73.85559,40.72411],[-73.85584,40.72363],[-73.85984,40.72516],[-73.86014,40.72522]]]},"properties":{"geoid":"36081071100","county":"081","county_name":"Queens","utility":"coned","utility_split":false,"homes":363,"homes_source":"pluto","multifamily_5plus_lots":32,"median_income":100149,"income_band":"100–150k","low_income_share":0.5,"median_year_built":1956,"pre1980":0.98,"owner":0.67,"fuel":{"gas":0.73,"propane":0.03,"electric":0.07,"oil":0.14,"other":0.02,"none":0.01},"dac":false,"dac_share":0,"score":62,"parts":{"volume":22.1,"fuel":9.9,"age":19.6,"owner":10.1,"incentive":0},"gaps":[]}},{"type":"Feature","geometry":{"type":"Polygon","coordinates":[[[-73.82638,40.67153],[-73.82695,40.66972],[-73.8132,40.66725],[-73.81207,40.67087],[-73.82582,40.67335],[-73.82638,40.67153]]]},"properties":{"geoid":"36081083800","county":"081","county_name":"Queens","utility":"coned","utility_split":false,"homes":1026,"homes_source":"pluto","multifamily_5plus_lots":1,"median_income":100354,"income_band":"100–150k","low_income_share":0.5,"median_year_built":1951,"pre1980":0.9,"owner":0.65,"fuel":{"gas":0.76,"propane":0.01,"electric":0.15,"oil":0.08,"other":0,"none":0},"dac":false,"dac_share":0,"score":62,"parts":{"volume":25,"fuel":8.9,"age":18,"owner":9.7,"incentive":0},"gaps":[]}},{"type":"Feature","geometry":{"type":"Polygon","coordinates":[[[-73.82758,40.80394],[-73.82354,40.79713],[-73.82121,40.79904],[-73.81815,40.79432],[-73.81682,40.79103],[-73.81612,40.78827],[-73.81609,40.78781],[-73.81459,40.78738],[-73.81337,40.78716],[-73.81331,40.78749],[-73.8138,40.78884],[-73.81152,40.78937],[-73.81376,40.795],[-73.81302,40.79595],[-73.81179,40.79589],[-73.81174,40.79511],[-73.81044,40.79501],[-73.81043,40.7955],[-73.81056,40.7963],[-73.81015,40.79715],[-73.8113,40.8054],[-73.81742,40.80579],[-73.82344,40.80481],[-73.82758,40.80394]]]},"properties":{"geoid":"36081098100","county":"081","county_name":"Queens","utility":"coned","utility_split":false,"homes":688,"homes_source":"pluto","multifamily_5plus_lots":2,"median_income":129250,"income_band":"100–150k","low_income_share":0.37,"median_year_built":1955,"pre1980":0.8,"owner":0.74,"fuel":{"gas":0.75,"propane":0.05,"electric":0.03,"oil":0.16,"other":0,"none":0},"dac":false,"dac_share":0,"score":62,"parts":{"volume":24.4,"fuel":10.6,"age":16,"owner":11.1,"incentive":0},"gaps":[]}},{"type":"Feature","geometry":{"type":"Polygon","coordinates":[[[-73.76333,40.59782],[-73.763,40.59599],[-73.7613,40.59615],[-73.76041,40.5961],[-73.75962,40.59594],[-73.75796,40.59537],[-73.75602,40.5952],[-73.7532,40.59515],[-73.75321,40.59732],[-73.75248,40.59925],[-73.75407,40.5995],[-73.75375,40.60071],[-73.75787,40.60132],[-73.75794,40.60085],[-73.75914,40.60098],[-73.75966,40.60114],[-73.75971,40.60099],[-73.76166,40.59997],[-73.76129,40.59955],[-73.76182,40.59895],[-73.76255,40.59832],[-73.76333,40.59782]]]},"properties":{"geoid":"36081099801","county":"081","county_name":"Queens","utility":"psegli","utility_split":false,"homes":506,"homes_source":"pluto","multifamily_5plus_lots":19,"median_income":70278,"income_band":"60–100k","low_income_share":0.65,"median_year_built":1954,"pre1980":0.94,"owner":0.27,"fuel":{"gas":0.68,"propane":0.1,"electric":0.11,"oil":0.09,"other":0.02,"none":0},"dac":false,"dac_share":0,"score":62,"parts":{"volume":23.3,"fuel":10.7,"age":18.8,"owner":4.1,"incentive":4.9},"gaps":[]}},{"type":"Feature","geometry":{"type":"Polygon","coordinates":[[[-73.74574,40.6034],[-73.74563,40.60264],[-73.7454,40.60195],[-73.74455,40.59787],[-73.74359,40.59466],[-73.74338,40.59285],[-73.73718,40.59297],[-73.73741,40.59343],[-73.73764,40.59441],[-73.73808,40.59459],[-73.73846,40.59587],[-73.73827,40.60256],[-73.73846,40.60284],[-73.73852,40.60313],[-73.73924,40.60403],[-73.73946,40.60423],[-73.74029,40.6046],[-73.74057,40.60488],[-73.74059,40.60451],[-73.74116,40.60411],[-73.74109,40.60373],[-73.74232,40.60294],[-73.74314,40.60385],[-73.74574,40.6034]]]},"properties":{"geoid":"36081101002","county":"081","county_name":"Queens","utility":"psegli","utility_split":false,"homes":599,"homes_source":"pluto","multifamily_5plus_lots":3,"median_income":77188,"income_band":"60–100k","low_income_share":0.54,"median_year_built":1972,"pre1980":0.8,"owner":0.49,"fuel":{"gas":0.6,"propane":0.02,"electric":0.17,"oil":0.15,"other":0.06,"none":0.01},"dac":false,"dac_share":0,"score":62,"parts":{"volume":23.9,"fuel":10.8,"age":16,"owner":7.3,"incentive":4.1},"gaps":[]}},{"type":"Feature","geometry":{"type":"Polygon","coordinates":[[[-73.81479,40.777],[-73.81486,40.77649],[-73.80379,40.77561],[-73.80323,40.7797],[-73.80601,40.77993],[-73.8067,40.78069],[-73.8088,40.78086],[-73.80854,40.783],[-73.81172,40.78325],[-73.81168,40.78396],[-73.81381,40.78413],[-73.81479,40.777]]]},"properties":{"geoid":"36081103300","county":"081","county_name":"Queens","utility":"coned","utility_split":false,"homes":1096,"homes_source":"pluto","multifamily_5plus_lots":3,"median_income":123810,"income_band":"100–150k","low_income_share":0.43,"median_year_built":1959,"pre1980":0.85,"owner":0.71,"fuel":{"gas":0.8,"propane":0.01,"electric":0.03,"oil":0.15,"other":0,"none":0},"dac":false,"dac_share":0,"score":62,"parts":{"volume":25,"fuel":9.5,"age":16.9,"owner":10.6,"incentive":0},"gaps":[]}},{"type":"Feature","geometry":{"type":"Polygon","coordinates":[[[-73.82657,40.77235],[-73.82656,40.77014],[-73.81729,40.77148],[-73.81323,40.77157],[-73.81327,40.77205],[-73.81317,40.77276],[-73.81549,40.77295],[-73.81515,40.77436],[-73.81453,40.77889],[-73.82331,40.77958],[-73.82414,40.77748],[-73.82433,40.77674],[-73.82487,40.77654],[-73.82583,40.77592],[-73.82625,40.77452],[-73.82657,40.77235]]]},"properties":{"geoid":"36081104700","county":"081","county_name":"Queens","utility":"coned","utility_split":false,"homes":1272,"homes_source":"pluto","multifamily_5plus_lots":7,"median_income":66683,"income_band":"60–100k","low_income_share":0.68,"median_year_built":1957,"pre1980":0.83,"owner":0.62,"fuel":{"gas":0.7,"propane":0.01,"electric":0.06,"oil":0.2,"other":0.03,"none":0.01},"dac":false,"dac_share":0,"score":62,"parts":{"volume":25,"fuel":10.7,"age":16.7,"owner":9.4,"incentive":0},"gaps":[]}},{"type":"Feature","geometry":{"type":"Polygon","coordinates":[[[-73.7876,40.76439],[-73.78807,40.7642],[-73.78571,40.76294],[-73.78545,40.7626],[-73.78527,40.76184],[-73.77903,40.76238],[-73.78146,40.76707],[-73.7836,40.76645],[-73.78443,40.7661],[-73.7876,40.76439]]]},"properties":{"geoid":"36081113300","county":"081","county_name":"Queens","utility":"coned","utility_split":false,"homes":360,"homes_source":"pluto","multifamily_5plus_lots":4,"median_income":111094,"income_band":"100–150k","low_income_share":0.44,"median_year_built":1955,"pre1980":0.94,"owner":0.8,"fuel":{"gas":0.79,"propane":0.02,"electric":0.07,"oil":0.11,"other":0,"none":0.01},"dac":false,"dac_share":0,"score":62,"parts":{"volume":22,"fuel":9.1,"age":18.8,"owner":12,"incentive":0},"gaps":[]}},{"type":"Feature","geometry":{"type":"Polygon","coordinates":[[[-73.81523,40.72879],[-73.8151,40.72854],[-73.81475,40.72823],[-73.81074,40.72627],[-73.81069,40.72649],[-73.81112,40.72783],[-73.8109,40.73031],[-73.81039,40.73833],[-73.80942,40.7383],[-73.80941,40.7386],[-73.81322,40.73876],[-73.81506,40.73899],[-73.81469,40.73715],[-73.8148,40.73378],[-73.81502,40.73047],[-73.81523,40.72879]]]},"properties":{"geoid":"36081122702","county":"081","county_name":"Queens","utility":"coned","utility_split":false,"homes":167,"homes_source":"pluto","multifamily_5plus_lots":7,"median_income":26161,"income_band":"<60k","low_income_share":0.82,"median_year_built":1957,"pre1980":0.82,"owner":0.13,"fuel":{"gas":0.61,"propane":0.02,"electric":0.22,"oil":0.08,"other":0.02,"none":0.05},"dac":true,"dac_share":1,"score":62,"parts":{"volume":19.2,"fuel":9.3,"age":16.4,"owner":1.9,"incentive":15},"gaps":[]}},{"type":"Feature","geometry":{"type":"Polygon","coordinates":[[[-73.78821,40.73136],[-73.78655,40.72745],[-73.78116,40.72921],[-73.7758,40.73068],[-73.77491,40.73091],[-73.77011,40.73178],[-73.77286,40.73628],[-73.77952,40.73428],[-73.78821,40.73136]]]},"properties":{"geoid":"36081133300","county":"081","county_name":"Queens","utility":"coned","utility_split":false,"homes":1131,"homes_source":"pluto","multifamily_5plus_lots":0,"median_income":138602,"income_band":"100–150k","low_income_share":0.27,"median_year_built":1953,"pre1980":0.89,"owner":0.67,"fuel":{"gas":0.79,"propane":0,"electric":0.09,"oil":0.13,"other":0,"none":0},"dac":false,"dac_share":0,"score":62,"parts":{"volume":25,"fuel":9.2,"age":17.8,"owner":10,"incentive":0},"gaps":[]}},{"type":"Feature","geometry":{"type":"Polygon","coordinates":[[[-73.76776,40.74583],[-73.76698,40.74422],[-73.76681,40.74402],[-73.76645,40.74372],[-73.76557,40.74326],[-73.76361,40.73918],[-73.75648,40.74139],[-73.75347,40.7424],[-73.75495,40.74562],[-73.75687,40.74936],[-73.75791,40.74904],[-73.76058,40.74786],[-73.76147,40.74755],[-73.76776,40.74583]]]},"properties":{"geoid":"36081136700","county":"081","county_name":"Queens","utility":"coned","utility_split":false,"homes":733,"homes_source":"pluto","multifamily_5plus_lots":9,"median_income":82139,"income_band":"60–100k","low_income_share":0.63,"median_year_built":1956,"pre1980":0.89,"owner":0.68,"fuel":{"gas":0.77,"propane":0.02,"electric":0.04,"oil":0.14,"other":0,"none":0.03},"dac":false,"dac_share":0,"score":62,"parts":{"volume":24.7,"fuel":9.4,"age":17.8,"owner":10.2,"incentive":0},"gaps":[]}},{"type":"Feature","geometry":{"type":"Polygon","coordinates":[[[-73.77588,40.75326],[-73.77434,40.74983],[-73.76474,40.75246],[-73.7646,40.7526],[-73.7656,40.75322],[-73.76457,40.75351],[-73.76547,40.75437],[-73.76615,40.75575],[-73.76832,40.75547],[-73.76933,40.75521],[-73.7728,40.75427],[-73.77447,40.75357],[-73.77588,40.75326]]]},"properties":{"geoid":"36081143500","county":"081","county_name":"Queens","utility":"coned","utility_split":false,"homes":623,"homes_source":"pluto","multifamily_5plus_lots":1,"median_income":121875,"income_band":"100–150k","low_income_share":0.42,"median_year_built":1946,"pre1980":0.79,"owner":0.88,"fuel":{"gas":0.77,"propane":0.02,"electric":0.09,"oil":0.12,"other":0,"none":0},"dac":false,"dac_share":0,"score":62,"parts":{"volume":24.1,"fuel":9.3,"age":15.8,"owner":13.2,"incentive":0},"gaps":[]}},{"type":"Feature","geometry":{"type":"Polygon","coordinates":[[[-73.76934,40.76025],[-73.76828,40.75826],[-73.758,40.76038],[-73.75848,40.762],[-73.75802,40.76211],[-73.75788,40.76228],[-73.75784,40.76254],[-73.75836,40.7635],[-73.75886,40.76327],[-73.75921,40.76432],[-73.76641,40.76362],[-73.76646,40.76349],[-73.76636,40.76313],[-73.76819,40.76284],[-73.76752,40.76049],[-73.76934,40.76025]]]},"properties":{"geoid":"36081147100","county":"081","county_name":"Queens","utility":"coned","utility_split":false,"homes":631,"homes_source":"pluto","multifamily_5plus_lots":7,"median_income":106615,"income_band":"100–150k","low_income_share":0.49,"median_year_built":1955,"pre1980":0.87,"owner":0.7,"fuel":{"gas":0.72,"propane":0.03,"electric":0.09,"oil":0.13,"other":0.03,"none":0},"dac":false,"dac_share":0,"score":62,"parts":{"volume":24.1,"fuel":10,"age":17.4,"owner":10.5,"incentive":0},"gaps":[]}},{"type":"Feature","geometry":{"type":"Polygon","coordinates":[[[-73.75719,40.81069],[-73.75751,40.81031],[-73.75597,40.809],[-73.75481,40.80823],[-73.75428,40.80891],[-73.75385,40.80857],[-73.75368,40.8087],[-73.7529,40.80843],[-73.75282,40.80848],[-73.7515,40.8076],[-73.75217,40.80701],[-73.75031,40.80612],[-73.74942,40.80523],[-73.74876,40.80552],[-73.74735,40.80638],[-73.74715,40.80653],[-73.7473,40.8068],[-73.74401,40.80429],[-73.74155,40.8015],[-73.74359,40.8003],[-73.74418,40.80014],[-73.74437,40.80032],[-73.74571,40.79965],[-73.74558,40.79812],[-73.74388,40.7962],[-73.74269,40.79527],[-73.73962,40.79655],[-73.73876,40.79516],[-73.73778,40.794],[-73.73427,40.79608],[-73.73445,40.79713],[-73.73485,40.79781],[-73.73486,40.79819],[-73.73409,40.79968],[-73.73409,40.80001],[-73.73431,40.80041],[-73.73542,40.80143],[-73.73582,40.80206],[-73.73603,40.80266],[-73.73587,40.80337],[-73.73539,40.80417],[-73.73522,40.80513],[-73.73546,40.80808],[-73.73645,40.81108],[-73.7364,40.81139],[-73.73598,40.81196],[-73.73587,40.81228],[-73.7374,40.81254],[-73.73815,40.81283],[-73.73809,40.8119],[-73.73828,40.8116],[-73.73774,40.8116],[-73.73824,40.81045],[-73.73909,40.81022],[-73.74087,40.81011],[-73.74092,40.81092],[-73.74161,40.81094],[-73.74156,40.80995],[-73.74308,40.81016],[-73.74308,40.80981],[-73.74529,40.80939],[-73.74785,40.8087],[-73.75113,40.81],[-73.75173,40.8089],[-73.7527,40.80943],[-73.75213,40.81024],[-73.75394,40.81111],[-73.75471,40.81136],[-73.75611,40.81221],[-73.75667,40.81133],[-73.75719,40.81069]]]},"properties":{"geoid":"36059300300","county":"059","county_name":"Nassau","utility":"psegli","utility_split":false,"homes":1095,"homes_source":"acs_est","multifamily_5plus_lots":null,"median_income":109795,"income_band":"100–150k","low_income_share":0.41,"median_year_built":1952,"pre1980":0.76,"owner":0.65,"fuel":{"gas":0.75,"propane":0.04,"electric":0.11,"oil":0.07,"other":0.01,"none":0.01},"dac":false,"dac_share":0,"score":62,"parts":{"volume":25,"fuel":9.1,"age":15.3,"owner":9.7,"incentive":3.1},"gaps":[]}},{"type":"Feature","geometry":{"type":"Polygon","coordinates":[[[-73.64331,40.78132],[-73.643,40.77988],[-73.64076,40.7665],[-73.63655,40.76698],[-73.63069,40.76741],[-73.62857,40.7661],[-73.62634,40.7616],[-73.6266,40.75963],[-73.62379,40.75999],[-73.62496,40.76282],[-73.62532,40.76473],[-73.62576,40.77083],[-73.62578,40.77218],[-73.62561,40.77409],[-73.62514,40.7765],[-73.62513,40.77685],[-73.62525,40.77743],[-73.62557,40.77807],[-73.62626,40.77818],[-73.62678,40.77877],[-73.62775,40.77939],[-73.62872,40.77982],[-73.62957,40.77997],[-73.63247,40.78008],[-73.63907,40.78009],[-73.63931,40.78086],[-73.64331,40.78132]]]},"properties":{"geoid":"36059302501","county":"059","county_name":"Nassau","utility":"psegli","utility_split":false,"homes":893,"homes_source":"acs_est","multifamily_5plus_lots":null,"median_income":246250,"income_band":"150k+","low_income_share":0.2,"median_year_built":1963,"pre1980":0.61,"owner":0.95,"fuel":{"gas":0.81,"propane":0,"electric":0.04,"oil":0.15,"other":0,"none":0},"dac":false,"dac_share":0,"score":62,"parts":{"volume":25,"fuel":9.2,"age":12.1,"owner":14.2,"incentive":1.5},"gaps":[]}},{"type":"Feature","geometry":{"type":"Polygon","coordinates":[[[-73.75557,40.58309],[-73.7557,40.57869],[-73.73818,40.58018],[-73.72494,40.58065],[-73.7014,40.57914],[-73.70114,40.58327],[-73.70107,40.5907],[-73.71698,40.5915],[-73.72352,40.59236],[-73.73742,40.59346],[-73.73718,40.59297],[-73.74324,40.59284],[-73.74447,40.5929],[-73.74775,40.5915],[-73.75212,40.58818],[-73.7555,40.58539],[-73.75557,40.58309]]]},"properties":{"geoid":"36059416300","county":"059","county_name":"Nassau","utility":"psegli","utility_split":false,"homes":1727,"homes_source":"acs_est","multifamily_5plus_lots":null,"median_income":165536,"income_band":"150k+","low_income_share":0.33,"median_year_built":1955,"pre1980":0.73,"owner":0.83,"fuel":{"gas":0.9,"propane":0.01,"electric":0.07,"oil":0.02,"other":0.01,"none":0},"dac":false,"dac_share":0,"score":62,"parts":{"volume":25,"fuel":7.2,"age":14.6,"owner":12.4,"incentive":2.4},"gaps":[]}},{"type":"Feature","geometry":{"type":"Polygon","coordinates":[[[-73.65827,40.58913],[-73.65821,40.58625],[-73.64671,40.58634],[-73.64681,40.59445],[-73.6469,40.59499],[-73.64657,40.5957],[-73.65673,40.59536],[-73.65673,40.59364],[-73.65697,40.59231],[-73.65799,40.59045],[-73.65827,40.58913]]]},"properties":{"geoid":"36059416701","county":"059","county_name":"Nassau","utility":"psegli","utility_split":false,"homes":1256,"homes_source":"acs_est","multifamily_5plus_lots":null,"median_income":141998,"income_band":"100–150k","low_income_share":0.31,"median_year_built":1957,"pre1980":0.73,"owner":0.71,"fuel":{"gas":0.76,"propane":0.02,"electric":0.06,"oil":0.12,"other":0.02,"none":0.03},"dac":false,"dac_share":0,"score":62,"parts":{"volume":25,"fuel":9.2,"age":14.6,"owner":10.6,"incentive":2.4},"gaps":[]}},{"type":"Feature","geometry":{"type":"Polygon","coordinates":[[[-73.65845,40.57824],[-73.65861,40.57612],[-73.64668,40.57463],[-73.64656,40.58246],[-73.64667,40.58337],[-73.64671,40.58634],[-73.65821,40.58625],[-73.6581,40.58268],[-73.65845,40.57824]]]},"properties":{"geoid":"36059416702","county":"059","county_name":"Nassau","utility":"psegli","utility_split":false,"homes":353,"homes_source":"acs_est","multifamily_5plus_lots":null,"median_income":98735,"income_band":"60–100k","low_income_share":0.52,"median_year_built":1962,"pre1980":0.9,"owner":0.55,"fuel":{"gas":0.58,"propane":0.03,"electric":0.28,"oil":0.09,"other":0.01,"none":0},"dac":false,"dac_share":0,"score":62,"parts":{"volume":21.9,"fuel":10.4,"age":18,"owner":8.3,"incentive":3.9},"gaps":[]}},{"type":"Feature","geometry":{"type":"Polygon","coordinates":[[[-73.49159,40.81228],[-73.49163,40.81178],[-73.46572,40.81646],[-73.45637,40.81898],[-73.45162,40.81973],[-73.45444,40.83463],[-73.45462,40.835],[-73.45458,40.83513],[-73.45468,40.83591],[-73.45549,40.84016],[-73.45526,40.84087],[-73.45729,40.8408],[-73.45851,40.84006],[-73.45955,40.83981],[-73.45997,40.83991],[-73.4604,40.84032],[-73.46189,40.84107],[-73.46289,40.84128],[-73.46394,40.84125],[-73.46653,40.84069],[-73.46775,40.84004],[-73.46855,40.83975],[-73.4693,40.83928],[-73.46976,40.83914],[-73.47046,40.83909],[-73.47138,40.83934],[-73.47226,40.83937],[-73.47559,40.8385],[-73.48184,40.83778],[-73.48278,40.83787],[-73.48364,40.83693],[-73.48349,40.83663],[-73.48341,40.83614],[-73.4823,40.83232],[-73.48107,40.82839],[-73.48047,40.82443],[-73.47977,40.8226],[-73.48338,40.82176],[-73.48549,40.82143],[-73.48733,40.82068],[-73.48785,40.82054],[-73.48899,40.82044],[-73.48977,40.82054],[-73.49001,40.81735],[-73.48997,40.81682],[-73.49042,40.81511],[-73.49055,40.8141],[-73.49132,40.81264],[-73.49159,40.81228]]]},"properties":{"geoid":"36059518203","county":"059","county_name":"Nassau","utility":"psegli","utility_split":false,"homes":971,"homes_source":"acs_est","multifamily_5plus_lots":null,"median_income":175512,"income_band":"150k+","low_income_share":0.38,"median_year_built":1980,"pre1980":0.51,"owner":0.78,"fuel":{"gas":0.59,"propane":0.02,"electric":0.12,"oil":0.27,"other":0,"none":0},"dac":false,"dac_share":0,"score":62,"parts":{"volume":25,"fuel":12.4,"age":10.1,"owner":11.6,"incentive":2.8},"gaps":[]}},{"type":"Feature","geometry":{"type":"Polygon","coordinates":[[[-73.94243,40.754],[-73.93833,40.75182],[-73.93601,40.75434],[-73.93678,40.75475],[-73.93463,40.75694],[-73.93334,40.75624],[-73.93215,40.75771],[-73.93679,40.75988],[-73.94243,40.754]]]},"properties":{"geoid":"36081003302","county":"081","county_name":"Queens","utility":"coned","utility_split":false,"homes":118,"homes_source":"pluto","multifamily_5plus_lots":18,"median_income":80385,"income_band":"60–100k","low_income_share":0.58,"median_year_built":1945,"pre1980":0.82,"owner":0.17,"fuel":{"gas":0.56,"propane":0.04,"electric":0.26,"oil":0.05,"other":0,"none":0.08},"dac":true,"dac_share":1,"score":61,"parts":{"volume":17.9,"fuel":9.1,"age":16.4,"owner":2.6,"incentive":15},"gaps":[]}},{"type":"Feature","geometry":{"type":"Polygon","coordinates":[[[-73.93679,40.75988],[-73.93215,40.75771],[-73.92965,40.7608],[-73.93398,40.76283],[-73.93679,40.75988]]]},"properties":{"geoid":"36081004700","county":"081","county_name":"Queens","utility":"coned","utility_split":false,"homes":122,"homes_source":"pluto","multifamily_5plus_lots":30,"median_income":56333,"income_band":"<60k","low_income_share":0.8,"median_year_built":1952,"pre1980":0.97,"owner":0.06,"fuel":{"gas":0.76,"propane":0.01,"electric":0.14,"oil":0.06,"other":0.01,"none":0.03},"dac":true,"dac_share":1,"score":61,"parts":{"volume":18,"fuel":8.2,"age":19.4,"owner":0.9,"incentive":15},"gaps":[]}},{"type":"Feature","geometry":{"type":"Polygon","coordinates":[[[-73.9273,40.77053],[-73.92781,40.76989],[-73.91978,40.76615],[-73.91849,40.76773],[-73.91996,40.76844],[-73.91812,40.77003],[-73.919,40.77031],[-73.92124,40.76838],[-73.9259,40.77226],[-73.9273,40.77053]]]},"properties":{"geoid":"36081007100","county":"081","county_name":"Queens","utility":"coned","utility_split":false,"homes":229,"homes_source":"pluto","multifamily_5plus_lots":129,"median_income":89562,"income_band":"60–100k","low_income_share":0.54,"median_year_built":1942,"pre1980":0.77,"owner":0.05,"fuel":{"gas":0.76,"propane":0.07,"electric":0.11,"oil":0.05,"other":0,"none":0},"dac":true,"dac_share":1,"score":61,"parts":{"volume":20.3,"fuel":9.2,"age":15.3,"owner":0.8,"incentive":15},"gaps":[]}},{"type":"Feature","geometry":{"type":"Polygon","coordinates":[[[-73.93551,40.77754],[-73.93586,40.77721],[-73.93026,40.77547],[-73.93105,40.77398],[-73.92988,40.77361],[-73.92904,40.77517],[-73.9282,40.77491],[-73.92834,40.77464],[-73.92686,40.77418],[-73.92691,40.77409],[-73.92493,40.77349],[-73.92398,40.77462],[-73.92828,40.7769],[-73.92861,40.77659],[-73.92988,40.77622],[-73.93063,40.77659],[-73.93107,40.77726],[-73.93105,40.77744],[-73.93185,40.77789],[-73.93272,40.77803],[-73.93277,40.77792],[-73.93391,40.77812],[-73.93474,40.77808],[-73.93508,40.77794],[-73.93551,40.77754]]]},"properties":{"geoid":"36081009100","county":"081","county_name":"Queens","utility":"coned","utility_split":false,"homes":193,"homes_source":"pluto","multifamily_5plus_lots":32,"median_income":99070,"income_band":"60–100k","low_income_share":0.52,"median_year_built":1983,"pre1980":0.42,"owner":0.42,"fuel":{"gas":0.32,"propane":0.02,"electric":0.57,"oil":0.08,"other":0,"none":0.01},"dac":true,"dac_share":1,"score":61,"parts":{"volume":19.7,"fuel":11.6,"age":8.4,"owner":6.3,"incentive":15},"gaps":[]}},{"type":"Feature","geometry":{"type":"Polygon","coordinates":[[[-73.92708,40.74396],[-73.92744,40.74212],[-73.92559,40.74191],[-73.92451,40.74732],[-73.92635,40.74755],[-73.92708,40.74396]]]},"properties":{"geoid":"36081017901","county":"081","county_name":"Queens","utility":"coned","utility_split":false,"homes":37,"homes_source":"pluto","multifamily_5plus_lots":17,"median_income":81319,"income_band":"60–100k","low_income_share":0.67,"median_year_built":1938,"pre1980":0.91,"owner":0.05,"fuel":{"gas":0.59,"propane":0.04,"electric":0.07,"oil":0.3,"other":0.01,"none":0},"dac":true,"dac_share":1,"score":61,"parts":{"volume":13.6,"fuel":13,"age":18.2,"owner":0.8,"incentive":15},"gaps":[]}},{"type":"Feature","geometry":{"type":"Polygon","coordinates":[[[-73.93879,40.73534],[-73.93802,40.73432],[-73.93742,40.73376],[-73.93442,40.73488],[-73.93478,40.73555],[-73.93265,40.73634],[-73.92995,40.73754],[-73.9311,40.73807],[-73.93023,40.74245],[-73.93487,40.74298],[-73.93524,40.74113],[-73.93431,40.74103],[-73.93495,40.73782],[-73.93508,40.73749],[-73.93676,40.73572],[-73.93683,40.73584],[-73.93724,40.73568],[-73.93732,40.73581],[-73.93879,40.73534]]]},"properties":{"geoid":"36081019901","county":"081","county_name":"Queens","utility":"coned","utility_split":false,"homes":48,"homes_source":"pluto","multifamily_5plus_lots":14,"median_income":null,"income_band":null,"low_income_share":0.94,"median_year_built":1938,"pre1980":0.83,"owner":0.4,"fuel":{"gas":0.84,"propane":0,"electric":0.04,"oil":0.11,"other":0,"none":0},"dac":true,"dac_share":1,"score":61,"parts":{"volume":14.6,"fuel":8.7,"age":16.5,"owner":6.1,"incentive":15},"gaps":[]}},{"type":"Feature","geometry":{"type":"Polygon","coordinates":[[[-73.79723,40.69836],[-73.79754,40.6982],[-73.79601,40.69667],[-73.79482,40.69498],[-73.79364,40.69347],[-73.791,40.69459],[-73.79216,40.69618],[-73.7869,40.69839],[-73.78839,40.69972],[-73.7905,40.70179],[-73.79116,40.70229],[-73.79205,40.70222],[-73.79237,40.70212],[-73.79187,40.70137],[-73.7926,40.70043],[-73.79358,40.69976],[-73.79572,40.69902],[-73.79723,40.69836]]]},"properties":{"geoid":"36081025402","county":"081","county_name":"Queens","utility":"coned","utility_split":false,"homes":506,"homes_source":"pluto","multifamily_5plus_lots":15,"median_income":41822,"income_band":"<60k","low_income_share":0.79,"median_year_built":1972,"pre1980":0.55,"owner":0.23,"fuel":{"gas":0.79,"propane":0.02,"electric":0.06,"oil":0.1,"other":0,"none":0.03},"dac":true,"dac_share":1,"score":61,"parts":{"volume":23.3,"fuel":8.5,"age":11,"owner":3.5,"incentive":15},"gaps":[]}},{"type":"Feature","geometry":{"type":"Polygon","coordinates":[[[-73.79781,40.69172],[-73.79803,40.69162],[-73.79733,40.69063],[-73.79665,40.68985],[-73.79467,40.69071],[-73.79481,40.69089],[-73.78893,40.6934],[-73.79125,40.69656],[-73.79216,40.69618],[-73.791,40.69459],[-73.79781,40.69172]]]},"properties":{"geoid":"36081026000","county":"081","county_name":"Queens","utility":"coned","utility_split":false,"homes":275,"homes_source":"pluto","multifamily_5plus_lots":5,"median_income":63565,"income_band":"60–100k","low_income_share":0.73,"median_year_built":1957,"pre1980":0.63,"owner":0.33,"fuel":{"gas":0.85,"propane":0.04,"electric":0.05,"oil":0.03,"other":0.01,"none":0.02},"dac":true,"dac_share":1,"score":61,"parts":{"volume":21,"fuel":7.8,"age":12.6,"owner":5,"incentive":15},"gaps":[]}},{"type":"Feature","geometry":{"type":"Polygon","coordinates":[[[-73.77372,40.67214],[-73.7745,40.67183],[-73.77154,40.66796],[-73.75763,40.66645],[-73.75699,40.66774],[-73.75644,40.66967],[-73.75646,40.67168],[-73.75636,40.67243],[-73.75822,40.67269],[-73.75857,40.67264],[-73.76032,40.67511],[-73.76249,40.67419],[-73.76339,40.67468],[-73.76368,40.67475],[-73.76381,40.67377],[-73.76405,40.67285],[-73.76435,40.67185],[-73.76466,40.67132],[-73.771,40.67091],[-73.77118,40.67253],[-73.77372,40.67214]]]},"properties":{"geoid":"36081033000","county":"081","county_name":"Queens","utility":"coned","utility_split":false,"homes":1375,"homes_source":"pluto","multifamily_5plus_lots":2,"median_income":105013,"income_band":"100–150k","low_income_share":0.45,"median_year_built":1938,"pre1980":0.84,"owner":0.72,"fuel":{"gas":0.85,"propane":0.04,"electric":0.03,"oil":0.08,"other":0,"none":0},"dac":false,"dac_share":0,"score":61,"parts":{"volume":25,"fuel":8.6,"age":16.8,"owner":10.9,"incentive":0},"gaps":[]}},{"type":"Feature","geometry":{"type":"Polygon","coordinates":[[[-73.86943,40.74916],[-73.86891,40.74837],[-73.86853,40.74759],[-73.86791,40.74493],[-73.86609,40.74547],[-73.8671,40.74743],[-73.86735,40.74736],[-73.86846,40.74926],[-73.86943,40.74916]]]},"properties":{"geoid":"36081037501","county":"081","county_name":"Queens","utility":"coned","utility_split":false,"homes":84,"homes_source":"pluto","multifamily_5plus_lots":22,"median_income":92647,"income_band":"60–100k","low_income_share":0.66,"median_year_built":1953,"pre1980":0.94,"owner":0.16,"fuel":{"gas":0.82,"propane":0.03,"electric":0.09,"oil":0.06,"other":0,"none":0},"dac":true,"dac_share":1,"score":61,"parts":{"volume":16.6,"fuel":8.6,"age":18.7,"owner":2.4,"incentive":15},"gaps":[]}},{"type":"Feature","geometry":{"type":"Polygon","coordinates":[[[-73.87311,40.75685],[-73.87366,40.7568],[-73.87084,40.75154],[-73.86943,40.74916],[-73.86846,40.74926],[-73.86995,40.75179],[-73.87064,40.75329],[-73.87132,40.75704],[-73.87311,40.75685]]]},"properties":{"geoid":"36081037502","county":"081","county_name":"Queens","utility":"coned","utility_split":false,"homes":137,"homes_source":"pluto","multifamily_5plus_lots":19,"median_income":70625,"income_band":"60–100k","low_income_share":0.73,"median_year_built":1953,"pre1980":0.84,"owner":0.13,"fuel":{"gas":0.8,"propane":0.01,"electric":0.03,"oil":0.13,"other":0.01,"none":0.03},"dac":true,"dac_share":1,"score":61,"parts":{"volume":18.4,"fuel":8.9,"age":16.8,"owner":2,"incentive":15},"gaps":[]}},{"type":"Feature","geometry":{"type":"Polygon","coordinates":[[[-73.76073,40.6851],[-73.76043,40.68339],[-73.76046,40.68326],[-73.76026,40.68313],[-73.75888,40.68124],[-73.75865,40.68102],[-73.75331,40.68502],[-73.75283,40.68464],[-73.75242,40.68468],[-73.75097,40.6842],[-73.75002,40.68589],[-73.74877,40.68742],[-73.74722,40.68972],[-73.74812,40.69013],[-73.74869,40.68928],[-73.74957,40.69068],[-73.74979,40.6906],[-73.7517,40.6946],[-73.75508,40.69366],[-73.75381,40.69097],[-73.75641,40.69012],[-73.75683,40.69083],[-73.75683,40.69104],[-73.7571,40.69165],[-73.75879,40.69118],[-73.75849,40.69053],[-73.75868,40.69047],[-73.75716,40.68791],[-73.75689,40.688],[-73.75611,40.68676],[-73.76073,40.6851]]]},"properties":{"geoid":"36081037600","county":"081","county_name":"Queens","utility":"coned","utility_split":false,"homes":1457,"homes_source":"pluto","multifamily_5plus_lots":0,"median_income":112955,"income_band":"100–150k","low_income_share":0.46,"median_year_built":1951,"pre1980":0.86,"owner":0.69,"fuel":{"gas":0.85,"propane":0.04,"electric":0.06,"oil":0.05,"other":0,"none":0},"dac":false,"dac_share":0,"score":61,"parts":{"volume":25,"fuel":8.3,"age":17.3,"owner":10.3,"incentive":0},"gaps":[]}},{"type":"Feature","geometry":{"type":"Polygon","coordinates":[[[-73.86029,40.75394],[-73.86041,40.75394],[-73.85876,40.75072],[-73.85456,40.75196],[-73.8558,40.75441],[-73.85845,40.75394],[-73.86029,40.75394]]]},"properties":{"geoid":"36081040102","county":"081","county_name":"Queens","utility":"coned","utility_split":false,"homes":256,"homes_source":"pluto","multifamily_5plus_lots":40,"median_income":75660,"income_band":"60–100k","low_income_share":0.8,"median_year_built":1957,"pre1980":0.81,"owner":0.07,"fuel":{"gas":0.83,"propane":0.04,"electric":0.11,"oil":0.01,"other":0,"none":0},"dac":true,"dac_share":1,"score":61,"parts":{"volume":20.7,"fuel":7.9,"age":16.3,"owner":1,"incentive":15},"gaps":[]}},{"type":"Feature","geometry":{"type":"Polygon","coordinates":[[[-73.77231,40.70057],[-73.77088,40.6983],[-73.76929,40.69665],[-73.76858,40.69703],[-73.76508,40.70143],[-73.76699,40.70314],[-73.76838,40.70141],[-73.76994,40.70214],[-73.77231,40.70057]]]},"properties":{"geoid":"36081040200","county":"081","county_name":"Queens","utility":"coned","utility_split":false,"homes":363,"homes_source":"pluto","multifamily_5plus_lots":0,"median_income":103214,"income_band":"100–150k","low_income_share":0.47,"median_year_built":1938,"pre1980":0.95,"owner":0.78,"fuel":{"gas":0.81,"propane":0,"electric":0.04,"oil":0.12,"other":0,"none":0.04},"dac":false,"dac_share":0,"score":61,"parts":{"volume":22.1,"fuel":8.5,"age":19.1,"owner":11.7,"incentive":0},"gaps":[]}},{"type":"Feature","geometry":{"type":"Polygon","coordinates":[[[-73.87069,40.75356],[-73.87064,40.75329],[-73.86995,40.75179],[-73.86846,40.74926],[-73.86656,40.74946],[-73.86821,40.75226],[-73.86881,40.75352],[-73.86891,40.75394],[-73.87069,40.75356]]]},"properties":{"geoid":"36081040902","county":"081","county_name":"Queens","utility":"coned","utility_split":false,"homes":186,"homes_source":"pluto","multifamily_5plus_lots":28,"median_income":84091,"income_band":"60–100k","low_income_share":0.54,"median_year_built":1950,"pre1980":0.75,"owner":0.22,"fuel":{"gas":0.88,"propane":0,"electric":0.02,"oil":0.1,"other":0,"none":0},"dac":true,"dac_share":1,"score":61,"parts":{"volume":19.6,"fuel":8.2,"age":15,"owner":3.2,"incentive":15},"gaps":[]}},{"type":"Feature","geometry":{"type":"Polygon","coordinates":[[[-73.79489,40.70546],[-73.79252,40.70241],[-73.79237,40.70212],[-73.79205,40.70222],[-73.79116,40.70229],[-73.78966,40.70304],[-73.78598,40.70419],[-73.78257,40.70543],[-73.78035,40.70541],[-73.77784,40.70322],[-73.77691,40.70252],[-73.77396,40.69981],[-73.77298,40.70038],[-73.77231,40.70057],[-73.77504,40.70523],[-73.77563,40.70535],[-73.77547,40.70639],[-73.77514,40.70688],[-73.77356,40.70788],[-73.76844,40.70964],[-73.76881,40.70981],[-73.77084,40.71017],[-73.77165,40.71022],[-73.77174,40.71031],[-73.77605,40.70911],[-73.77868,40.70878],[-73.78277,40.708],[-73.78674,40.70789],[-73.78869,40.70747],[-73.79146,40.70668],[-73.79253,40.70636],[-73.79489,40.70546]]]},"properties":{"geoid":"36081044400","county":"081","county_name":"Queens","utility":"coned","utility_split":false,"homes":434,"homes_source":"pluto","multifamily_5plus_lots":7,"median_income":46434,"income_band":"<60k","low_income_share":0.72,"median_year_built":1974,"pre1980":0.57,"owner":0.23,"fuel":{"gas":0.83,"propane":0.02,"electric":0.09,"oil":0.04,"other":0.01,"none":0},"dac":true,"dac_share":1,"score":61,"parts":{"volume":22.7,"fuel":8.1,"age":11.4,"owner":3.5,"incentive":15},"gaps":[]}},{"type":"Feature","geometry":{"type":"Polygon","coordinates":[[[-73.7752,40.71846],[-73.77357,40.71512],[-73.76733,40.71729],[-73.76447,40.71889],[-73.75944,40.72106],[-73.76029,40.72205],[-73.76117,40.72276],[-73.7648,40.72468],[-73.7654,40.72429],[-73.76487,40.72343],[-73.76504,40.7226],[-73.76489,40.72239],[-73.7655,40.72222],[-73.76601,40.72243],[-73.76626,40.72243],[-73.76923,40.7213],[-73.77007,40.72162],[-73.77038,40.72143],[-73.77059,40.72106],[-73.77046,40.72069],[-73.77051,40.72041],[-73.77061,40.72031],[-73.77097,40.72021],[-73.77154,40.72035],[-73.7717,40.72031],[-73.77178,40.72019],[-73.77175,40.71999],[-73.7714,40.71979],[-73.77122,40.71955],[-73.77099,40.71832],[-73.77088,40.71815],[-73.77096,40.718],[-73.77135,40.71801],[-73.77253,40.71763],[-73.77334,40.71792],[-73.77425,40.71848],[-73.7752,40.71846]]]},"properties":{"geoid":"36081047801","county":"081","county_name":"Queens","utility":"coned","utility_split":false,"homes":372,"homes_source":"pluto","multifamily_5plus_lots":11,"median_income":56848,"income_band":"<60k","low_income_share":0.63,"median_year_built":1955,"pre1980":0.96,"owner":0.71,"fuel":{"gas":0.83,"propane":0.06,"electric":0,"oil":0.08,"other":0.02,"none":0.01},"dac":false,"dac_share":0,"score":61,"parts":{"volume":22.1,"fuel":9,"age":19.2,"owner":10.7,"incentive":0},"gaps":[]}},{"type":"Feature","geometry":{"type":"Polygon","coordinates":[[[-73.76571,40.71639],[-73.76464,40.71496],[-73.76402,40.71332],[-73.76065,40.71345],[-73.75607,40.7135],[-73.75507,40.71362],[-73.75404,40.71388],[-73.75833,40.71958],[-73.76571,40.71639]]]},"properties":{"geoid":"36081048400","county":"081","county_name":"Queens","utility":"coned","utility_split":false,"homes":957,"homes_source":"pluto","multifamily_5plus_lots":3,"median_income":86726,"income_band":"60–100k","low_income_share":0.59,"median_year_built":1938,"pre1980":0.94,"owner":0.61,"fuel":{"gas":0.85,"propane":0.03,"electric":0.06,"oil":0.05,"other":0,"none":0.01},"dac":false,"dac_share":0,"score":61,"parts":{"volume":25,"fuel":8,"age":18.7,"owner":9.1,"incentive":0},"gaps":[]}},{"type":"Feature","geometry":{"type":"Polygon","coordinates":[[[-73.75872,40.70881],[-73.75762,40.70617],[-73.75746,40.70616],[-73.75652,40.70406],[-73.75205,40.70523],[-73.75282,40.70697],[-73.75302,40.70692],[-73.75425,40.70988],[-73.75872,40.70881]]]},"properties":{"geoid":"36081050800","county":"081","county_name":"Queens","utility":"coned","utility_split":false,"homes":397,"homes_source":"pluto","multifamily_5plus_lots":6,"median_income":77040,"income_band":"60–100k","low_income_share":0.64,"median_year_built":1942,"pre1980":1,"owner":0.65,"fuel":{"gas":0.83,"propane":0.01,"electric":0.03,"oil":0.1,"other":0,"none":0.04},"dac":false,"dac_share":0,"score":61,"parts":{"volume":22.4,"fuel":8.3,"age":20,"owner":9.8,"incentive":0},"gaps":[]}},{"type":"Feature","geometry":{"type":"Polygon","coordinates":[[[-73.91104,40.69953],[-73.90612,40.69675],[-73.90249,40.70048],[-73.90368,40.70041],[-73.91104,40.69953]]]},"properties":{"geoid":"36081055300","county":"081","county_name":"Queens","utility":"coned","utility_split":false,"homes":181,"homes_source":"pluto","multifamily_5plus_lots":53,"median_income":90114,"income_band":"60–100k","low_income_share":0.59,"median_year_built":1938,"pre1980":0.79,"owner":0.05,"fuel":{"gas":0.62,"propane":0.04,"electric":0.26,"oil":0.05,"other":0,"none":0.03},"dac":true,"dac_share":1,"score":61,"parts":{"volume":19.5,"fuel":9.5,"age":15.8,"owner":0.8,"incentive":15},"gaps":[]}},{"type":"Feature","geometry":{"type":"Polygon","coordinates":[[[-73.74114,40.70181],[-73.7414,40.70133],[-73.73397,40.69915],[-73.73348,40.7001],[-73.73342,40.70099],[-73.73438,40.70102],[-73.7343,40.70248],[-73.74078,40.70268],[-73.74114,40.70181]]]},"properties":{"geoid":"36081059000","county":"081","county_name":"Queens","utility":"coned","utility_split":false,"homes":309,"homes_source":"pluto","multifamily_5plus_lots":0,"median_income":93750,"income_band":"60–100k","low_income_share":0.55,"median_year_built":1942,"pre1980":0.93,"owner":0.79,"fuel":{"gas":0.81,"propane":0,"electric":0.07,"oil":0.11,"other":0,"none":0.01},"dac":false,"dac_share":0,"score":61,"parts":{"volume":21.5,"fuel":8.7,"age":18.7,"owner":11.9,"incentive":0},"gaps":[]}},{"type":"Feature","geometry":{"type":"Polygon","coordinates":[[[-73.73388,40.6858],[-73.73396,40.68564],[-73.72586,40.68322],[-73.7258,40.68435],[-73.726,40.68693],[-73.72702,40.68735],[-73.73224,40.68894],[-73.73388,40.6858]]]},"properties":{"geoid":"36081061400","county":"081","county_name":"Queens","utility":"coned","utility_split":false,"homes":331,"homes_source":"pluto","multifamily_5plus_lots":0,"median_income":132159,"income_band":"100–150k","low_income_share":0.32,"median_year_built":1948,"pre1980":0.93,"owner":0.88,"fuel":{"gas":0.91,"propane":0.04,"electric":0.03,"oil":0.02,"other":0,"none":0},"dac":false,"dac_share":0,"score":61,"parts":{"volume":21.7,"fuel":7.6,"age":18.6,"owner":13.2,"incentive":0},"gaps":[]}},{"type":"Feature","geometry":{"type":"Polygon","coordinates":[[[-73.73979,40.67739],[-73.74046,40.67612],[-73.73693,40.67493],[-73.73506,40.67399],[-73.73303,40.6765],[-73.73187,40.67757],[-73.73855,40.67963],[-73.73979,40.67739]]]},"properties":{"geoid":"36081061800","county":"081","county_name":"Queens","utility":"coned","utility_split":false,"homes":262,"homes_source":"pluto","multifamily_5plus_lots":4,"median_income":112868,"income_band":"100–150k","low_income_share":0.42,"median_year_built":1948,"pre1980":0.95,"owner":0.8,"fuel":{"gas":0.81,"propane":0.02,"electric":0.06,"oil":0.11,"other":0,"none":0},"dac":false,"dac_share":0,"score":61,"parts":{"volume":20.8,"fuel":9.1,"age":18.9,"owner":12,"incentive":0},"gaps":[]}},{"type":"Feature","geometry":{"type":"Polygon","coordinates":[[[-73.85705,40.73251],[-73.85523,40.72897],[-73.85251,40.72978],[-73.85213,40.72913],[-73.85133,40.72961],[-73.85025,40.72966],[-73.85079,40.73029],[-73.85252,40.73362],[-73.8547,40.73283],[-73.85705,40.73251]]]},"properties":{"geoid":"36081072100","county":"081","county_name":"Queens","utility":"coned","utility_split":false,"homes":236,"homes_source":"pluto","multifamily_5plus_lots":14,"median_income":100976,"income_band":"100–150k","low_income_share":0.49,"median_year_built":1952,"pre1980":0.99,"owner":0.72,"fuel":{"gas":0.7,"propane":0.03,"electric":0.07,"oil":0.17,"other":0.01,"none":0.02},"dac":false,"dac_share":0,"score":61,"parts":{"volume":20.4,"fuel":10.4,"age":19.9,"owner":10.7,"incentive":0},"gaps":[]}},{"type":"Feature","geometry":{"type":"Polygon","coordinates":[[[-73.85575,40.71123],[-73.85092,40.71047],[-73.84871,40.71394],[-73.85303,40.71552],[-73.85575,40.71123]]]},"properties":{"geoid":"36081072900","county":"081","county_name":"Queens","utility":"coned","utility_split":false,"homes":419,"homes_source":"pluto","multifamily_5plus_lots":1,"median_income":104767,"income_band":"100–150k","low_income_share":0.42,"median_year_built":1938,"pre1980":0.98,"owner":0.78,"fuel":{"gas":0.93,"propane":0.02,"electric":0.03,"oil":0.01,"other":0,"none":0},"dac":false,"dac_share":0,"score":61,"parts":{"volume":22.6,"fuel":7.1,"age":19.5,"owner":11.6,"incentive":0},"gaps":[]}},{"type":"Feature","geometry":{"type":"Polygon","coordinates":[[[-73.83593,40.7435],[-73.83586,40.74323],[-73.83301,40.7426],[-73.83113,40.74234],[-73.8313,40.73956],[-73.83054,40.73752],[-73.82947,40.73702],[-73.82809,40.73708],[-73.82805,40.73856],[-73.82717,40.73851],[-73.82643,40.7387],[-73.82586,40.73906],[-73.82558,40.7394],[-73.82499,40.73938],[-73.82481,40.73963],[-73.82487,40.73986],[-73.82006,40.73883],[-73.81693,40.73839],[-73.81633,40.73845],[-73.81608,40.73886],[-73.81497,40.73855],[-73.81506,40.73899],[-73.81713,40.73955],[-73.82355,40.74171],[-73.82583,40.74241],[-73.82708,40.74264],[-73.83593,40.7435]]]},"properties":{"geoid":"36081080302","county":"081","county_name":"Queens","utility":"coned","utility_split":false,"homes":847,"homes_source":"pluto","multifamily_5plus_lots":0,"median_income":82358,"income_band":"60–100k","low_income_share":0.55,"median_year_built":1956,"pre1980":0.8,"owner":0.78,"fuel":{"gas":0.85,"propane":0.05,"electric":0.05,"oil":0.04,"other":0,"none":0.01},"dac":false,"dac_share":0,"score":61,"parts":{"volume":25,"fuel":8.3,"age":16,"owner":11.8,"incentive":0},"gaps":[]}},{"type":"Feature","geometry":{"type":"Polygon","coordinates":[[[-73.82584,40.74935],[-73.82599,40.74831],[-73.82399,40.74786],[-73.82326,40.74753],[-73.82341,40.74584],[-73.82426,40.74442],[-73.82538,40.74229],[-73.81713,40.73955],[-73.81506,40.73899],[-73.81513,40.73992],[-73.81499,40.74079],[-73.81374,40.7448],[-73.81367,40.74556],[-73.81382,40.74583],[-73.81537,40.74722],[-73.81576,40.74697],[-73.81782,40.74738],[-73.82108,40.74856],[-73.82321,40.75071],[-73.82423,40.75186],[-73.8257,40.751],[-73.82584,40.74935]]]},"properties":{"geoid":"36081083700","county":"081","county_name":"Queens","utility":"coned","utility_split":false,"homes":1260,"homes_source":"pluto","multifamily_5plus_lots":1,"median_income":70028,"income_band":"60–100k","low_income_share":0.66,"median_year_built":1954,"pre1980":0.86,"owner":0.63,"fuel":{"gas":0.78,"propane":0.04,"electric":0.09,"oil":0.1,"other":0,"none":0},"dac":false,"dac_share":0,"score":61,"parts":{"volume":25,"fuel":9.3,"age":17.2,"owner":9.4,"incentive":0},"gaps":[]}},{"type":"Feature","geometry":{"type":"Polygon","coordinates":[[[-73.82811,40.76406],[-73.8282,40.7638],[-73.82654,40.76046],[-73.82207,40.76163],[-73.82348,40.76465],[-73.82609,40.76438],[-73.82811,40.76406]]]},"properties":{"geoid":"36081086500","county":"081","county_name":"Queens","utility":"coned","utility_split":false,"homes":43,"homes_source":"pluto","multifamily_5plus_lots":41,"median_income":65433,"income_band":"60–100k","low_income_share":0.72,"median_year_built":1972,"pre1980":0.73,"owner":0.27,"fuel":{"gas":0.4,"propane":0.08,"electric":0.29,"oil":0.21,"other":0.01,"none":0.01},"dac":true,"dac_share":1,"score":61,"parts":{"volume":14.1,"fuel":13.5,"age":14.5,"owner":4.1,"incentive":15},"gaps":[]}},{"type":"Feature","geometry":{"type":"Polygon","coordinates":[[[-73.81983,40.5919],[-73.81958,40.59098],[-73.8191,40.58782],[-73.81891,40.58758],[-73.81819,40.58719],[-73.81805,40.58705],[-73.81723,40.58569],[-73.81464,40.58678],[-73.81305,40.58734],[-73.80431,40.58833],[-73.801,40.58911],[-73.80117,40.59045],[-73.80137,40.59086],[-73.80225,40.59077],[-73.80244,40.59264],[-73.80351,40.5943],[-73.8049,40.59589],[-73.80751,40.59786],[-73.81028,40.59507],[-73.81338,40.59414],[-73.81983,40.5919]]]},"properties":{"geoid":"36081094202","county":"081","county_name":"Queens","utility":"psegli","utility_split":false,"homes":464,"homes_source":"pluto","multifamily_5plus_lots":14,"median_income":56800,"income_band":"<60k","low_income_share":0.71,"median_year_built":1963,"pre1980":0.55,"owner":0.35,"fuel":{"gas":0.77,"propane":0.02,"electric":0.14,"oil":0.05,"other":0.01,"none":0.01},"dac":true,"dac_share":1,"score":61,"parts":{"volume":23,"fuel":8.5,"age":11.1,"owner":5.3,"incentive":12.8},"gaps":[]}},{"type":"Feature","geometry":{"type":"Polygon","coordinates":[[[-73.8138,40.78884],[-73.81331,40.78749],[-73.81337,40.78716],[-73.80628,40.7863],[-73.80665,40.78676],[-73.80797,40.78689],[-73.80733,40.79155],[-73.80456,40.79137],[-73.80413,40.79451],[-73.80325,40.79444],[-73.80314,40.79537],[-73.80278,40.79562],[-73.80123,40.79553],[-73.80121,40.79566],[-73.80015,40.79557],[-73.80004,40.79624],[-73.79975,40.8022],[-73.8113,40.8054],[-73.81015,40.79715],[-73.81056,40.7963],[-73.81043,40.7955],[-73.81044,40.79501],[-73.81174,40.79511],[-73.81179,40.79589],[-73.81302,40.79595],[-73.81376,40.795],[-73.81152,40.78937],[-73.8138,40.78884]]]},"properties":{"geoid":"36081098700","county":"081","county_name":"Queens","utility":"coned","utility_split":false,"homes":681,"homes_source":"pluto","multifamily_5plus_lots":4,"median_income":105313,"income_band":"100–150k","low_income_share":0.48,"median_year_built":1957,"pre1980":0.78,"owner":0.66,"fuel":{"gas":0.68,"propane":0.01,"electric":0.05,"oil":0.21,"other":0.04,"none":0.01},"dac":false,"dac_share":0,"score":61,"parts":{"volume":24.4,"fuel":10.9,"age":15.6,"owner":9.8,"incentive":0},"gaps":[]}},{"type":"Feature","geometry":{"type":"Polygon","coordinates":[[[-73.77732,40.61308],[-73.77237,40.60845],[-73.77237,40.6073],[-73.76992,40.6066],[-73.7695,40.60711],[-73.76269,40.60665],[-73.76095,40.60645],[-73.75982,40.60965],[-73.75974,40.61016],[-73.75891,40.61121],[-73.76002,40.61135],[-73.76524,40.61494],[-73.76672,40.615],[-73.76671,40.61491],[-73.76825,40.61488],[-73.7688,40.61479],[-73.77227,40.61514],[-73.77732,40.61308]]]},"properties":{"geoid":"36081100801","county":"081","county_name":"Queens","utility":"psegli","utility_split":false,"homes":486,"homes_source":"pluto","multifamily_5plus_lots":0,"median_income":136800,"income_band":"100–150k","low_income_share":0.33,"median_year_built":1956,"pre1980":0.88,"owner":0.7,"fuel":{"gas":0.84,"propane":0.03,"electric":0.07,"oil":0.02,"other":0,"none":0.03},"dac":false,"dac_share":0,"score":61,"parts":{"volume":23.1,"fuel":7.5,"age":17.7,"owner":10.5,"incentive":2.5},"gaps":[]}},{"type":"Feature","geometry":{"type":"Polygon","coordinates":[[[-73.7963,40.73833],[-73.79512,40.73641],[-73.79459,40.73505],[-73.79463,40.7336],[-73.79454,40.73316],[-73.79397,40.73231],[-73.79382,40.73166],[-73.79378,40.7307],[-73.79352,40.73005],[-73.78821,40.73136],[-73.7865,40.73197],[-73.78845,40.7361],[-73.78757,40.73634],[-73.78853,40.73835],[-73.78765,40.73859],[-73.78837,40.74012],[-73.78657,40.74061],[-73.78671,40.74091],[-73.7963,40.73833]]]},"properties":{"geoid":"36081134100","county":"081","county_name":"Queens","utility":"coned","utility_split":false,"homes":860,"homes_source":"pluto","multifamily_5plus_lots":3,"median_income":59033,"income_band":"<60k","low_income_share":0.67,"median_year_built":1949,"pre1980":0.87,"owner":0.58,"fuel":{"gas":0.78,"propane":0.05,"electric":0.07,"oil":0.11,"other":0,"none":0},"dac":false,"dac_share":0,"score":61,"parts":{"volume":25,"fuel":9.6,"age":17.5,"owner":8.7,"incentive":0},"gaps":[]}},{"type":"Feature","geometry":{"type":"Polygon","coordinates":[[[-73.75347,40.76545],[-73.7534,40.76536],[-73.75072,40.76651],[-73.74877,40.76408],[-73.74706,40.76446],[-73.74428,40.76536],[-73.74214,40.76553],[-73.74126,40.76571],[-73.74005,40.76629],[-73.73695,40.76891],[-73.73396,40.77245],[-73.73762,40.77474],[-73.73943,40.77582],[-73.73954,40.77581],[-73.73933,40.77596],[-73.73938,40.77601],[-73.75097,40.76683],[-73.7522,40.76602],[-73.75347,40.76545]]]},"properties":{"geoid":"36081147900","county":"081","county_name":"Queens","utility":"coned","utility_split":false,"homes":964,"homes_source":"pluto","multifamily_5plus_lots":12,"median_income":92045,"income_band":"60–100k","low_income_share":0.53,"median_year_built":1960,"pre1980":0.86,"owner":0.61,"fuel":{"gas":0.76,"propane":0.02,"electric":0.08,"oil":0.11,"other":0.03,"none":0},"dac":false,"dac_share":0,"score":61,"parts":{"volume":25,"fuel":9.4,"age":17.2,"owner":9.1,"incentive":0},"gaps":[]}},{"type":"Feature","geometry":{"type":"Polygon","coordinates":[[[-73.74178,40.75348],[-73.74155,40.75289],[-73.74087,40.75196],[-73.73985,40.7513],[-73.73831,40.74925],[-73.73708,40.74813],[-73.73592,40.74754],[-73.73543,40.74716],[-73.73525,40.74686],[-73.73506,40.74624],[-73.73505,40.74512],[-73.73489,40.74445],[-73.73477,40.74418],[-73.73376,40.74287],[-73.7332,40.74321],[-73.7327,40.74385],[-73.73232,40.74364],[-73.73096,40.74486],[-73.72904,40.74723],[-73.72865,40.74807],[-73.72822,40.74942],[-73.72782,40.75023],[-73.72686,40.75138],[-73.72576,40.75219],[-73.72623,40.75259],[-73.7284,40.7552],[-73.73098,40.75884],[-73.73168,40.76033],[-73.73186,40.76054],[-73.7353,40.75928],[-73.73757,40.75799],[-73.73926,40.75692],[-73.73914,40.75639],[-73.7393,40.75588],[-73.73979,40.7554],[-73.74076,40.75497],[-73.74128,40.75458],[-73.74147,40.75429],[-73.74178,40.75348]]]},"properties":{"geoid":"36081152901","county":"081","county_name":"Queens","utility":"coned","utility_split":false,"homes":596,"homes_source":"pluto","multifamily_5plus_lots":18,"median_income":100909,"income_band":"100–150k","low_income_share":0.49,"median_year_built":1964,"pre1980":0.79,"owner":0.73,"fuel":{"gas":0.66,"propane":0.04,"electric":0.1,"oil":0.13,"other":0.05,"none":0.03},"dac":false,"dac_share":0,"score":61,"parts":{"volume":23.9,"fuel":10.1,"age":15.8,"owner":11,"incentive":0},"gaps":[]}},{"type":"Feature","geometry":{"type":"Polygon","coordinates":[[[-73.65405,40.74032],[-73.65186,40.73771],[-73.651,40.73685],[-73.63672,40.73938],[-73.63381,40.73996],[-73.63395,40.74115],[-73.63418,40.74148],[-73.63437,40.74209],[-73.6342,40.74295],[-73.63466,40.74637],[-73.63478,40.74803],[-73.63477,40.75001],[-73.63454,40.75159],[-73.6343,40.75237],[-73.6342,40.75314],[-73.63427,40.75479],[-73.63559,40.7546],[-73.6356,40.754],[-73.63856,40.75368],[-73.63897,40.75337],[-73.63903,40.75383],[-73.64062,40.75383],[-73.64141,40.75374],[-73.64135,40.7535],[-73.64163,40.75341],[-73.64178,40.75367],[-73.64197,40.75361],[-73.64184,40.75339],[-73.6422,40.75326],[-73.64234,40.75349],[-73.64333,40.75315],[-73.64336,40.75308],[-73.64539,40.75248],[-73.6455,40.75266],[-73.64628,40.75238],[-73.64169,40.74444],[-73.65405,40.74032]]]},"properties":{"geoid":"36059303600","county":"059","county_name":"Nassau","utility":"psegli","utility_split":false,"homes":1637,"homes_source":"acs_est","multifamily_5plus_lots":null,"median_income":133252,"income_band":"100–150k","low_income_share":0.41,"median_year_built":1959,"pre1980":0.75,"owner":0.48,"fuel":{"gas":0.63,"propane":0.04,"electric":0.18,"oil":0.15,"other":0,"none":0.01},"dac":false,"dac_share":0,"score":61,"parts":{"volume":25,"fuel":10.8,"age":14.9,"owner":7.2,"incentive":3},"gaps":[]}},{"type":"Feature","geometry":{"type":"Polygon","coordinates":[[[-73.69034,40.58318],[-73.6903,40.57907],[-73.68134,40.57902],[-73.68117,40.58317],[-73.68133,40.59208],[-73.68107,40.5941],[-73.68597,40.5917],[-73.68707,40.5908],[-73.69012,40.59078],[-73.6903,40.58896],[-73.69034,40.58318]]]},"properties":{"geoid":"36059416402","county":"059","county_name":"Nassau","utility":"psegli","utility_split":false,"homes":919,"homes_source":"acs_est","multifamily_5plus_lots":null,"median_income":156852,"income_band":"150k+","low_income_share":0.31,"median_year_built":1953,"pre1980":0.63,"owner":0.83,"fuel":{"gas":0.77,"propane":0,"electric":0.14,"oil":0.08,"other":0.01,"none":0},"dac":false,"dac_share":0,"score":61,"parts":{"volume":25,"fuel":8.6,"age":12.6,"owner":12.5,"incentive":2.4},"gaps":[]}},{"type":"Feature","geometry":{"type":"Polygon","coordinates":[[[-73.86215,40.69215],[-73.86135,40.68869],[-73.85874,40.68904],[-73.85787,40.68922],[-73.85793,40.68939],[-73.85619,40.68976],[-73.85732,40.69262],[-73.8591,40.69252],[-73.86215,40.69215]]]},"properties":{"geoid":"36081001000","county":"081","county_name":"Queens","utility":"coned","utility_split":false,"homes":526,"homes_source":"pluto","multifamily_5plus_lots":8,"median_income":85625,"income_band":"60–100k","low_income_share":0.6,"median_year_built":1938,"pre1980":0.96,"owner":0.53,"fuel":{"gas":0.81,"propane":0.05,"electric":0.06,"oil":0.08,"other":0,"none":0},"dac":false,"dac_share":0,"score":60,"parts":{"volume":23.4,"fuel":9.1,"age":19.1,"owner":7.9,"incentive":0},"gaps":[]}},{"type":"Feature","geometry":{"type":"Polygon","coordinates":[[[-73.85732,40.69262],[-73.85665,40.69102],[-73.85568,40.68825],[-73.85484,40.68645],[-73.85231,40.68717],[-73.85321,40.68895],[-73.85468,40.69283],[-73.85732,40.69262]]]},"properties":{"geoid":"36081001600","county":"081","county_name":"Queens","utility":"coned","utility_split":false,"homes":504,"homes_source":"pluto","multifamily_5plus_lots":5,"median_income":77500,"income_band":"60–100k","low_income_share":0.58,"median_year_built":1938,"pre1980":0.91,"owner":0.63,"fuel":{"gas":0.79,"propane":0.03,"electric":0.1,"oil":0.07,"other":0,"none":0.01},"dac":false,"dac_share":0,"score":60,"parts":{"volume":23.3,"fuel":8.7,"age":18.2,"owner":9.4,"incentive":0},"gaps":[]}},{"type":"Feature","geometry":{"type":"Polygon","coordinates":[[[-73.84472,40.68028],[-73.84493,40.68027],[-73.84463,40.67984],[-73.84438,40.67877],[-73.84417,40.6788],[-73.84405,40.67805],[-73.84364,40.67674],[-73.84384,40.67674],[-73.84336,40.67505],[-73.84333,40.67374],[-73.84062,40.67403],[-73.83987,40.67398],[-73.83698,40.67468],[-73.83804,40.67664],[-73.83794,40.67679],[-73.83952,40.67996],[-73.84307,40.68046],[-73.84365,40.68046],[-73.84472,40.68071],[-73.84472,40.68028]]]},"properties":{"geoid":"36081008600","county":"081","county_name":"Queens","utility":"coned","utility_split":false,"homes":595,"homes_source":"pluto","multifamily_5plus_lots":1,"median_income":89667,"income_band":"60–100k","low_income_share":0.56,"median_year_built":1938,"pre1980":0.86,"owner":0.69,"fuel":{"gas":0.79,"propane":0.05,"electric":0.09,"oil":0.07,"other":0,"none":0},"dac":false,"dac_share":0,"score":60,"parts":{"volume":23.9,"fuel":9,"age":17.1,"owner":10.3,"incentive":0},"gaps":[]}},{"type":"Feature","geometry":{"type":"Polygon","coordinates":[[[-73.92522,40.74375],[-73.92559,40.74191],[-73.92374,40.74169],[-73.92265,40.74711],[-73.92451,40.74732],[-73.92522,40.74375]]]},"properties":{"geoid":"36081018101","county":"081","county_name":"Queens","utility":"coned","utility_split":false,"homes":43,"homes_source":"pluto","multifamily_5plus_lots":92,"median_income":78864,"income_band":"60–100k","low_income_share":0.62,"median_year_built":1943,"pre1980":0.94,"owner":0.1,"fuel":{"gas":0.67,"propane":0.03,"electric":0.09,"oil":0.17,"other":0.01,"none":0.02},"dac":true,"dac_share":1,"score":60,"parts":{"volume":14.1,"fuel":10.5,"age":18.8,"owner":1.5,"incentive":15},"gaps":[]}},{"type":"Feature","geometry":{"type":"Polygon","coordinates":[[[-73.90995,40.75322],[-73.91023,40.75298],[-73.90492,40.7535],[-73.90558,40.75718],[-73.90485,40.75725],[-73.90456,40.75949],[-73.9051,40.75951],[-73.90631,40.75984],[-73.90753,40.75804],[-73.90783,40.757],[-73.90846,40.75529],[-73.90901,40.75428],[-73.90995,40.75322]]]},"properties":{"geoid":"36081029500","county":"081","county_name":"Queens","utility":"coned","utility_split":false,"homes":250,"homes_source":"pluto","multifamily_5plus_lots":7,"median_income":81051,"income_band":"60–100k","low_income_share":0.67,"median_year_built":1938,"pre1980":0.95,"owner":0.66,"fuel":{"gas":0.75,"propane":0.13,"electric":0.02,"oil":0.08,"other":0.02,"none":0.01},"dac":false,"dac_share":0,"score":60,"parts":{"volume":20.7,"fuel":10.3,"age":19,"owner":9.8,"incentive":0},"gaps":[]}},{"type":"Feature","geometry":{"type":"Polygon","coordinates":[[[-73.76883,40.6969],[-73.76929,40.69665],[-73.76642,40.69385],[-73.76521,40.69279],[-73.76539,40.69206],[-73.76239,40.69167],[-73.76243,40.69308],[-73.76237,40.69351],[-73.76176,40.69516],[-73.76159,40.6959],[-73.76171,40.69587],[-73.76883,40.6969]]]},"properties":{"geoid":"36081039800","county":"081","county_name":"Queens","utility":"coned","utility_split":false,"homes":356,"homes_source":"pluto","multifamily_5plus_lots":2,"median_income":86948,"income_band":"60–100k","low_income_share":0.61,"median_year_built":1938,"pre1980":0.84,"owner":0.78,"fuel":{"gas":0.77,"propane":0.01,"electric":0.11,"oil":0.11,"other":0,"none":0},"dac":false,"dac_share":0,"score":60,"parts":{"volume":22,"fuel":9.3,"age":16.8,"owner":11.7,"incentive":0},"gaps":[]}},{"type":"Feature","geometry":{"type":"Polygon","coordinates":[[[-73.86419,40.74972],[-73.86253,40.74653],[-73.86032,40.7472],[-73.86175,40.74997],[-73.86419,40.74972]]]},"properties":{"geoid":"36081040501","county":"081","county_name":"Queens","utility":"coned","utility_split":false,"homes":70,"homes_source":"pluto","multifamily_5plus_lots":10,"median_income":102682,"income_band":"100–150k","low_income_share":0.48,"median_year_built":1958,"pre1980":0.75,"owner":0.1,"fuel":{"gas":0.49,"propane":0.06,"electric":0.08,"oil":0.29,"other":0,"none":0.08},"dac":true,"dac_share":1,"score":60,"parts":{"volume":15.9,"fuel":12.9,"age":15,"owner":1.6,"incentive":15},"gaps":[]}},{"type":"Feature","geometry":{"type":"Polygon","coordinates":[[[-73.77739,40.72244],[-73.7768,40.72176],[-73.7752,40.71846],[-73.77425,40.71848],[-73.7736,40.71804],[-73.77308,40.71781],[-73.77253,40.71763],[-73.77218,40.71769],[-73.77135,40.71801],[-73.77102,40.71797],[-73.77089,40.7181],[-73.77099,40.71832],[-73.77122,40.71955],[-73.7714,40.71979],[-73.77175,40.71999],[-73.77178,40.72019],[-73.77165,40.72035],[-73.77097,40.72021],[-73.77061,40.72031],[-73.77051,40.72041],[-73.77046,40.72069],[-73.77059,40.72106],[-73.77028,40.72152],[-73.77007,40.72162],[-73.76923,40.7213],[-73.76626,40.72243],[-73.76601,40.72243],[-73.7655,40.72222],[-73.76489,40.72239],[-73.76504,40.7226],[-73.76487,40.72343],[-73.7654,40.72429],[-73.7648,40.72468],[-73.76523,40.72501],[-73.76624,40.7264],[-73.76924,40.7259],[-73.77106,40.72549],[-73.77359,40.72474],[-73.77492,40.72409],[-73.77739,40.72244]]]},"properties":{"geoid":"36081047600","county":"081","county_name":"Queens","utility":"coned","utility_split":false,"homes":435,"homes_source":"pluto","multifamily_5plus_lots":0,"median_income":115335,"income_band":"100–150k","low_income_share":0.47,"median_year_built":1955,"pre1980":0.84,"owner":0.85,"fuel":{"gas":0.86,"propane":0,"electric":0.06,"oil":0.03,"other":0.03,"none":0.01},"dac":false,"dac_share":0,"score":60,"parts":{"volume":22.7,"fuel":7.3,"age":16.8,"owner":12.8,"incentive":0},"gaps":[]}},{"type":"Feature","geometry":{"type":"Polygon","coordinates":[[[-73.75944,40.72106],[-73.75726,40.71814],[-73.75233,40.72026],[-73.75323,40.72128],[-73.75577,40.72364],[-73.75944,40.72106]]]},"properties":{"geoid":"36081049202","county":"081","county_name":"Queens","utility":"coned","utility_split":false,"homes":409,"homes_source":"pluto","multifamily_5plus_lots":0,"median_income":107063,"income_band":"100–150k","low_income_share":0.44,"median_year_built":1946,"pre1980":0.94,"owner":0.75,"fuel":{"gas":0.84,"propane":0.01,"electric":0.06,"oil":0.06,"other":0,"none":0.03},"dac":false,"dac_share":0,"score":60,"parts":{"volume":22.5,"fuel":7.7,"age":18.9,"owner":11.2,"incentive":0},"gaps":[]}},{"type":"Feature","geometry":{"type":"Polygon","coordinates":[[[-73.7623,40.70795],[-73.76176,40.70661],[-73.76197,40.70661],[-73.76195,40.7059],[-73.76213,40.7055],[-73.76095,40.70291],[-73.75652,40.70406],[-73.75746,40.70616],[-73.75762,40.70617],[-73.75872,40.70881],[-73.7623,40.70795]]]},"properties":{"geoid":"36081050600","county":"081","county_name":"Queens","utility":"coned","utility_split":false,"homes":356,"homes_source":"pluto","multifamily_5plus_lots":0,"median_income":93000,"income_band":"60–100k","low_income_share":0.53,"median_year_built":1938,"pre1980":0.95,"owner":0.75,"fuel":{"gas":0.89,"propane":0.02,"electric":0.01,"oil":0.07,"other":0,"none":0},"dac":false,"dac_share":0,"score":60,"parts":{"volume":22,"fuel":8.1,"age":18.9,"owner":11.2,"incentive":0},"gaps":[]}},{"type":"Feature","geometry":{"type":"Polygon","coordinates":[[[-73.74111,40.7207],[-73.74196,40.72036],[-73.73984,40.71731],[-73.73696,40.71793],[-73.7353,40.7185],[-73.73572,40.71985],[-73.73692,40.72247],[-73.73949,40.72152],[-73.74025,40.72106],[-73.74111,40.7207]]]},"properties":{"geoid":"36081056600","county":"081","county_name":"Queens","utility":"coned","utility_split":false,"homes":330,"homes_source":"pluto","multifamily_5plus_lots":1,"median_income":71974,"income_band":"60–100k","low_income_share":0.66,"median_year_built":1946,"pre1980":1,"owner":0.54,"fuel":{"gas":0.81,"propane":0.03,"electric":0.02,"oil":0.15,"other":0,"none":0},"dac":false,"dac_share":0,"score":60,"parts":{"volume":21.7,"fuel":9.7,"age":20,"owner":8.1,"incentive":0},"gaps":[]}},{"type":"Feature","geometry":{"type":"Polygon","coordinates":[[[-73.86325,40.70339],[-73.86142,40.70327],[-73.85815,40.7029],[-73.85858,40.70124],[-73.85703,40.70117],[-73.85691,40.70189],[-73.85529,40.70184],[-73.85529,40.7026],[-73.85215,40.70225],[-73.85369,40.70431],[-73.85473,40.70524],[-73.8544,40.70528],[-73.85435,40.70591],[-73.85453,40.70656],[-73.85475,40.70677],[-73.85821,40.7056],[-73.86325,40.70339]]]},"properties":{"geoid":"36081063900","county":"081","county_name":"Queens","utility":"coned","utility_split":false,"homes":449,"homes_source":"pluto","multifamily_5plus_lots":17,"median_income":102083,"income_band":"100–150k","low_income_share":0.49,"median_year_built":1956,"pre1980":0.91,"owner":0.54,"fuel":{"gas":0.7,"propane":0.04,"electric":0.1,"oil":0.17,"other":0,"none":0},"dac":false,"dac_share":0,"score":60,"parts":{"volume":22.8,"fuel":10.7,"age":18.2,"owner":8.1,"incentive":0},"gaps":[]}},{"type":"Feature","geometry":{"type":"Polygon","coordinates":[[[-73.74244,40.66087],[-73.74298,40.66028],[-73.73814,40.65815],[-73.73627,40.66063],[-73.73708,40.66098],[-73.73661,40.6616],[-73.73516,40.66236],[-73.73618,40.66349],[-73.73287,40.66521],[-73.73297,40.66536],[-73.72985,40.66535],[-73.72981,40.66643],[-73.73125,40.66644],[-73.73176,40.6666],[-73.7361,40.66659],[-73.73645,40.66652],[-73.73626,40.66628],[-73.73843,40.66627],[-73.73856,40.6664],[-73.74002,40.66475],[-73.74044,40.66411],[-73.74115,40.66277],[-73.74244,40.66087]]]},"properties":{"geoid":"36081065401","county":"081","county_name":"Queens","utility":"coned","utility_split":false,"homes":607,"homes_source":"pluto","multifamily_5plus_lots":0,"median_income":104622,"income_band":"100–150k","low_income_share":0.41,"median_year_built":1943,"pre1980":0.89,"owner":0.68,"fuel":{"gas":0.9,"propane":0,"electric":0.01,"oil":0.09,"other":0,"none":0},"dac":false,"dac_share":0,"score":60,"parts":{"volume":24,"fuel":8,"age":17.8,"owner":10.2,"incentive":0},"gaps":[]}},{"type":"Feature","geometry":{"type":"Polygon","coordinates":[[[-73.88792,40.71581],[-73.8872,40.71485],[-73.88722,40.71398],[-73.887,40.71405],[-73.88421,40.71395],[-73.88056,40.71432],[-73.88115,40.71505],[-73.87909,40.71554],[-73.87719,40.71562],[-73.87722,40.71723],[-73.87738,40.71721],[-73.87794,40.7179],[-73.88164,40.71618],[-73.88505,40.71618],[-73.88635,40.71602],[-73.88666,40.7164],[-73.88792,40.71581]]]},"properties":{"geoid":"36081065900","county":"081","county_name":"Queens","utility":"coned","utility_split":false,"homes":475,"homes_source":"pluto","multifamily_5plus_lots":5,"median_income":112917,"income_band":"100–150k","low_income_share":0.44,"median_year_built":1951,"pre1980":0.85,"owner":0.82,"fuel":{"gas":0.89,"propane":0.02,"electric":0.05,"oil":0.03,"other":0,"none":0},"dac":false,"dac_share":0,"score":60,"parts":{"volume":23.1,"fuel":7.6,"age":17.1,"owner":12.2,"incentive":0},"gaps":[]}},{"type":"Feature","geometry":{"type":"Polygon","coordinates":[[[-73.89394,40.7181],[-73.89424,40.71792],[-73.89284,40.71601],[-73.89269,40.71667],[-73.89165,40.71776],[-73.8914,40.71785],[-73.89085,40.71831],[-73.89053,40.7187],[-73.88792,40.71581],[-73.88423,40.71752],[-73.88532,40.71891],[-73.8854,40.7191],[-73.88557,40.7191],[-73.88516,40.72048],[-73.88483,40.72082],[-73.88289,40.72132],[-73.88131,40.72142],[-73.88092,40.7216],[-73.88244,40.72351],[-73.89394,40.7181]]]},"properties":{"geoid":"36081066501","county":"081","county_name":"Queens","utility":"coned","utility_split":false,"homes":790,"homes_source":"pluto","multifamily_5plus_lots":7,"median_income":100391,"income_band":"100–150k","low_income_share":0.5,"median_year_built":1961,"pre1980":0.92,"owner":0.57,"fuel":{"gas":0.9,"propane":0.04,"electric":0.02,"oil":0.03,"other":0.02,"none":0.01},"dac":false,"dac_share":0,"score":60,"parts":{"volume":25,"fuel":7.6,"age":18.5,"owner":8.5,"incentive":0},"gaps":[]}},{"type":"Feature","geometry":{"type":"Polygon","coordinates":[[[-73.86291,40.71776],[-73.86302,40.71771],[-73.86004,40.71493],[-73.85983,40.71462],[-73.85964,40.71397],[-73.85976,40.71184],[-73.8573,40.71147],[-73.85745,40.71371],[-73.85777,40.71646],[-73.85852,40.72153],[-73.85936,40.7214],[-73.85913,40.71954],[-73.86127,40.71917],[-73.86096,40.7185],[-73.86291,40.71776]]]},"properties":{"geoid":"36081070300","county":"081","county_name":"Queens","utility":"coned","utility_split":false,"homes":504,"homes_source":"pluto","multifamily_5plus_lots":6,"median_income":106250,"income_band":"100–150k","low_income_share":0.49,"median_year_built":1950,"pre1980":0.95,"owner":0.63,"fuel":{"gas":0.85,"propane":0.03,"electric":0.04,"oil":0.07,"other":0,"none":0.01},"dac":false,"dac_share":0,"score":60,"parts":{"volume":23.3,"fuel":8.4,"age":19,"owner":9.5,"incentive":0},"gaps":[]}},{"type":"Feature","geometry":{"type":"Polygon","coordinates":[[[-73.85074,40.71073],[-73.85092,40.71047],[-73.84321,40.70928],[-73.84302,40.70918],[-73.84069,40.71015],[-73.8411,40.71037],[-73.84912,40.7133],[-73.85074,40.71073]]]},"properties":{"geoid":"36081073100","county":"081","county_name":"Queens","utility":"coned","utility_split":false,"homes":479,"homes_source":"pluto","multifamily_5plus_lots":0,"median_income":170913,"income_band":"150k+","low_income_share":0.26,"median_year_built":1938,"pre1980":0.9,"owner":0.74,"fuel":{"gas":0.85,"propane":0.03,"electric":0.06,"oil":0.05,"other":0,"none":0.01},"dac":false,"dac_share":0,"score":60,"parts":{"volume":23.1,"fuel":8,"age":18,"owner":11,"incentive":0},"gaps":[]}},{"type":"Feature","geometry":{"type":"Polygon","coordinates":[[[-73.84428,40.72763],[-73.84053,40.72032],[-73.84085,40.72006],[-73.83981,40.7196],[-73.83953,40.71984],[-73.83796,40.72031],[-73.8383,40.72098],[-73.83596,40.72168],[-73.83652,40.72237],[-73.83945,40.72754],[-73.84033,40.72881],[-73.84428,40.72763]]]},"properties":{"geoid":"36081075702","county":"081","county_name":"Queens","utility":"coned","utility_split":false,"homes":285,"homes_source":"pluto","multifamily_5plus_lots":28,"median_income":125316,"income_band":"100–150k","low_income_share":0.34,"median_year_built":1957,"pre1980":0.95,"owner":0.63,"fuel":{"gas":0.73,"propane":0.04,"electric":0.08,"oil":0.14,"other":0.02,"none":0},"dac":false,"dac_share":0,"score":60,"parts":{"volume":21.1,"fuel":10.2,"age":19,"owner":9.4,"incentive":0},"gaps":[]}},{"type":"Feature","geometry":{"type":"Polygon","coordinates":[[[-73.82423,40.75186],[-73.82321,40.75071],[-73.82108,40.74856],[-73.81782,40.74738],[-73.81576,40.74697],[-73.81537,40.74722],[-73.82193,40.75317],[-73.82423,40.75186]]]},"properties":{"geoid":"36081084500","county":"081","county_name":"Queens","utility":"coned","utility_split":false,"homes":263,"homes_source":"pluto","multifamily_5plus_lots":12,"median_income":29552,"income_band":"<60k","low_income_share":0.83,"median_year_built":1969,"pre1980":0.66,"owner":0.12,"fuel":{"gas":0.72,"propane":0.05,"electric":0.12,"oil":0.07,"other":0.01,"none":0.02},"dac":true,"dac_share":1,"score":60,"parts":{"volume":20.8,"fuel":9.2,"age":13.3,"owner":1.8,"incentive":15},"gaps":[]}},{"type":"Feature","geometry":{"type":"Polygon","coordinates":[[[-73.84243,40.66878],[-73.84204,40.66751],[-73.8404,40.66083],[-73.83972,40.66095],[-73.83855,40.65589],[-73.83803,40.65425],[-73.83592,40.6455],[-73.83633,40.64532],[-73.83566,40.64406],[-73.82534,40.64425],[-73.82871,40.65706],[-73.8298,40.65951],[-73.82987,40.65997],[-73.83022,40.66053],[-73.83096,40.6621],[-73.83271,40.66541],[-73.83331,40.66676],[-73.83488,40.66721],[-73.83704,40.66733],[-73.83791,40.66751],[-73.83836,40.66764],[-73.83826,40.66797],[-73.84009,40.66844],[-73.84042,40.66864],[-73.84055,40.66861],[-73.84076,40.66872],[-73.84085,40.66858],[-73.8411,40.6685],[-73.84243,40.66878]]]},"properties":{"geoid":"36081088400","county":"081","county_name":"Queens","utility":"coned","utility_split":false,"homes":2011,"homes_source":"pluto","multifamily_5plus_lots":2,"median_income":96806,"income_band":"60–100k","low_income_share":0.5,"median_year_built":1957,"pre1980":0.87,"owner":0.7,"fuel":{"gas":0.88,"propane":0.03,"electric":0.08,"oil":0.02,"other":0.01,"none":0},"dac":false,"dac_share":0,"score":60,"parts":{"volume":25,"fuel":7.5,"age":17.4,"owner":10.4,"incentive":0},"gaps":[]}},{"type":"Feature","geometry":{"type":"Polygon","coordinates":[[[-73.8407,40.58609],[-73.83556,40.5769],[-73.83355,40.57132],[-73.82714,40.57323],[-73.81671,40.57605],[-73.82057,40.57983],[-73.82154,40.58167],[-73.82187,40.58205],[-73.8226,40.58314],[-73.82329,40.58444],[-73.82404,40.58563],[-73.82466,40.58545],[-73.82525,40.5869],[-73.82733,40.5878],[-73.83351,40.58671],[-73.8407,40.58609]]]},"properties":{"geoid":"36081093800","county":"081","county_name":"Queens","utility":"psegli","utility_split":false,"homes":164,"homes_source":"pluto","multifamily_5plus_lots":48,"median_income":81573,"income_band":"60–100k","low_income_share":0.59,"median_year_built":1964,"pre1980":0.91,"owner":0.16,"fuel":{"gas":0.72,"propane":0.02,"electric":0.06,"oil":0.09,"other":0.05,"none":0.06},"dac":true,"dac_share":1,"score":60,"parts":{"volume":19.1,"fuel":8.6,"age":18.1,"owner":2.5,"incentive":11.9},"gaps":[]}},{"type":"Feature","geometry":{"type":"Polygon","coordinates":[[[-73.78913,40.59404],[-73.789,40.59241],[-73.78506,40.5922],[-73.78242,40.59234],[-73.77271,40.59332],[-73.77281,40.59407],[-73.77367,40.59389],[-73.77387,40.59577],[-73.78704,40.59491],[-73.78913,40.59404]]]},"properties":{"geoid":"36081097204","county":"081","county_name":"Queens","utility":"psegli","utility_split":false,"homes":206,"homes_source":"pluto","multifamily_5plus_lots":10,"median_income":73180,"income_band":"60–100k","low_income_share":0.77,"median_year_built":1960,"pre1980":0.77,"owner":0.19,"fuel":{"gas":0.71,"propane":0.01,"electric":0.15,"oil":0.07,"other":0.02,"none":0.03},"dac":true,"dac_share":1,"score":60,"parts":{"volume":19.9,"fuel":8.7,"age":15.3,"owner":2.9,"incentive":13.3},"gaps":[]}},{"type":"Feature","geometry":{"type":"Polygon","coordinates":[[[-73.75391,40.60011],[-73.75407,40.5995],[-73.75065,40.59885],[-73.74666,40.60174],[-73.7454,40.60195],[-73.74563,40.60264],[-73.74574,40.6034],[-73.74971,40.60259],[-73.75175,40.6036],[-73.75285,40.60426],[-73.75391,40.60011]]]},"properties":{"geoid":"36081101003","county":"081","county_name":"Queens","utility":"psegli","utility_split":false,"homes":192,"homes_source":"pluto","multifamily_5plus_lots":18,"median_income":72254,"income_band":"60–100k","low_income_share":0.56,"median_year_built":1960,"pre1980":0.86,"owner":0.2,"fuel":{"gas":0.67,"propane":0.02,"electric":0.2,"oil":0.03,"other":0.03,"none":0.05},"dac":true,"dac_share":1,"score":60,"parts":{"volume":19.7,"fuel":8.2,"age":17.2,"owner":3,"incentive":11.7},"gaps":[]}},{"type":"Feature","geometry":{"type":"Polygon","coordinates":[[[-73.77017,40.76974],[-73.76941,40.76708],[-73.76849,40.76723],[-73.76813,40.76597],[-73.76781,40.76485],[-73.76873,40.76469],[-73.76835,40.76343],[-73.75613,40.76461],[-73.75449,40.76497],[-73.75347,40.76545],[-73.75405,40.76608],[-73.75799,40.7684],[-73.75917,40.77189],[-73.76189,40.77094],[-73.76378,40.77252],[-73.76414,40.77225],[-73.76368,40.77184],[-73.76478,40.77149],[-73.76603,40.7713],[-73.76767,40.77034],[-73.76892,40.76997],[-73.77017,40.76974]]]},"properties":{"geoid":"36081111300","county":"081","county_name":"Queens","utility":"coned","utility_split":false,"homes":734,"homes_source":"pluto","multifamily_5plus_lots":0,"median_income":143917,"income_band":"100–150k","low_income_share":0.34,"median_year_built":1951,"pre1980":0.78,"owner":0.63,"fuel":{"gas":0.73,"propane":0.02,"electric":0.05,"oil":0.19,"other":0.01,"none":0},"dac":false,"dac_share":0,"score":60,"parts":{"volume":24.7,"fuel":10.5,"age":15.5,"owner":9.5,"incentive":0},"gaps":[]}},{"type":"Feature","geometry":{"type":"Polygon","coordinates":[[[-73.81639,40.76316],[-73.81509,40.76037],[-73.81105,40.76142],[-73.80951,40.7613],[-73.80768,40.76096],[-73.80749,40.76234],[-73.80933,40.76252],[-73.80929,40.76288],[-73.8126,40.76315],[-73.81276,40.76413],[-73.81639,40.76316]]]},"properties":{"geoid":"36081116700","county":"081","county_name":"Queens","utility":"coned","utility_split":false,"homes":192,"homes_source":"pluto","multifamily_5plus_lots":22,"median_income":62857,"income_band":"60–100k","low_income_share":0.68,"median_year_built":1967,"pre1980":0.73,"owner":0.17,"fuel":{"gas":0.77,"propane":0.02,"electric":0.13,"oil":0.05,"other":0,"none":0.02},"dac":true,"dac_share":1,"score":60,"parts":{"volume":19.7,"fuel":8.4,"age":14.7,"owner":2.6,"incentive":15},"gaps":[]}},{"type":"Feature","geometry":{"type":"Polygon","coordinates":[[[-73.76504,40.73448],[-73.7637,40.73286],[-73.7552,40.7343],[-73.75652,40.7371],[-73.75553,40.73727],[-73.75735,40.74112],[-73.76361,40.73918],[-73.76249,40.73673],[-73.76248,40.73618],[-73.76273,40.73526],[-73.76504,40.73448]]]},"properties":{"geoid":"36081129103","county":"081","county_name":"Queens","utility":"coned","utility_split":false,"homes":265,"homes_source":"pluto","multifamily_5plus_lots":5,"median_income":79367,"income_band":"60–100k","low_income_share":0.57,"median_year_built":1956,"pre1980":0.93,"owner":0.67,"fuel":{"gas":0.73,"propane":0.07,"electric":0.05,"oil":0.13,"other":0,"none":0.02},"dac":false,"dac_share":0,"score":60,"parts":{"volume":20.9,"fuel":10.3,"age":18.6,"owner":10,"incentive":0},"gaps":[]}},{"type":"Feature","geometry":{"type":"Polygon","coordinates":[[[-73.789,40.74575],[-73.78841,40.74445],[-73.78718,40.74407],[-73.78659,40.74285],[-73.7859,40.74138],[-73.78682,40.74112],[-73.78671,40.74091],[-73.78041,40.74263],[-73.77576,40.74337],[-73.77831,40.74874],[-73.78812,40.74605],[-73.789,40.74575]]]},"properties":{"geoid":"36081140902","county":"081","county_name":"Queens","utility":"coned","utility_split":false,"homes":716,"homes_source":"pluto","multifamily_5plus_lots":0,"median_income":120208,"income_band":"100–150k","low_income_share":0.44,"median_year_built":1950,"pre1980":0.86,"owner":0.71,"fuel":{"gas":0.85,"propane":0.01,"electric":0.1,"oil":0.04,"other":0.01,"none":0},"dac":false,"dac_share":0,"score":60,"parts":{"volume":24.6,"fuel":7.8,"age":17.2,"owner":10.7,"incentive":0},"gaps":[]}},{"type":"Feature","geometry":{"type":"Polygon","coordinates":[[[-73.6619,40.60025],[-73.66202,40.59815],[-73.6617,40.59809],[-73.66175,40.59792],[-73.66161,40.59789],[-73.66163,40.59754],[-73.66156,40.59753],[-73.6616,40.59725],[-73.66198,40.59655],[-73.66194,40.59644],[-73.66107,40.59642],[-73.66072,40.59655],[-73.66008,40.59654],[-73.65953,40.59676],[-73.65813,40.59681],[-73.65814,40.5967],[-73.65732,40.59669],[-73.65675,40.59647],[-73.65675,40.59681],[-73.65652,40.59735],[-73.65542,40.59896],[-73.6538,40.60088],[-73.65458,40.60142],[-73.65233,40.60383],[-73.64904,40.60825],[-73.64854,40.60928],[-73.64833,40.61018],[-73.64836,40.61121],[-73.64988,40.61696],[-73.65029,40.61666],[-73.65112,40.61651],[-73.65184,40.61622],[-73.65213,40.61591],[-73.65202,40.61467],[-73.65209,40.61431],[-73.65239,40.61412],[-73.65234,40.61377],[-73.65216,40.61359],[-73.65201,40.61278],[-73.65226,40.61235],[-73.65246,40.61124],[-73.65259,40.61094],[-73.65332,40.61038],[-73.65408,40.61001],[-73.65488,40.60898],[-73.65584,40.60833],[-73.65713,40.60681],[-73.65891,40.60619],[-73.65923,40.60634],[-73.65957,40.6061],[-73.66009,40.60598],[-73.66063,40.60609],[-73.66082,40.60591],[-73.66146,40.60579],[-73.6619,40.60025]]]},"properties":{"geoid":"36059416202","county":"059","county_name":"Nassau","utility":"psegli","utility_split":false,"homes":1447,"homes_source":"acs_est","multifamily_5plus_lots":null,"median_income":104926,"income_band":"100–150k","low_income_share":0.47,"median_year_built":1960,"pre1980":0.67,"owner":0.59,"fuel":{"gas":0.76,"propane":0.06,"electric":0.08,"oil":0.06,"other":0.02,"none":0.02},"dac":false,"dac_share":0,"score":60,"parts":{"volume":25,"fuel":9,"age":13.5,"owner":8.8,"incentive":3.5},"gaps":[]}},{"type":"Feature","geometry":{"type":"Polygon","coordinates":[[[-73.63185,40.86434],[-73.63185,40.8642],[-73.63127,40.86404],[-73.62806,40.86374],[-73.62616,40.8633],[-73.62523,40.86321],[-73.62429,40.86301],[-73.62366,40.86262],[-73.62336,40.86235],[-73.62242,40.86082],[-73.62092,40.85961],[-73.62049,40.85909],[-73.62031,40.85859],[-73.6198,40.8591],[-73.61939,40.86006],[-73.61935,40.86097],[-73.61917,40.86209],[-73.61882,40.863],[-73.61838,40.86371],[-73.61766,40.86454],[-73.61677,40.86466],[-73.61449,40.8647],[-73.61216,40.86438],[-73.61004,40.86426],[-73.60691,40.86457],[-73.60649,40.8648],[-73.6058,40.8656],[-73.60533,40.86579],[-73.6023,40.86589],[-73.59979,40.86574],[-73.59381,40.86597],[-73.59708,40.86721],[-73.61455,40.87478],[-73.6152,40.87438],[-73.61561,40.87439],[-73.61923,40.87394],[-73.62052,40.87369],[-73.62446,40.87214],[-73.63038,40.86937],[-73.63138,40.86823],[-73.63111,40.8682],[-73.63091,40.868],[-73.63075,40.86676],[-73.63105,40.86576],[-73.63185,40.86434]]]},"properties":{"geoid":"36059517301","county":"059","county_name":"Nassau","utility":"psegli","utility_split":false,"homes":705,"homes_source":"acs_est","multifamily_5plus_lots":null,"median_income":85700,"income_band":"60–100k","low_income_share":0.63,"median_year_built":1968,"pre1980":0.65,"owner":0.61,"fuel":{"gas":0.82,"propane":0.02,"electric":0.06,"oil":0.09,"other":0.01,"none":0.01},"dac":false,"dac_share":0,"score":60,"parts":{"volume":24.5,"fuel":8.7,"age":13.1,"owner":9.2,"incentive":4.7},"gaps":[]}},{"type":"Feature","geometry":{"type":"Polygon","coordinates":[[[-73.86456,40.69552],[-73.86331,40.69196],[-73.8591,40.69252],[-73.85732,40.69262],[-73.85833,40.69674],[-73.86245,40.696],[-73.86456,40.69552]]]},"properties":{"geoid":"36081001200","county":"081","county_name":"Queens","utility":"coned","utility_split":false,"homes":543,"homes_source":"pluto","multifamily_5plus_lots":10,"median_income":86524,"income_band":"60–100k","low_income_share":0.64,"median_year_built":1938,"pre1980":0.99,"owner":0.42,"fuel":{"gas":0.78,"propane":0.03,"electric":0.05,"oil":0.13,"other":0,"none":0.01},"dac":false,"dac_share":0,"score":59,"parts":{"volume":23.6,"fuel":9.5,"age":19.7,"owner":6.2,"incentive":0},"gaps":[]}},{"type":"Feature","geometry":{"type":"Polygon","coordinates":[[[-73.85687,40.67645],[-73.85647,40.67472],[-73.85649,40.67338],[-73.84321,40.66932],[-73.84257,40.66928],[-73.84331,40.67226],[-73.8434,40.6731],[-73.8433,40.67444],[-73.84336,40.67505],[-73.84384,40.67674],[-73.84421,40.67676],[-73.85247,40.67558],[-73.85248,40.67529],[-73.85411,40.67564],[-73.85438,40.67577],[-73.8546,40.67575],[-73.85687,40.67645]]]},"properties":{"geoid":"36081005800","county":"081","county_name":"Queens","utility":"coned","utility_split":false,"homes":1097,"homes_source":"pluto","multifamily_5plus_lots":48,"median_income":91875,"income_band":"60–100k","low_income_share":0.56,"median_year_built":1957,"pre1980":0.88,"owner":0.56,"fuel":{"gas":0.89,"propane":0.05,"electric":0.02,"oil":0.04,"other":0,"none":0},"dac":false,"dac_share":0,"score":59,"parts":{"volume":25,"fuel":8.1,"age":17.6,"owner":8.4,"incentive":0},"gaps":[]}},{"type":"Feature","geometry":{"type":"Polygon","coordinates":[[[-73.82863,40.68566],[-73.82946,40.6854],[-73.82633,40.67908],[-73.8247,40.67955],[-73.82555,40.68129],[-73.8239,40.68176],[-73.82594,40.68594],[-73.82863,40.68566]]]},"properties":{"geoid":"36081010400","county":"081","county_name":"Queens","utility":"coned","utility_split":false,"homes":541,"homes_source":"pluto","multifamily_5plus_lots":6,"median_income":95781,"income_band":"60–100k","low_income_share":0.53,"median_year_built":1938,"pre1980":0.86,"owner":0.62,"fuel":{"gas":0.86,"propane":0.05,"electric":0.02,"oil":0.07,"other":0,"none":0},"dac":false,"dac_share":0,"score":59,"parts":{"volume":23.5,"fuel":8.6,"age":17.3,"owner":9.3,"incentive":0},"gaps":[]}},{"type":"Feature","geometry":{"type":"Polygon","coordinates":[[[-73.91431,40.77152],[-73.91167,40.76964],[-73.91024,40.76943],[-73.90822,40.77109],[-73.90895,40.7716],[-73.90679,40.77337],[-73.90962,40.77537],[-73.91431,40.77152]]]},"properties":{"geoid":"36081011700","county":"081","county_name":"Queens","utility":"coned","utility_split":false,"homes":563,"homes_source":"pluto","multifamily_5plus_lots":47,"median_income":125550,"income_band":"100–150k","low_income_share":0.39,"median_year_built":1938,"pre1980":0.98,"owner":0.22,"fuel":{"gas":0.58,"propane":0.05,"electric":0.11,"oil":0.21,"other":0.04,"none":0.01},"dac":false,"dac_share":0,"score":59,"parts":{"volume":23.7,"fuel":11.9,"age":19.5,"owner":3.4,"incentive":0},"gaps":[]}},{"type":"Feature","geometry":{"type":"Polygon","coordinates":[[[-73.90679,40.77337],[-73.90248,40.77032],[-73.90024,40.77215],[-73.90455,40.7752],[-73.90679,40.77337]]]},"properties":{"geoid":"36081012100","county":"081","county_name":"Queens","utility":"coned","utility_split":false,"homes":359,"homes_source":"pluto","multifamily_5plus_lots":19,"median_income":108125,"income_band":"100–150k","low_income_share":0.45,"median_year_built":1945,"pre1980":0.91,"owner":0.4,"fuel":{"gas":0.54,"propane":0.01,"electric":0.12,"oil":0.32,"other":0.01,"none":0},"dac":false,"dac_share":0,"score":59,"parts":{"volume":22,"fuel":13.2,"age":18.2,"owner":5.9,"incentive":0},"gaps":[]}},{"type":"Feature","geometry":{"type":"Polygon","coordinates":[[[-73.84294,40.70055],[-73.84035,40.69538],[-73.83963,40.69553],[-73.83879,40.69585],[-73.83717,40.69687],[-73.83805,40.69869],[-73.83892,40.69843],[-73.83976,40.70011],[-73.84028,40.70094],[-73.84156,40.7011],[-73.84294,40.70055]]]},"properties":{"geoid":"36081012800","county":"081","county_name":"Queens","utility":"coned","utility_split":false,"homes":311,"homes_source":"pluto","multifamily_5plus_lots":6,"median_income":103750,"income_band":"100–150k","low_income_share":0.43,"median_year_built":1938,"pre1980":0.98,"owner":0.48,"fuel":{"gas":0.73,"propane":0,"electric":0.05,"oil":0.21,"other":0.01,"none":0},"dac":false,"dac_share":0,"score":59,"parts":{"volume":21.5,"fuel":10.5,"age":19.6,"owner":7.2,"incentive":0},"gaps":[]}},{"type":"Feature","geometry":{"type":"Polygon","coordinates":[[[-73.81694,40.68176],[-73.81607,40.68001],[-73.80589,40.6829],[-73.80675,40.68468],[-73.81694,40.68176]]]},"properties":{"geoid":"36081017200","county":"081","county_name":"Queens","utility":"coned","utility_split":false,"homes":434,"homes_source":"pluto","multifamily_5plus_lots":1,"median_income":74760,"income_band":"60–100k","low_income_share":0.59,"median_year_built":1938,"pre1980":0.92,"owner":0.68,"fuel":{"gas":0.77,"propane":0,"electric":0.15,"oil":0.03,"other":0.05,"none":0},"dac":false,"dac_share":0,"score":59,"parts":{"volume":22.7,"fuel":8.1,"age":18.4,"owner":10.2,"incentive":0},"gaps":[]}},{"type":"Feature","geometry":{"type":"Polygon","coordinates":[[[-73.9191,40.74115],[-73.91947,40.73931],[-73.91761,40.7391],[-73.91724,40.74094],[-73.91567,40.74078],[-73.91444,40.74056],[-73.91383,40.74241],[-73.91873,40.74299],[-73.9191,40.74115]]]},"properties":{"geoid":"36081023502","county":"081","county_name":"Queens","utility":"coned","utility_split":false,"homes":102,"homes_source":"pluto","multifamily_5plus_lots":59,"median_income":82676,"income_band":"60–100k","low_income_share":0.73,"median_year_built":1938,"pre1980":0.91,"owner":0.01,"fuel":{"gas":0.69,"propane":0.03,"electric":0.08,"oil":0.04,"other":0.07,"none":0.09},"dac":true,"dac_share":1,"score":59,"parts":{"volume":17.3,"fuel":8,"age":18.2,"owner":0.2,"incentive":15},"gaps":[]}},{"type":"Feature","geometry":{"type":"Polygon","coordinates":[[[-73.91495,40.74291],[-73.91502,40.74255],[-73.91199,40.74219],[-73.91125,40.74578],[-73.9143,40.74614],[-73.91495,40.74291]]]},"properties":{"geoid":"36081025302","county":"081","county_name":"Queens","utility":"coned","utility_split":false,"homes":42,"homes_source":"pluto","multifamily_5plus_lots":77,"median_income":66393,"income_band":"60–100k","low_income_share":0.69,"median_year_built":1952,"pre1980":0.93,"owner":0.1,"fuel":{"gas":0.67,"propane":0.03,"electric":0.06,"oil":0.14,"other":0.1,"none":0},"dac":true,"dac_share":1,"score":59,"parts":{"volume":14.1,"fuel":10.2,"age":18.5,"owner":1.5,"incentive":15},"gaps":[]}},{"type":"Feature","geometry":{"type":"Polygon","coordinates":[[[-73.80196,40.6659],[-73.80216,40.66525],[-73.80073,40.66527],[-73.79509,40.66489],[-73.78505,40.66344],[-73.78079,40.66233],[-73.77878,40.6616],[-73.77724,40.66079],[-73.77554,40.66026],[-73.7742,40.65975],[-73.77401,40.65978],[-73.77383,40.65965],[-73.77145,40.66063],[-73.76859,40.66402],[-73.7678,40.66529],[-73.76675,40.66743],[-73.77154,40.66796],[-73.77343,40.66803],[-73.78566,40.66719],[-73.78941,40.66684],[-73.79306,40.66709],[-73.79393,40.667],[-73.7974,40.66694],[-73.79809,40.66671],[-73.79908,40.66655],[-73.80166,40.66676],[-73.80196,40.6659]]]},"properties":{"geoid":"36081030600","county":"081","county_name":"Queens","utility":"coned","utility_split":false,"homes":868,"homes_source":"pluto","multifamily_5plus_lots":4,"median_income":111458,"income_band":"100–150k","low_income_share":0.46,"median_year_built":1950,"pre1980":0.78,"owner":0.64,"fuel":{"gas":0.86,"propane":0.04,"electric":0.03,"oil":0.07,"other":0,"none":0},"dac":false,"dac_share":0,"score":59,"parts":{"volume":25,"fuel":8.5,"age":15.6,"owner":9.6,"incentive":0},"gaps":[]}},{"type":"Feature","geometry":{"type":"Polygon","coordinates":[[[-73.89383,40.76043],[-73.8928,40.75478],[-73.8863,40.75546],[-73.88733,40.76112],[-73.89383,40.76043]]]},"properties":{"geoid":"36081030903","county":"081","county_name":"Queens","utility":"coned","utility_split":false,"homes":967,"homes_source":"pluto","multifamily_5plus_lots":4,"median_income":75728,"income_band":"60–100k","low_income_share":0.61,"median_year_built":1954,"pre1980":0.91,"owner":0.49,"fuel":{"gas":0.86,"propane":0.04,"electric":0.07,"oil":0.02,"other":0.01,"none":0},"dac":false,"dac_share":0,"score":59,"parts":{"volume":25,"fuel":8,"age":18.2,"owner":7.3,"incentive":0},"gaps":[]}},{"type":"Feature","geometry":{"type":"Polygon","coordinates":[[[-73.77712,40.71426],[-73.77537,40.71168],[-73.7745,40.71195],[-73.77314,40.70992],[-73.77174,40.71031],[-73.77065,40.71083],[-73.76944,40.71198],[-73.77192,40.71569],[-73.77357,40.71512],[-73.77712,40.71426]]]},"properties":{"geoid":"36081048000","county":"081","county_name":"Queens","utility":"coned","utility_split":false,"homes":455,"homes_source":"pluto","multifamily_5plus_lots":2,"median_income":86250,"income_band":"60–100k","low_income_share":0.52,"median_year_built":1938,"pre1980":0.83,"owner":0.65,"fuel":{"gas":0.82,"propane":0.06,"electric":0.01,"oil":0.1,"other":0.01,"none":0},"dac":false,"dac_share":0,"score":59,"parts":{"volume":22.9,"fuel":9.3,"age":16.6,"owner":9.8,"incentive":0},"gaps":[]}},{"type":"Feature","geometry":{"type":"Polygon","coordinates":[[[-73.91132,40.71962],[-73.90943,40.71758],[-73.90696,40.7173],[-73.9021,40.718],[-73.90229,40.71868],[-73.90262,40.71862],[-73.90324,40.71912],[-73.90346,40.71992],[-73.9041,40.72103],[-73.90492,40.72052],[-73.90819,40.7204],[-73.9083,40.72046],[-73.91132,40.71962]]]},"properties":{"geoid":"36081052500","county":"081","county_name":"Queens","utility":"coned","utility_split":false,"homes":436,"homes_source":"pluto","multifamily_5plus_lots":4,"median_income":77037,"income_band":"60–100k","low_income_share":0.61,"median_year_built":1938,"pre1980":0.88,"owner":0.55,"fuel":{"gas":0.73,"propane":0.05,"electric":0.04,"oil":0.18,"other":0,"none":0},"dac":false,"dac_share":0,"score":59,"parts":{"volume":22.7,"fuel":10.8,"age":17.5,"owner":8.2,"incentive":0},"gaps":[]}},{"type":"Feature","geometry":{"type":"Polygon","coordinates":[[[-73.75688,40.72628],[-73.75548,40.72512],[-73.75509,40.72449],[-73.75497,40.72416],[-73.75335,40.72514],[-73.75191,40.72395],[-73.74819,40.72621],[-73.7468,40.72722],[-73.74242,40.72992],[-73.74556,40.73064],[-73.7463,40.73118],[-73.74649,40.73141],[-73.74666,40.73181],[-73.74674,40.73258],[-73.74962,40.73],[-73.75133,40.72874],[-73.75375,40.72743],[-73.75522,40.72682],[-73.75688,40.72628]]]},"properties":{"geoid":"36081055200","county":"081","county_name":"Queens","utility":"coned","utility_split":false,"homes":418,"homes_source":"pluto","multifamily_5plus_lots":14,"median_income":71213,"income_band":"60–100k","low_income_share":0.65,"median_year_built":1953,"pre1980":0.99,"owner":0.51,"fuel":{"gas":0.75,"propane":0.02,"electric":0.11,"oil":0.1,"other":0,"none":0.03},"dac":false,"dac_share":0,"score":59,"parts":{"volume":22.6,"fuel":8.9,"age":19.8,"owner":7.6,"incentive":0},"gaps":[]}},{"type":"Feature","geometry":{"type":"Polygon","coordinates":[[[-73.74031,40.7257],[-73.74105,40.72526],[-73.73776,40.72217],[-73.73692,40.72247],[-73.73583,40.72271],[-73.73575,40.72285],[-73.73576,40.72346],[-73.73655,40.72552],[-73.73122,40.7267],[-73.73149,40.72742],[-73.73545,40.72835],[-73.73542,40.728],[-73.73516,40.72731],[-73.73706,40.72689],[-73.73718,40.7272],[-73.74005,40.72545],[-73.74031,40.7257]]]},"properties":{"geoid":"36081056000","county":"081","county_name":"Queens","utility":"coned","utility_split":false,"homes":370,"homes_source":"pluto","multifamily_5plus_lots":0,"median_income":139615,"income_band":"100–150k","low_income_share":0.36,"median_year_built":1940,"pre1980":0.83,"owner":0.82,"fuel":{"gas":0.9,"propane":0.05,"electric":0.02,"oil":0.04,"other":0,"none":0},"dac":false,"dac_share":0,"score":59,"parts":{"volume":22.1,"fuel":8,"age":16.7,"owner":12.3,"incentive":0},"gaps":[]}},{"type":"Feature","geometry":{"type":"Polygon","coordinates":[[[-73.73928,40.69679],[-73.74014,40.69514],[-73.73664,40.69404],[-73.73397,40.69915],[-73.73749,40.70021],[-73.73928,40.69679]]]},"properties":{"geoid":"36081059600","county":"081","county_name":"Queens","utility":"coned","utility_split":false,"homes":377,"homes_source":"pluto","multifamily_5plus_lots":0,"median_income":92162,"income_band":"60–100k","low_income_share":0.55,"median_year_built":1944,"pre1980":0.82,"owner":0.86,"fuel":{"gas":0.91,"propane":0.03,"electric":0,"oil":0.06,"other":0,"none":0},"dac":false,"dac_share":0,"score":59,"parts":{"volume":22.2,"fuel":7.9,"age":16.3,"owner":12.9,"incentive":0},"gaps":[]}},{"type":"Feature","geometry":{"type":"Polygon","coordinates":[[[-73.74328,40.69713],[-73.74359,40.69621],[-73.74014,40.69514],[-73.73749,40.70021],[-73.7414,40.70133],[-73.74233,40.69953],[-73.74328,40.69713]]]},"properties":{"geoid":"36081059800","county":"081","county_name":"Queens","utility":"coned","utility_split":false,"homes":436,"homes_source":"pluto","multifamily_5plus_lots":2,"median_income":96250,"income_band":"60–100k","low_income_share":0.51,"median_year_built":1950,"pre1980":0.94,"owner":0.61,"fuel":{"gas":0.84,"propane":0,"electric":0.05,"oil":0.11,"other":0,"none":0},"dac":false,"dac_share":0,"score":59,"parts":{"volume":22.7,"fuel":8.6,"age":18.7,"owner":9.1,"incentive":0},"gaps":[]}},{"type":"Feature","geometry":{"type":"Polygon","coordinates":[[[-73.87548,40.71312],[-73.87535,40.71101],[-73.87524,40.71035],[-73.87375,40.70751],[-73.87492,40.70682],[-73.87154,40.70705],[-73.86911,40.70709],[-73.86989,40.70851],[-73.87016,40.70921],[-73.87032,40.7099],[-73.87128,40.71192],[-73.87155,40.7126],[-73.87162,40.71329],[-73.87548,40.71312]]]},"properties":{"geoid":"36081062100","county":"081","county_name":"Queens","utility":"coned","utility_split":false,"homes":533,"homes_source":"pluto","multifamily_5plus_lots":4,"median_income":77011,"income_band":"60–100k","low_income_share":0.66,"median_year_built":1938,"pre1980":0.9,"owner":0.54,"fuel":{"gas":0.8,"propane":0.04,"electric":0.02,"oil":0.14,"other":0,"none":0},"dac":false,"dac_share":0,"score":59,"parts":{"volume":23.5,"fuel":9.7,"age":18.1,"owner":8.1,"incentive":0},"gaps":[]}},{"type":"Feature","geometry":{"type":"Polygon","coordinates":[[[-73.88912,40.7056],[-73.8874,40.7014],[-73.88375,40.7017],[-73.88555,40.70615],[-73.88653,40.70622],[-73.88912,40.7056]]]},"properties":{"geoid":"36081062700","county":"081","county_name":"Queens","utility":"coned","utility_split":false,"homes":510,"homes_source":"pluto","multifamily_5plus_lots":18,"median_income":76439,"income_band":"60–100k","low_income_share":0.63,"median_year_built":1938,"pre1980":0.95,"owner":0.56,"fuel":{"gas":0.78,"propane":0.02,"electric":0.12,"oil":0.05,"other":0,"none":0.03},"dac":false,"dac_share":0,"score":59,"parts":{"volume":23.3,"fuel":8.1,"age":18.9,"owner":8.4,"incentive":0},"gaps":[]}},{"type":"Feature","geometry":{"type":"Polygon","coordinates":[[[-73.87722,40.70669],[-73.87543,40.70237],[-73.87165,40.70269],[-73.87244,40.70463],[-73.87336,40.70455],[-73.87424,40.70673],[-73.87494,40.70668],[-73.87515,40.70654],[-73.87519,40.70665],[-73.87492,40.70682],[-73.87722,40.70669]]]},"properties":{"geoid":"36081063301","county":"081","county_name":"Queens","utility":"coned","utility_split":false,"homes":332,"homes_source":"pluto","multifamily_5plus_lots":4,"median_income":142768,"income_band":"100–150k","low_income_share":0.25,"median_year_built":1938,"pre1980":0.92,"owner":0.63,"fuel":{"gas":0.74,"propane":0.1,"electric":0.07,"oil":0.07,"other":0,"none":0.01},"dac":false,"dac_share":0,"score":59,"parts":{"volume":21.7,"fuel":9.9,"age":18.3,"owner":9.4,"incentive":0},"gaps":[]}},{"type":"Feature","geometry":{"type":"Polygon","coordinates":[[[-73.73767,40.65877],[-73.73814,40.65815],[-73.73657,40.65745],[-73.73668,40.65587],[-73.7296,40.65569],[-73.72952,40.65743],[-73.72839,40.65741],[-73.72943,40.65869],[-73.733,40.66266],[-73.73584,40.66116],[-73.73767,40.65877]]]},"properties":{"geoid":"36081066000","county":"081","county_name":"Queens","utility":"coned","utility_split":false,"homes":689,"homes_source":"pluto","multifamily_5plus_lots":0,"median_income":137843,"income_band":"100–150k","low_income_share":0.37,"median_year_built":1959,"pre1980":0.87,"owner":0.57,"fuel":{"gas":0.85,"propane":0.05,"electric":0.05,"oil":0.05,"other":0,"none":0},"dac":false,"dac_share":0,"score":59,"parts":{"volume":24.4,"fuel":8.5,"age":17.4,"owner":8.5,"incentive":0},"gaps":[]}},{"type":"Feature","geometry":{"type":"Polygon","coordinates":[[[-73.84302,40.70918],[-73.83901,40.70855],[-73.83715,40.70796],[-73.83675,40.7085],[-73.83631,40.70884],[-73.83347,40.71031],[-73.83304,40.71044],[-73.83263,40.71033],[-73.82931,40.71242],[-73.83038,40.71362],[-73.83008,40.71391],[-73.83098,40.71431],[-73.83363,40.71299],[-73.83598,40.71171],[-73.83612,40.71182],[-73.83672,40.71147],[-73.83771,40.71104],[-73.84069,40.71015],[-73.84302,40.70918]]]},"properties":{"geoid":"36081077300","county":"081","county_name":"Queens","utility":"coned","utility_split":false,"homes":96,"homes_source":"pluto","multifamily_5plus_lots":11,"median_income":106964,"income_band":"100–150k","low_income_share":0.47,"median_year_built":1938,"pre1980":0.95,"owner":0.66,"fuel":{"gas":0.47,"propane":0.02,"electric":0.18,"oil":0.28,"other":0.01,"none":0.04},"dac":false,"dac_share":0,"score":59,"parts":{"volume":17.1,"fuel":12.8,"age":19,"owner":9.9,"incentive":0},"gaps":[]}},{"type":"Feature","geometry":{"type":"Polygon","coordinates":[[[-73.81932,40.72203],[-73.81943,40.722],[-73.81719,40.71766],[-73.80904,40.71991],[-73.80934,40.72096],[-73.8104,40.72372],[-73.81142,40.72361],[-73.81253,40.72328],[-73.81287,40.72395],[-73.81932,40.72203]]]},"properties":{"geoid":"36081077904","county":"081","county_name":"Queens","utility":"coned","utility_split":false,"homes":877,"homes_source":"pluto","multifamily_5plus_lots":16,"median_income":107279,"income_band":"100–150k","low_income_share":0.48,"median_year_built":1957,"pre1980":0.97,"owner":0.4,"fuel":{"gas":0.77,"propane":0.03,"electric":0.04,"oil":0.1,"other":0.01,"none":0.05},"dac":false,"dac_share":0,"score":59,"parts":{"volume":25,"fuel":8.7,"age":19.4,"owner":6.1,"incentive":0},"gaps":[]}},{"type":"Feature","geometry":{"type":"Polygon","coordinates":[[[-73.79208,40.67181],[-73.79244,40.67033],[-73.79155,40.67021],[-73.79217,40.66704],[-73.78941,40.66684],[-73.78916,40.66834],[-73.78808,40.67301],[-73.79047,40.67339],[-73.79165,40.67349],[-73.79208,40.67181]]]},"properties":{"geoid":"36081078800","county":"081","county_name":"Queens","utility":"coned","utility_split":false,"homes":421,"homes_source":"pluto","multifamily_5plus_lots":1,"median_income":105529,"income_band":"100–150k","low_income_share":0.4,"median_year_built":1938,"pre1980":0.9,"owner":0.67,"fuel":{"gas":0.89,"propane":0.03,"electric":0.01,"oil":0.06,"other":0.01,"none":0},"dac":false,"dac_share":0,"score":59,"parts":{"volume":22.6,"fuel":8.1,"age":18.1,"owner":10,"incentive":0},"gaps":[]}},{"type":"Feature","geometry":{"type":"Polygon","coordinates":[[[-73.78227,40.78882],[-73.78227,40.78866],[-73.78069,40.78798],[-73.77999,40.7872],[-73.77551,40.78105],[-73.77536,40.78067],[-73.77532,40.78007],[-73.77584,40.77861],[-73.77554,40.77703],[-73.76864,40.77909],[-73.76816,40.77813],[-73.7676,40.7783],[-73.76816,40.7794],[-73.76678,40.77981],[-73.76689,40.77978],[-73.76702,40.78009],[-73.76707,40.78007],[-73.76701,40.77996],[-73.76721,40.77987],[-73.7672,40.77977],[-73.7682,40.77944],[-73.76816,40.77964],[-73.76834,40.77964],[-73.7693,40.78078],[-73.77161,40.783],[-73.77408,40.78592],[-73.7741,40.7863],[-73.77796,40.78836],[-73.77965,40.78906],[-73.7812,40.78959],[-73.78172,40.79053],[-73.78218,40.78928],[-73.78227,40.78882]]]},"properties":{"geoid":"36081099703","county":"081","county_name":"Queens","utility":"coned","utility_split":false,"homes":430,"homes_source":"pluto","multifamily_5plus_lots":7,"median_income":122188,"income_band":"100–150k","low_income_share":0.37,"median_year_built":1967,"pre1980":0.84,"owner":0.69,"fuel":{"gas":0.69,"propane":0,"electric":0.18,"oil":0.12,"other":0.01,"none":0},"dac":false,"dac_share":0,"score":59,"parts":{"volume":22.7,"fuel":9.6,"age":16.7,"owner":10.3,"incentive":0},"gaps":[]}},{"type":"Feature","geometry":{"type":"Polygon","coordinates":[[[-73.78146,40.76707],[-73.77903,40.76238],[-73.77077,40.76319],[-73.77097,40.7636],[-73.77288,40.76341],[-73.77427,40.76604],[-73.7734,40.76631],[-73.77469,40.76879],[-73.77744,40.7682],[-73.78146,40.76707]]]},"properties":{"geoid":"36081112900","county":"081","county_name":"Queens","utility":"coned","utility_split":false,"homes":468,"homes_source":"pluto","multifamily_5plus_lots":6,"median_income":104688,"income_band":"100–150k","low_income_share":0.44,"median_year_built":1957,"pre1980":0.82,"owner":0.64,"fuel":{"gas":0.77,"propane":0.01,"electric":0.05,"oil":0.16,"other":0.01,"none":0},"dac":false,"dac_share":0,"score":59,"parts":{"volume":23,"fuel":9.8,"age":16.4,"owner":9.7,"incentive":0},"gaps":[]}},{"type":"Feature","geometry":{"type":"Polygon","coordinates":[[[-73.81739,40.76657],[-73.8174,40.76549],[-73.81639,40.76316],[-73.81276,40.76413],[-73.81292,40.76506],[-73.81323,40.77157],[-73.81729,40.77148],[-73.81739,40.76657]]]},"properties":{"geoid":"36081115700","county":"081","county_name":"Queens","utility":"coned","utility_split":false,"homes":440,"homes_source":"pluto","multifamily_5plus_lots":13,"median_income":64153,"income_band":"60–100k","low_income_share":0.69,"median_year_built":1957,"pre1980":0.89,"owner":0.5,"fuel":{"gas":0.67,"propane":0.07,"electric":0.05,"oil":0.18,"other":0,"none":0.03},"dac":false,"dac_share":0,"score":59,"parts":{"volume":22.8,"fuel":11,"age":17.7,"owner":7.5,"incentive":0},"gaps":[]}},{"type":"Feature","geometry":{"type":"Polygon","coordinates":[[[-73.80208,40.76175],[-73.80192,40.76166],[-73.80194,40.76154],[-73.80101,40.76145],[-73.80119,40.7602],[-73.80083,40.75997],[-73.8003,40.7597],[-73.79493,40.7578],[-73.79403,40.75774],[-73.79032,40.75782],[-73.79076,40.76099],[-73.79344,40.76076],[-73.79344,40.7616],[-73.79303,40.76462],[-73.80143,40.76529],[-73.80189,40.7619],[-73.80208,40.76175]]]},"properties":{"geoid":"36081117500","county":"081","county_name":"Queens","utility":"coned","utility_split":false,"homes":726,"homes_source":"pluto","multifamily_5plus_lots":43,"median_income":78098,"income_band":"60–100k","low_income_share":0.6,"median_year_built":1954,"pre1980":0.79,"owner":0.46,"fuel":{"gas":0.65,"propane":0.1,"electric":0.09,"oil":0.14,"other":0.01,"none":0},"dac":false,"dac_share":0,"score":59,"parts":{"volume":24.6,"fuel":11.5,"age":15.8,"owner":6.9,"incentive":0},"gaps":[]}},{"type":"Feature","geometry":{"type":"Polygon","coordinates":[[[-73.80421,40.75875],[-73.80453,40.7564],[-73.79475,40.75563],[-73.79493,40.7578],[-73.7958,40.75809],[-73.80421,40.75875]]]},"properties":{"geoid":"36081119300","county":"081","county_name":"Queens","utility":"coned","utility_split":false,"homes":400,"homes_source":"pluto","multifamily_5plus_lots":10,"median_income":54273,"income_band":"<60k","low_income_share":0.64,"median_year_built":1938,"pre1980":0.91,"owner":0.56,"fuel":{"gas":0.7,"propane":0.01,"electric":0.15,"oil":0.12,"other":0.02,"none":0},"dac":false,"dac_share":0,"score":59,"parts":{"volume":22.4,"fuel":9.7,"age":18.1,"owner":8.4,"incentive":0},"gaps":[]}},{"type":"Feature","geometry":{"type":"Polygon","coordinates":[[[-73.75687,40.74936],[-73.75495,40.74562],[-73.75347,40.7424],[-73.75073,40.743],[-73.74888,40.74329],[-73.74785,40.7433],[-73.7457,40.74303],[-73.74478,40.74328],[-73.74593,40.74572],[-73.74612,40.74654],[-73.74397,40.74763],[-73.74415,40.74822],[-73.74508,40.75027],[-73.74578,40.75156],[-73.74639,40.75175],[-73.74681,40.75203],[-73.74841,40.75119],[-73.75,40.75072],[-73.75033,40.75066],[-73.75037,40.75078],[-73.75231,40.75046],[-73.75687,40.74936]]]},"properties":{"geoid":"36081137700","county":"081","county_name":"Queens","utility":"coned","utility_split":false,"homes":610,"homes_source":"pluto","multifamily_5plus_lots":10,"median_income":99140,"income_band":"60–100k","low_income_share":0.52,"median_year_built":1959,"pre1980":0.78,"owner":0.6,"fuel":{"gas":0.72,"propane":0.01,"electric":0.11,"oil":0.16,"other":0,"none":0.01},"dac":false,"dac_share":0,"score":59,"parts":{"volume":24,"fuel":10.1,"age":15.5,"owner":9,"incentive":0},"gaps":[]}},{"type":"Feature","geometry":{"type":"Polygon","coordinates":[[[-73.7624,40.7595],[-73.76177,40.75728],[-73.76193,40.75577],[-73.76145,40.75515],[-73.7608,40.75455],[-73.76005,40.75289],[-73.75969,40.75254],[-73.75906,40.75221],[-73.75738,40.75023],[-73.75687,40.74936],[-73.75231,40.75046],[-73.75037,40.75078],[-73.75033,40.75066],[-73.75,40.75072],[-73.74841,40.75119],[-73.74681,40.75203],[-73.7471,40.75235],[-73.74774,40.75385],[-73.74711,40.75417],[-73.7481,40.7559],[-73.75005,40.7584],[-73.75058,40.75802],[-73.75116,40.75907],[-73.7523,40.75946],[-73.75322,40.75825],[-73.75403,40.75851],[-73.75509,40.75849],[-73.75555,40.7583],[-73.75585,40.75776],[-73.75626,40.75843],[-73.75682,40.75974],[-73.758,40.76038],[-73.7624,40.7595]]]},"properties":{"geoid":"36081138501","county":"081","county_name":"Queens","utility":"coned","utility_split":false,"homes":970,"homes_source":"pluto","multifamily_5plus_lots":1,"median_income":92132,"income_band":"60–100k","low_income_share":0.54,"median_year_built":1963,"pre1980":0.83,"owner":0.5,"fuel":{"gas":0.62,"propane":0.09,"electric":0.24,"oil":0.04,"other":0.01,"none":0},"dac":false,"dac_share":0,"score":59,"parts":{"volume":25,"fuel":10.2,"age":16.5,"owner":7.5,"incentive":0},"gaps":[]}},{"type":"Feature","geometry":{"type":"Polygon","coordinates":[[[-73.77831,40.74874],[-73.77576,40.74337],[-73.77245,40.74392],[-73.77164,40.7442],[-73.77193,40.74479],[-73.77174,40.74484],[-73.77417,40.74988],[-73.77831,40.74874]]]},"properties":{"geoid":"36081140901","county":"081","county_name":"Queens","utility":"coned","utility_split":false,"homes":268,"homes_source":"pluto","multifamily_5plus_lots":2,"median_income":130281,"income_band":"100–150k","low_income_share":0.45,"median_year_built":1948,"pre1980":0.99,"owner":0.68,"fuel":{"gas":0.87,"propane":0.02,"electric":0.07,"oil":0.05,"other":0,"none":0},"dac":false,"dac_share":0,"score":59,"parts":{"volume":20.9,"fuel":7.9,"age":19.8,"owner":10.2,"incentive":0},"gaps":[]}},{"type":"Feature","geometry":{"type":"Polygon","coordinates":[[[-73.78248,40.756],[-73.78212,40.75534],[-73.78053,40.75333],[-73.77831,40.74874],[-73.77434,40.74983],[-73.77576,40.75292],[-73.7774,40.75821],[-73.77767,40.75815],[-73.77742,40.75736],[-73.78248,40.756]]]},"properties":{"geoid":"36081145102","county":"081","county_name":"Queens","utility":"coned","utility_split":false,"homes":583,"homes_source":"pluto","multifamily_5plus_lots":2,"median_income":93523,"income_band":"60–100k","low_income_share":0.55,"median_year_built":1954,"pre1980":0.81,"owner":0.76,"fuel":{"gas":0.94,"propane":0,"electric":0.01,"oil":0.05,"other":0,"none":0},"dac":false,"dac_share":0,"score":59,"parts":{"volume":23.8,"fuel":7.2,"age":16.1,"owner":11.4,"incentive":0},"gaps":[]}},{"type":"Feature","geometry":{"type":"Polygon","coordinates":[[[-73.78527,40.76184],[-73.78517,40.76143],[-73.7841,40.75904],[-73.78248,40.756],[-73.77742,40.75736],[-73.77767,40.75815],[-73.7774,40.75821],[-73.77802,40.7604],[-73.77903,40.76238],[-73.78527,40.76184]]]},"properties":{"geoid":"36081146300","county":"081","county_name":"Queens","utility":"coned","utility_split":false,"homes":384,"homes_source":"pluto","multifamily_5plus_lots":16,"median_income":87244,"income_band":"60–100k","low_income_share":0.57,"median_year_built":1951,"pre1980":0.92,"owner":0.47,"fuel":{"gas":0.54,"propane":0.04,"electric":0.27,"oil":0.13,"other":0.01,"none":0},"dac":false,"dac_share":0,"score":59,"parts":{"volume":22.3,"fuel":11.3,"age":18.4,"owner":7.1,"incentive":0},"gaps":[]}},{"type":"Feature","geometry":{"type":"Polygon","coordinates":[[[-73.72142,40.75653],[-73.72149,40.75643],[-73.72109,40.75628],[-73.71775,40.75535],[-73.71747,40.75568],[-73.71541,40.75568],[-73.71458,40.75486],[-73.71403,40.75462],[-73.71355,40.75367],[-73.71312,40.75224],[-73.71277,40.75191],[-73.70783,40.75622],[-73.71245,40.75924],[-73.71333,40.75973],[-73.71612,40.75958],[-73.71778,40.7592],[-73.71877,40.7588],[-73.7195,40.7584],[-73.72071,40.75741],[-73.72142,40.75653]]]},"properties":{"geoid":"36081155101","county":"081","county_name":"Queens","utility":"coned","utility_split":false,"homes":44,"homes_source":"acs_est","multifamily_5plus_lots":null,"median_income":89931,"income_band":"60–100k","low_income_share":0.52,"median_year_built":1974,"pre1980":0.93,"owner":0.95,"fuel":{"gas":0.38,"propane":0.02,"electric":0.34,"oil":0.18,"other":0.03,"none":0.05},"dac":false,"dac_share":0,"score":59,"parts":{"volume":14.2,"fuel":12,"age":18.6,"owner":14.2,"incentive":0},"gaps":[]}},{"type":"Feature","geometry":{"type":"Polygon","coordinates":[[[-73.72773,40.73106],[-73.72719,40.73101],[-73.72572,40.73065],[-73.72331,40.73035],[-73.72273,40.73315],[-73.7227,40.73477],[-73.72285,40.7356],[-73.7239,40.7383],[-73.72489,40.73957],[-73.72576,40.74031],[-73.72657,40.74082],[-73.72751,40.74069],[-73.72611,40.73638],[-73.72701,40.73558],[-73.72637,40.73346],[-73.72672,40.73314],[-73.72773,40.73106]]]},"properties":{"geoid":"36081157102","county":"081","county_name":"Queens","utility":"coned","utility_split":false,"homes":425,"homes_source":"pluto","multifamily_5plus_lots":0,"median_income":118250,"income_band":"100–150k","low_income_share":0.39,"median_year_built":1952,"pre1980":0.85,"owner":0.63,"fuel":{"gas":0.68,"propane":0.05,"electric":0.09,"oil":0.11,"other":0.04,"none":0.02},"dac":false,"dac_share":0,"score":59,"parts":{"volume":22.6,"fuel":9.9,"age":16.9,"owner":9.4,"incentive":0},"gaps":[]}},{"type":"Feature","geometry":{"type":"Polygon","coordinates":[[[-73.73442,40.78229],[-73.7329,40.78071],[-73.73117,40.78297],[-73.72799,40.7832],[-73.72638,40.78303],[-73.72664,40.7834],[-73.72674,40.78393],[-73.72603,40.78402],[-73.72607,40.78505],[-73.72504,40.78609],[-73.72289,40.78509],[-73.72163,40.78482],[-73.7206,40.7849],[-73.72078,40.78639],[-73.72014,40.78645],[-73.72018,40.78692],[-73.7176,40.78718],[-73.71752,40.7867],[-73.71553,40.78684],[-73.7155,40.78897],[-73.71802,40.78869],[-73.71916,40.78867],[-73.72104,40.78833],[-73.72105,40.78879],[-73.72125,40.78937],[-73.72162,40.79131],[-73.72805,40.79057],[-73.72817,40.7912],[-73.72979,40.79102],[-73.72958,40.79041],[-73.73059,40.79018],[-73.72912,40.7882],[-73.72962,40.78793],[-73.73012,40.78784],[-73.73092,40.78747],[-73.73029,40.7869],[-73.72989,40.78638],[-73.73074,40.78608],[-73.73147,40.78558],[-73.73266,40.78386],[-73.73442,40.78229]]]},"properties":{"geoid":"36059300700","county":"059","county_name":"Nassau","utility":"psegli","utility_split":false,"homes":136,"homes_source":"acs_est","multifamily_5plus_lots":null,"median_income":97721,"income_band":"60–100k","low_income_share":0.5,"median_year_built":1959,"pre1980":0.81,"owner":0.54,"fuel":{"gas":0.51,"propane":0.08,"electric":0.19,"oil":0.2,"other":0.02,"none":0},"dac":false,"dac_share":0,"score":59,"parts":{"volume":18.4,"fuel":12.8,"age":16.3,"owner":8.1,"incentive":3.8},"gaps":[]}},{"type":"Feature","geometry":{"type":"Polygon","coordinates":[[[-73.68117,40.58317],[-73.68134,40.57902],[-73.65861,40.57612],[-73.6581,40.58268],[-73.65826,40.58853],[-73.68129,40.58839],[-73.68117,40.58317]]]},"properties":{"geoid":"36059416600","county":"059","county_name":"Nassau","utility":"psegli","utility_split":false,"homes":973,"homes_source":"acs_est","multifamily_5plus_lots":null,"median_income":133986,"income_band":"100–150k","low_income_share":0.39,"median_year_built":1963,"pre1980":0.69,"owner":0.62,"fuel":{"gas":0.69,"propane":0,"electric":0.2,"oil":0.06,"other":0,"none":0.05},"dac":false,"dac_share":0,"score":59,"parts":{"volume":25,"fuel":8.3,"age":13.9,"owner":9.2,"incentive":2.9},"gaps":[]}},{"type":"Feature","geometry":{"type":"Polygon","coordinates":[[[-73.57845,40.78357],[-73.57237,40.77969],[-73.57191,40.77928],[-73.57143,40.77904],[-73.56883,40.77732],[-73.56753,40.77626],[-73.56767,40.77611],[-73.56752,40.77593],[-73.56344,40.77338],[-73.56244,40.77292],[-73.56014,40.77154],[-73.55664,40.77284],[-73.5553,40.77318],[-73.55332,40.77349],[-73.55042,40.77364],[-73.54874,40.77383],[-73.54626,40.77435],[-73.54464,40.77489],[-73.54269,40.77583],[-73.54141,40.77661],[-73.5407,40.77713],[-73.53816,40.77947],[-73.5367,40.78067],[-73.5345,40.78214],[-73.53265,40.7831],[-73.53298,40.78406],[-73.53322,40.78429],[-73.53333,40.7848],[-73.53368,40.78513],[-73.53389,40.7857],[-73.5344,40.78626],[-73.53575,40.78833],[-73.53677,40.78952],[-73.53951,40.79197],[-73.53882,40.79237],[-73.53867,40.79284],[-73.5389,40.79302],[-73.53812,40.79571],[-73.538,40.79717],[-73.53772,40.79784],[-73.53757,40.79863],[-73.53726,40.80134],[-73.54086,40.80286],[-73.54303,40.80113],[-73.54375,40.80162],[-73.54614,40.79929],[-73.54663,40.79814],[-73.54756,40.79852],[-73.54847,40.79901],[-73.55145,40.79758],[-73.55207,40.79731],[-73.55274,40.79715],[-73.56141,40.79626],[-73.56148,40.7961],[-73.56049,40.79207],[-73.56437,40.79124],[-73.56302,40.78921],[-73.56419,40.7888],[-73.56514,40.78828],[-73.56617,40.78831],[-73.56637,40.78783],[-73.56611,40.78638],[-73.5662,40.78584],[-73.56583,40.78571],[-73.5658,40.78525],[-73.56569,40.78504],[-73.56607,40.7848],[-73.56577,40.7842],[-73.56601,40.78397],[-73.56756,40.7836],[-73.56709,40.78101],[-73.56698,40.78083],[-73.5702,40.78013],[-73.57047,40.78087],[-73.57051,40.78167],[-73.57089,40.78226],[-73.57129,40.7831],[-73.57161,40.7843],[-73.57845,40.78357]]]},"properties":{"geoid":"36059518501","county":"059","county_name":"Nassau","utility":"psegli","utility_split":false,"homes":1663,"homes_source":"acs_est","multifamily_5plus_lots":null,"median_income":155682,"income_band":"150k+","low_income_share":0.27,"median_year_built":1975,"pre1980":0.53,"owner":0.79,"fuel":{"gas":0.6,"propane":0,"electric":0.33,"oil":0.07,"other":0,"none":0},"dac":false,"dac_share":0,"score":59,"parts":{"volume":25,"fuel":9.7,"age":10.7,"owner":11.8,"incentive":2},"gaps":[]}},{"type":"Feature","geometry":{"type":"Polygon","coordinates":[[[-73.84586,40.6962],[-73.8454,40.69516],[-73.84199,40.69522],[-73.84035,40.69538],[-73.84294,40.70055],[-73.84502,40.69936],[-73.84372,40.69675],[-73.84586,40.6962]]]},"properties":{"geoid":"36081002600","county":"081","county_name":"Queens","utility":"coned","utility_split":false,"homes":342,"homes_source":"pluto","multifamily_5plus_lots":3,"median_income":135267,"income_band":"100–150k","low_income_share":0.33,"median_year_built":1938,"pre1980":0.91,"owner":0.71,"fuel":{"gas":0.87,"propane":0.02,"electric":0.04,"oil":0.05,"other":0,"none":0.03},"dac":false,"dac_share":0,"score":58,"parts":{"volume":21.8,"fuel":7.6,"age":18.2,"owner":10.7,"incentive":0},"gaps":[]}},{"type":"Feature","geometry":{"type":"Polygon","coordinates":[[[-73.9358,40.7558],[-73.93125,40.75337],[-73.92896,40.75621],[-73.93215,40.75771],[-73.93334,40.75624],[-73.93463,40.75694],[-73.9358,40.7558]]]},"properties":{"geoid":"36081005100","county":"081","county_name":"Queens","utility":"coned","utility_split":false,"homes":132,"homes_source":"pluto","multifamily_5plus_lots":36,"median_income":90104,"income_band":"60–100k","low_income_share":0.61,"median_year_built":1946,"pre1980":0.73,"owner":0.04,"fuel":{"gas":0.58,"propane":0,"electric":0.29,"oil":0.07,"other":0.02,"none":0.04},"dac":true,"dac_share":1,"score":58,"parts":{"volume":18.3,"fuel":9.3,"age":14.7,"owner":0.6,"incentive":15},"gaps":[]}},{"type":"Feature","geometry":{"type":"Polygon","coordinates":[[[-73.8511,40.66941],[-73.84985,40.66441],[-73.84954,40.66375],[-73.84881,40.6628],[-73.84536,40.66442],[-73.84165,40.66597],[-73.84227,40.66827],[-73.84531,40.66929],[-73.84793,40.67004],[-73.8481,40.66983],[-73.8511,40.66941]]]},"properties":{"geoid":"36081006201","county":"081","county_name":"Queens","utility":"coned","utility_split":false,"homes":90,"homes_source":"pluto","multifamily_5plus_lots":22,"median_income":61954,"income_band":"60–100k","low_income_share":0.73,"median_year_built":1962,"pre1980":0.97,"owner":0.82,"fuel":{"gas":0.77,"propane":0.04,"electric":0.09,"oil":0.09,"other":0.01,"none":0.01},"dac":false,"dac_share":0,"score":58,"parts":{"volume":16.9,"fuel":9.2,"age":19.5,"owner":12.2,"incentive":0},"gaps":[]}},{"type":"Feature","geometry":{"type":"Polygon","coordinates":[[[-73.94581,40.7578],[-73.94435,40.75687],[-73.94124,40.75523],[-73.9391,40.75749],[-73.94086,40.75811],[-73.93601,40.76589],[-73.93764,40.76647],[-73.94246,40.75868],[-73.94417,40.75931],[-73.94581,40.7578]]]},"properties":{"geoid":"36081008500","county":"081","county_name":"Queens","utility":"coned","utility_split":false,"homes":98,"homes_source":"pluto","multifamily_5plus_lots":23,"median_income":82708,"income_band":"60–100k","low_income_share":0.53,"median_year_built":1962,"pre1980":0.75,"owner":0.04,"fuel":{"gas":0.68,"propane":0,"electric":0.09,"oil":0.19,"other":0,"none":0.04},"dac":true,"dac_share":1,"score":58,"parts":{"volume":17.2,"fuel":10.2,"age":15,"owner":0.7,"incentive":15},"gaps":[]}},{"type":"Feature","geometry":{"type":"Polygon","coordinates":[[[-73.82718,40.69238],[-73.82659,40.69118],[-73.81512,40.69444],[-73.81571,40.69564],[-73.82718,40.69238]]]},"properties":{"geoid":"36081015000","county":"081","county_name":"Queens","utility":"coned","utility_split":false,"homes":373,"homes_source":"pluto","multifamily_5plus_lots":3,"median_income":91116,"income_band":"60–100k","low_income_share":0.54,"median_year_built":1938,"pre1980":0.93,"owner":0.64,"fuel":{"gas":0.83,"propane":0.03,"electric":0.05,"oil":0.04,"other":0.01,"none":0.04},"dac":false,"dac_share":0,"score":58,"parts":{"volume":22.2,"fuel":7.6,"age":18.6,"owner":9.7,"incentive":0},"gaps":[]}},{"type":"Feature","geometry":{"type":"Polygon","coordinates":[[[-73.81022,40.71571],[-73.81015,40.71347],[-73.80903,40.71116],[-73.8089,40.7106],[-73.80805,40.70936],[-73.80548,40.71009],[-73.80627,40.71125],[-73.80668,40.71306],[-73.80693,40.71364],[-73.80742,40.71433],[-73.80777,40.71572],[-73.81022,40.71571]]]},"properties":{"geoid":"36081023000","county":"081","county_name":"Queens","utility":"coned","utility_split":false,"homes":327,"homes_source":"pluto","multifamily_5plus_lots":1,"median_income":118494,"income_band":"100–150k","low_income_share":0.34,"median_year_built":1938,"pre1980":0.93,"owner":0.69,"fuel":{"gas":0.91,"propane":0,"electric":0.02,"oil":0.06,"other":0,"none":0.01},"dac":false,"dac_share":0,"score":58,"parts":{"volume":21.7,"fuel":7.5,"age":18.7,"owner":10.3,"incentive":0},"gaps":[]}},{"type":"Feature","geometry":{"type":"Polygon","coordinates":[[[-73.80108,40.69543],[-73.8012,40.69534],[-73.80094,40.69443],[-73.80068,40.69386],[-73.79975,40.69335],[-73.79803,40.69162],[-73.79364,40.69347],[-73.79482,40.69498],[-73.79601,40.69667],[-73.79754,40.6982],[-73.80108,40.69543]]]},"properties":{"geoid":"36081025401","county":"081","county_name":"Queens","utility":"coned","utility_split":false,"homes":487,"homes_source":"pluto","multifamily_5plus_lots":3,"median_income":76434,"income_band":"60–100k","low_income_share":0.64,"median_year_built":1991,"pre1980":0.47,"owner":0.25,"fuel":{"gas":0.91,"propane":0,"electric":0.08,"oil":0,"other":0,"none":0},"dac":true,"dac_share":1,"score":58,"parts":{"volume":23.1,"fuel":6.8,"age":9.3,"owner":3.8,"incentive":15},"gaps":[]}},{"type":"Feature","geometry":{"type":"Polygon","coordinates":[[[-73.79391,40.68631],[-73.79272,40.68465],[-73.79257,40.68417],[-73.79266,40.68257],[-73.79209,40.68048],[-73.78841,40.68199],[-73.79211,40.68705],[-73.79391,40.68631]]]},"properties":{"geoid":"36081027200","county":"081","county_name":"Queens","utility":"coned","utility_split":false,"homes":419,"homes_source":"pluto","multifamily_5plus_lots":0,"median_income":97357,"income_band":"60–100k","low_income_share":0.52,"median_year_built":1949,"pre1980":0.9,"owner":0.66,"fuel":{"gas":0.91,"propane":0.05,"electric":0.04,"oil":0,"other":0,"none":0},"dac":false,"dac_share":0,"score":58,"parts":{"volume":22.6,"fuel":7.4,"age":18,"owner":9.9,"incentive":0},"gaps":[]}},{"type":"Feature","geometry":{"type":"Polygon","coordinates":[[[-73.78243,40.69034],[-73.78327,40.68999],[-73.78234,40.68841],[-73.78149,40.6887],[-73.77976,40.68574],[-73.77967,40.68538],[-73.777,40.68628],[-73.77796,40.68791],[-73.77662,40.68836],[-73.77789,40.68992],[-73.77977,40.68928],[-73.78078,40.69103],[-73.78243,40.69034]]]},"properties":{"geoid":"36081028000","county":"081","county_name":"Queens","utility":"coned","utility_split":false,"homes":364,"homes_source":"pluto","multifamily_5plus_lots":2,"median_income":80286,"income_band":"60–100k","low_income_share":0.6,"median_year_built":1945,"pre1980":1,"owner":0.54,"fuel":{"gas":0.85,"propane":0.01,"electric":0.1,"oil":0.04,"other":0,"none":0},"dac":false,"dac_share":0,"score":58,"parts":{"volume":22.1,"fuel":7.8,"age":20,"owner":8.1,"incentive":0},"gaps":[]}},{"type":"Feature","geometry":{"type":"Polygon","coordinates":[[[-73.77118,40.67253],[-73.771,40.67091],[-73.76466,40.67132],[-73.76435,40.67185],[-73.76381,40.67377],[-73.76562,40.67478],[-73.76924,40.67709],[-73.76983,40.67613],[-73.77063,40.67543],[-73.77012,40.67493],[-73.76948,40.67278],[-73.77118,40.67253]]]},"properties":{"geoid":"36081033405","county":"081","county_name":"Queens","utility":"coned","utility_split":false,"homes":313,"homes_source":"pluto","multifamily_5plus_lots":0,"median_income":86065,"income_band":"60–100k","low_income_share":0.55,"median_year_built":1962,"pre1980":0.95,"owner":0.42,"fuel":{"gas":0.6,"propane":0.01,"electric":0.17,"oil":0.19,"other":0.02,"none":0.02},"dac":false,"dac_share":0,"score":58,"parts":{"volume":21.5,"fuel":10.9,"age":19,"owner":6.3,"incentive":0},"gaps":[]}},{"type":"Feature","geometry":{"type":"Polygon","coordinates":[[[-73.76587,40.68257],[-73.76629,40.68197],[-73.76161,40.67974],[-73.76043,40.68339],[-73.76073,40.6851],[-73.76094,40.68578],[-73.76195,40.68823],[-73.76239,40.69167],[-73.7662,40.69218],[-73.76505,40.69015],[-73.7647,40.68927],[-73.76508,40.68899],[-73.76481,40.68878],[-73.764,40.6868],[-73.76338,40.68567],[-73.76587,40.68257]]]},"properties":{"geoid":"36081036600","county":"081","county_name":"Queens","utility":"coned","utility_split":false,"homes":646,"homes_source":"pluto","multifamily_5plus_lots":6,"median_income":75395,"income_band":"60–100k","low_income_share":0.62,"median_year_built":1944,"pre1980":0.78,"owner":0.62,"fuel":{"gas":0.76,"propane":0,"electric":0.09,"oil":0.11,"other":0.04,"none":0},"dac":false,"dac_share":0,"score":58,"parts":{"volume":24.2,"fuel":9.1,"age":15.7,"owner":9.2,"incentive":0},"gaps":[]}},{"type":"Feature","geometry":{"type":"Polygon","coordinates":[[[-73.76239,40.69167],[-73.76195,40.68823],[-73.76117,40.68645],[-73.76073,40.6851],[-73.75611,40.68676],[-73.75689,40.688],[-73.75716,40.68791],[-73.75868,40.69047],[-73.75849,40.69053],[-73.75879,40.69118],[-73.7571,40.69165],[-73.75683,40.69104],[-73.75683,40.69083],[-73.75641,40.69012],[-73.75381,40.69097],[-73.75508,40.69366],[-73.76239,40.69167]]]},"properties":{"geoid":"36081039400","county":"081","county_name":"Queens","utility":"coned","utility_split":false,"homes":670,"homes_source":"pluto","multifamily_5plus_lots":1,"median_income":100833,"income_band":"100–150k","low_income_share":0.5,"median_year_built":1942,"pre1980":0.83,"owner":0.52,"fuel":{"gas":0.78,"propane":0.02,"electric":0.1,"oil":0.09,"other":0,"none":0},"dac":false,"dac_share":0,"score":58,"parts":{"volume":24.3,"fuel":9,"age":16.6,"owner":7.9,"incentive":0},"gaps":[]}},{"type":"Feature","geometry":{"type":"Polygon","coordinates":[[[-73.86656,40.74946],[-73.8649,40.74655],[-73.8637,40.74691],[-73.86407,40.74607],[-73.86253,40.74653],[-73.86419,40.74972],[-73.86656,40.74946]]]},"properties":{"geoid":"36081040701","county":"081","county_name":"Queens","utility":"coned","utility_split":false,"homes":88,"homes_source":"pluto","multifamily_5plus_lots":65,"median_income":77944,"income_band":"60–100k","low_income_share":0.7,"median_year_built":1947,"pre1980":0.92,"owner":0.09,"fuel":{"gas":0.95,"propane":0,"electric":0.04,"oil":0.01,"other":0,"none":0},"dac":true,"dac_share":1,"score":58,"parts":{"volume":16.8,"fuel":6.7,"age":18.4,"owner":1.4,"incentive":15},"gaps":[]}},{"type":"Feature","geometry":{"type":"Polygon","coordinates":[[[-73.90457,40.72301],[-73.90456,40.7226],[-73.90435,40.72154],[-73.90346,40.71992],[-73.90324,40.71912],[-73.90262,40.71862],[-73.90229,40.71868],[-73.9021,40.718],[-73.90034,40.71802],[-73.90034,40.71867],[-73.90063,40.71976],[-73.90009,40.72018],[-73.89737,40.72048],[-73.8974,40.72155],[-73.89982,40.72124],[-73.90011,40.7233],[-73.90181,40.7228],[-73.90457,40.72301]]]},"properties":{"geoid":"36081052100","county":"081","county_name":"Queens","utility":"coned","utility_split":false,"homes":423,"homes_source":"pluto","multifamily_5plus_lots":6,"median_income":84009,"income_band":"60–100k","low_income_share":0.57,"median_year_built":1938,"pre1980":0.97,"owner":0.55,"fuel":{"gas":0.88,"propane":0,"electric":0,"oil":0.09,"other":0.03,"none":0},"dac":false,"dac_share":0,"score":58,"parts":{"volume":22.6,"fuel":8.1,"age":19.4,"owner":8.2,"incentive":0},"gaps":[]}},{"type":"Feature","geometry":{"type":"Polygon","coordinates":[[[-73.76262,40.6987],[-73.76174,40.69665],[-73.76159,40.6959],[-73.76176,40.69516],[-73.76198,40.69459],[-73.76123,40.69454],[-73.75673,40.6957],[-73.75855,40.69976],[-73.76262,40.6987]]]},"properties":{"geoid":"36081052600","county":"081","county_name":"Queens","utility":"coned","utility_split":false,"homes":437,"homes_source":"pluto","multifamily_5plus_lots":0,"median_income":96695,"income_band":"60–100k","low_income_share":0.54,"median_year_built":1941,"pre1980":0.85,"owner":0.67,"fuel":{"gas":0.88,"propane":0.02,"electric":0.06,"oil":0.04,"other":0,"none":0},"dac":false,"dac_share":0,"score":58,"parts":{"volume":22.7,"fuel":7.7,"age":17.1,"owner":10,"incentive":0},"gaps":[]}},{"type":"Feature","geometry":{"type":"Polygon","coordinates":[[[-73.74386,40.72903],[-73.74459,40.72859],[-73.74105,40.72526],[-73.74031,40.7257],[-73.74005,40.72545],[-73.73718,40.7272],[-73.73706,40.72689],[-73.73516,40.72731],[-73.73542,40.728],[-73.73545,40.72835],[-73.74242,40.72992],[-73.74386,40.72903]]]},"properties":{"geoid":"36081055400","county":"081","county_name":"Queens","utility":"coned","utility_split":false,"homes":500,"homes_source":"pluto","multifamily_5plus_lots":2,"median_income":89375,"income_band":"60–100k","low_income_share":0.59,"median_year_built":1946,"pre1980":0.93,"owner":0.57,"fuel":{"gas":0.83,"propane":0.05,"electric":0.02,"oil":0.03,"other":0.05,"none":0.02},"dac":false,"dac_share":0,"score":58,"parts":{"volume":23.2,"fuel":7.9,"age":18.7,"owner":8.5,"incentive":0},"gaps":[]}},{"type":"Feature","geometry":{"type":"Polygon","coordinates":[[[-73.9038,40.71335],[-73.90477,40.71287],[-73.89503,40.71248],[-73.89554,40.7138],[-73.8975,40.71638],[-73.9038,40.71335]]]},"properties":{"geoid":"36081060300","county":"081","county_name":"Queens","utility":"coned","utility_split":false,"homes":354,"homes_source":"pluto","multifamily_5plus_lots":2,"median_income":95909,"income_band":"60–100k","low_income_share":0.53,"median_year_built":1951,"pre1980":0.88,"owner":0.54,"fuel":{"gas":0.73,"propane":0.05,"electric":0.03,"oil":0.16,"other":0.01,"none":0.02},"dac":false,"dac_share":0,"score":58,"parts":{"volume":22,"fuel":10.3,"age":17.7,"owner":8.1,"incentive":0},"gaps":[]}},{"type":"Feature","geometry":{"type":"Polygon","coordinates":[[[-73.88553,40.70645],[-73.88555,40.70615],[-73.88375,40.7017],[-73.87917,40.70208],[-73.88088,40.70619],[-73.88123,40.70637],[-73.88553,40.70645]]]},"properties":{"geoid":"36081062500","county":"081","county_name":"Queens","utility":"coned","utility_split":false,"homes":488,"homes_source":"pluto","multifamily_5plus_lots":7,"median_income":83631,"income_band":"60–100k","low_income_share":0.57,"median_year_built":1938,"pre1980":0.87,"owner":0.59,"fuel":{"gas":0.74,"propane":0.02,"electric":0.1,"oil":0.06,"other":0.01,"none":0.06},"dac":false,"dac_share":0,"score":58,"parts":{"volume":23.2,"fuel":8.2,"age":17.5,"owner":8.8,"incentive":0},"gaps":[]}},{"type":"Feature","geometry":{"type":"Polygon","coordinates":[[[-73.87519,40.70665],[-73.87515,40.70654],[-73.87494,40.70668],[-73.87424,40.70673],[-73.87336,40.70455],[-73.87244,40.70463],[-73.87165,40.70269],[-73.86982,40.70284],[-73.87067,40.7049],[-73.86861,40.70538],[-73.86911,40.70709],[-73.87154,40.70705],[-73.87492,40.70682],[-73.87519,40.70665]]]},"properties":{"geoid":"36081063302","county":"081","county_name":"Queens","utility":"coned","utility_split":false,"homes":382,"homes_source":"pluto","multifamily_5plus_lots":0,"median_income":102292,"income_band":"100–150k","low_income_share":0.49,"median_year_built":1938,"pre1980":0.95,"owner":0.63,"fuel":{"gas":0.96,"propane":0,"electric":0,"oil":0.04,"other":0,"none":0},"dac":false,"dac_share":0,"score":58,"parts":{"volume":22.2,"fuel":7.1,"age":19.1,"owner":9.4,"incentive":0},"gaps":[]}},{"type":"Feature","geometry":{"type":"Polygon","coordinates":[[[-73.85447,40.70066],[-73.85457,40.70059],[-73.85378,40.69991],[-73.85271,40.69841],[-73.85261,40.69796],[-73.85266,40.69757],[-73.84993,40.69809],[-73.84908,40.69835],[-73.85071,40.70021],[-73.85166,40.70048],[-73.85278,40.70051],[-73.85396,40.70077],[-73.85447,40.70066]]]},"properties":{"geoid":"36081064101","county":"081","county_name":"Queens","utility":"coned","utility_split":false,"homes":42,"homes_source":"pluto","multifamily_5plus_lots":4,"median_income":99393,"income_band":"60–100k","low_income_share":0.51,"median_year_built":1955,"pre1980":0.99,"owner":0.94,"fuel":{"gas":0.71,"propane":0.04,"electric":0.01,"oil":0.16,"other":0.03,"none":0.05},"dac":false,"dac_share":0,"score":58,"parts":{"volume":14.1,"fuel":10,"age":19.7,"owner":14.1,"incentive":0},"gaps":[]}},{"type":"Feature","geometry":{"type":"Polygon","coordinates":[[[-73.89497,40.72282],[-73.89445,40.72201],[-73.89471,40.72182],[-73.89273,40.71913],[-73.89446,40.7183],[-73.89424,40.71792],[-73.89116,40.71946],[-73.88724,40.72128],[-73.89017,40.72495],[-73.89497,40.72282]]]},"properties":{"geoid":"36081066701","county":"081","county_name":"Queens","utility":"coned","utility_split":false,"homes":741,"homes_source":"pluto","multifamily_5plus_lots":1,"median_income":103594,"income_band":"100–150k","low_income_share":0.5,"median_year_built":1950,"pre1980":0.81,"owner":0.6,"fuel":{"gas":0.8,"propane":0.03,"electric":0.09,"oil":0.06,"other":0,"none":0.02},"dac":false,"dac_share":0,"score":58,"parts":{"volume":24.7,"fuel":8.4,"age":16.2,"owner":9,"incentive":0},"gaps":[]}},{"type":"Feature","geometry":{"type":"Polygon","coordinates":[[[-73.88897,40.72482],[-73.89017,40.72495],[-73.88724,40.72128],[-73.88163,40.72388],[-73.88259,40.72508],[-73.88643,40.7246],[-73.88897,40.72482]]]},"properties":{"geoid":"36081066900","county":"081","county_name":"Queens","utility":"coned","utility_split":false,"homes":476,"homes_source":"pluto","multifamily_5plus_lots":0,"median_income":96484,"income_band":"60–100k","low_income_share":0.51,"median_year_built":1957,"pre1980":0.97,"owner":0.51,"fuel":{"gas":0.87,"propane":0.01,"electric":0.08,"oil":0.03,"other":0,"none":0.01},"dac":false,"dac_share":0,"score":58,"parts":{"volume":23.1,"fuel":7.4,"age":19.5,"owner":7.7,"incentive":0},"gaps":[]}},{"type":"Feature","geometry":{"type":"Polygon","coordinates":[[[-73.85852,40.72153],[-73.85777,40.71646],[-73.85655,40.71839],[-73.85223,40.71681],[-73.85061,40.71938],[-73.85711,40.72176],[-73.85852,40.72153]]]},"properties":{"geoid":"36081070900","county":"081","county_name":"Queens","utility":"coned","utility_split":false,"homes":590,"homes_source":"pluto","multifamily_5plus_lots":3,"median_income":117375,"income_band":"100–150k","low_income_share":0.43,"median_year_built":1945,"pre1980":0.97,"owner":0.51,"fuel":{"gas":0.9,"propane":0,"electric":0.06,"oil":0.04,"other":0,"none":0},"dac":false,"dac_share":0,"score":58,"parts":{"volume":23.9,"fuel":7.4,"age":19.3,"owner":7.7,"incentive":0},"gaps":[]}},{"type":"Feature","geometry":{"type":"Polygon","coordinates":[[[-73.85025,40.72966],[-73.84939,40.72906],[-73.84913,40.72772],[-73.84888,40.72703],[-73.84853,40.72636],[-73.84808,40.72573],[-73.84393,40.72697],[-73.84478,40.72856],[-73.84571,40.7295],[-73.84576,40.73026],[-73.84599,40.73095],[-73.85025,40.72966]]]},"properties":{"geoid":"36081074100","county":"081","county_name":"Queens","utility":"coned","utility_split":false,"homes":123,"homes_source":"pluto","multifamily_5plus_lots":9,"median_income":96894,"income_band":"60–100k","low_income_share":0.51,"median_year_built":1952,"pre1980":0.99,"owner":0.61,"fuel":{"gas":0.65,"propane":0.05,"electric":0.04,"oil":0.17,"other":0.04,"none":0.05},"dac":false,"dac_share":0,"score":58,"parts":{"volume":18,"fuel":10.6,"age":19.8,"owner":9.2,"incentive":0},"gaps":[]}},{"type":"Feature","geometry":{"type":"Polygon","coordinates":[[[-73.82342,40.73003],[-73.82354,40.73],[-73.82185,40.72667],[-73.81749,40.72788],[-73.81717,40.72727],[-73.81444,40.72809],[-73.81488,40.72832],[-73.81523,40.72879],[-73.81492,40.73204],[-73.81627,40.73199],[-73.81753,40.73178],[-73.82342,40.73003]]]},"properties":{"geoid":"36081077906","county":"081","county_name":"Queens","utility":"coned","utility_split":false,"homes":267,"homes_source":"pluto","multifamily_5plus_lots":9,"median_income":86324,"income_band":"60–100k","low_income_share":0.56,"median_year_built":1956,"pre1980":0.94,"owner":0.59,"fuel":{"gas":0.75,"propane":0,"electric":0.1,"oil":0.13,"other":0,"none":0.01},"dac":false,"dac_share":0,"score":58,"parts":{"volume":20.9,"fuel":9.2,"age":18.7,"owner":8.8,"incentive":0},"gaps":[]}},{"type":"Feature","geometry":{"type":"Polygon","coordinates":[[[-73.93207,40.55774],[-73.93223,40.55768],[-73.93167,40.55685],[-73.93119,40.55702],[-73.93042,40.55558],[-73.93057,40.55552],[-73.9298,40.55408],[-73.92965,40.55412],[-73.9291,40.55309],[-73.92826,40.55337],[-73.92734,40.55351],[-73.92644,40.55386],[-73.92287,40.55494],[-73.9211,40.55558],[-73.92099,40.55627],[-73.91313,40.55644],[-73.90984,40.55668],[-73.90978,40.55706],[-73.90989,40.55737],[-73.90997,40.5574],[-73.90984,40.56077],[-73.90844,40.56076],[-73.90787,40.56084],[-73.90334,40.56186],[-73.88277,40.5676],[-73.88313,40.56838],[-73.88629,40.5735],[-73.89052,40.5727],[-73.90387,40.57162],[-73.92807,40.56779],[-73.93096,40.56131],[-73.93137,40.55818],[-73.93207,40.55774]]]},"properties":{"geoid":"36081091603","county":"081","county_name":"Queens","utility":"coned","utility_split":false,"homes":2822,"homes_source":"acs_est","multifamily_5plus_lots":null,"median_income":122443,"income_band":"100–150k","low_income_share":0.39,"median_year_built":1974,"pre1980":0.53,"owner":0.99,"fuel":{"gas":0.88,"propane":0.01,"electric":0.09,"oil":0.01,"other":0.01,"none":0},"dac":false,"dac_share":0,"score":58,"parts":{"volume":25,"fuel":7.2,"age":10.6,"owner":14.9,"incentive":0},"gaps":[]}},{"type":"Feature","geometry":{"type":"Polygon","coordinates":[[[-73.84615,40.58175],[-73.84618,40.58166],[-73.84505,40.58146],[-73.84509,40.5814],[-73.84175,40.57561],[-73.84138,40.57472],[-73.84378,40.57389],[-73.84347,40.57291],[-73.8417,40.5688],[-73.83355,40.57132],[-73.83556,40.5769],[-73.83875,40.58263],[-73.83902,40.58242],[-73.83935,40.58186],[-73.84518,40.58158],[-73.84615,40.58175]]]},"properties":{"geoid":"36081093402","county":"081","county_name":"Queens","utility":"psegli","utility_split":false,"homes":450,"homes_source":"pluto","multifamily_5plus_lots":47,"median_income":107371,"income_band":"100–150k","low_income_share":0.44,"median_year_built":1960,"pre1980":0.77,"owner":0.47,"fuel":{"gas":0.75,"propane":0.05,"electric":0.15,"oil":0.05,"other":0,"none":0},"dac":false,"dac_share":0,"score":58,"parts":{"volume":22.9,"fuel":9.1,"age":15.3,"owner":7.1,"incentive":3.3},"gaps":[]}},{"type":"Feature","geometry":{"type":"Polygon","coordinates":[[[-73.79361,40.76722],[-73.79396,40.76469],[-73.79303,40.76462],[-73.79344,40.7616],[-73.79344,40.76076],[-73.78517,40.76143],[-73.78545,40.7626],[-73.78571,40.76294],[-73.78839,40.76441],[-73.79023,40.76695],[-73.79318,40.7704],[-73.79361,40.76722]]]},"properties":{"geoid":"36081113900","county":"081","county_name":"Queens","utility":"coned","utility_split":false,"homes":597,"homes_source":"pluto","multifamily_5plus_lots":23,"median_income":85485,"income_band":"60–100k","low_income_share":0.59,"median_year_built":1954,"pre1980":0.9,"owner":0.46,"fuel":{"gas":0.77,"propane":0.02,"electric":0.04,"oil":0.15,"other":0,"none":0.02},"dac":false,"dac_share":0,"score":58,"parts":{"volume":23.9,"fuel":9.6,"age":18,"owner":6.9,"incentive":0},"gaps":[]}},{"type":"Feature","geometry":{"type":"Polygon","coordinates":[[[-73.81323,40.77157],[-73.81292,40.76506],[-73.8126,40.76315],[-73.81123,40.76304],[-73.81006,40.77159],[-73.81323,40.77157]]]},"properties":{"geoid":"36081115500","county":"081","county_name":"Queens","utility":"coned","utility_split":false,"homes":323,"homes_source":"pluto","multifamily_5plus_lots":7,"median_income":109063,"income_band":"100–150k","low_income_share":0.46,"median_year_built":1940,"pre1980":0.91,"owner":0.46,"fuel":{"gas":0.63,"propane":0.03,"electric":0.12,"oil":0.2,"other":0,"none":0.02},"dac":false,"dac_share":0,"score":58,"parts":{"volume":21.6,"fuel":11.4,"age":18.1,"owner":6.8,"incentive":0},"gaps":[]}},{"type":"Feature","geometry":{"type":"Polygon","coordinates":[[[-73.82373,40.76583],[-73.82348,40.76465],[-73.8226,40.76276],[-73.8191,40.7637],[-73.81943,40.76514],[-73.81732,40.76535],[-73.8174,40.76549],[-73.81739,40.76657],[-73.82373,40.76583]]]},"properties":{"geoid":"36081116301","county":"081","county_name":"Queens","utility":"coned","utility_split":false,"homes":108,"homes_source":"pluto","multifamily_5plus_lots":42,"median_income":65526,"income_band":"60–100k","low_income_share":0.72,"median_year_built":1965,"pre1980":0.64,"owner":0.2,"fuel":{"gas":0.7,"propane":0,"electric":0.15,"oil":0.15,"other":0,"none":0},"dac":true,"dac_share":1,"score":58,"parts":{"volume":17.5,"fuel":9.9,"age":12.7,"owner":3,"incentive":15},"gaps":[]}},{"type":"Feature","geometry":{"type":"Polygon","coordinates":[[[-73.80359,40.75632],[-73.80395,40.7537],[-73.80111,40.75373],[-73.79826,40.75389],[-73.79732,40.75387],[-73.79458,40.75356],[-73.79475,40.75563],[-73.80359,40.75632]]]},"properties":{"geoid":"36081119500","county":"081","county_name":"Queens","utility":"coned","utility_split":false,"homes":335,"homes_source":"pluto","multifamily_5plus_lots":0,"median_income":94010,"income_band":"60–100k","low_income_share":0.53,"median_year_built":1945,"pre1980":0.91,"owner":0.61,"fuel":{"gas":0.82,"propane":0.07,"electric":0.01,"oil":0.08,"other":0,"none":0.01},"dac":false,"dac_share":0,"score":58,"parts":{"volume":21.8,"fuel":9.1,"age":18.3,"owner":9.2,"incentive":0},"gaps":[]}},{"type":"Feature","geometry":{"type":"Polygon","coordinates":[[[-73.81513,40.73992],[-73.81506,40.73899],[-73.81322,40.73876],[-73.80132,40.73833],[-73.79741,40.73826],[-73.7963,40.73833],[-73.79726,40.74021],[-73.79723,40.7417],[-73.79695,40.74193],[-73.79938,40.74222],[-73.80443,40.74217],[-73.8073,40.74199],[-73.80824,40.74201],[-73.81431,40.74297],[-73.81499,40.74079],[-73.81513,40.73992]]]},"properties":{"geoid":"36081121500","county":"081","county_name":"Queens","utility":"coned","utility_split":false,"homes":861,"homes_source":"pluto","multifamily_5plus_lots":3,"median_income":92412,"income_band":"60–100k","low_income_share":0.53,"median_year_built":1950,"pre1980":0.88,"owner":0.51,"fuel":{"gas":0.79,"propane":0.02,"electric":0.13,"oil":0.04,"other":0.01,"none":0.01},"dac":false,"dac_share":0,"score":58,"parts":{"volume":25,"fuel":8.3,"age":17.5,"owner":7.6,"incentive":0},"gaps":[]}},{"type":"Feature","geometry":{"type":"Polygon","coordinates":[[[-73.71887,40.74696],[-73.71894,40.74694],[-73.71763,40.74403],[-73.70163,40.75249],[-73.70274,40.75325],[-73.70783,40.75622],[-73.71223,40.7524],[-73.71502,40.74985],[-73.71471,40.7495],[-73.71471,40.74927],[-73.71486,40.74903],[-73.71505,40.74892],[-73.71544,40.74886],[-73.71595,40.74903],[-73.71763,40.74755],[-73.71835,40.74715],[-73.71887,40.74696]]]},"properties":{"geoid":"36081155104","county":"081","county_name":"Queens","utility":"coned","utility_split":false,"homes":343,"homes_source":"pluto","multifamily_5plus_lots":7,"median_income":88882,"income_band":"60–100k","low_income_share":0.54,"median_year_built":1953,"pre1980":0.97,"owner":0.5,"fuel":{"gas":0.73,"propane":0,"electric":0.13,"oil":0.1,"other":0.04,"none":0},"dac":false,"dac_share":0,"score":58,"parts":{"volume":21.8,"fuel":9.2,"age":19.3,"owner":7.5,"incentive":0},"gaps":[]}},{"type":"Feature","geometry":{"type":"Polygon","coordinates":[[[-73.6171,40.743],[-73.61648,40.7412],[-73.6165,40.74109],[-73.61627,40.74092],[-73.61632,40.74059],[-73.61579,40.73904],[-73.6136,40.73345],[-73.61369,40.73343],[-73.61298,40.73153],[-73.61243,40.73027],[-73.61172,40.72805],[-73.61137,40.72812],[-73.61054,40.72594],[-73.60978,40.72612],[-73.609,40.72409],[-73.60976,40.72392],[-73.60871,40.72113],[-73.6091,40.72078],[-73.60883,40.72073],[-73.60872,40.72017],[-73.60844,40.72023],[-73.60784,40.71871],[-73.60812,40.71861],[-73.60704,40.71608],[-73.60756,40.71563],[-73.6078,40.7152],[-73.6072,40.71329],[-73.60714,40.71288],[-73.60487,40.71375],[-73.60359,40.71437],[-73.58561,40.72075],[-73.58317,40.72155],[-73.58035,40.72224],[-73.58024,40.72598],[-73.58038,40.72742],[-73.58081,40.72899],[-73.58167,40.73082],[-73.58234,40.73183],[-73.58305,40.7327],[-73.58437,40.73398],[-73.58532,40.73472],[-73.58682,40.73568],[-73.58765,40.73611],[-73.58891,40.73662],[-73.58653,40.73685],[-73.58296,40.73682],[-73.5875,40.74667],[-73.58764,40.74757],[-73.58885,40.74732],[-73.5913,40.74731],[-73.59282,40.74719],[-73.59915,40.74589],[-73.60129,40.74553],[-73.60319,40.74533],[-73.61285,40.7434],[-73.61464,40.74316],[-73.6171,40.743]]]},"properties":{"geoid":"36059407301","county":"059","county_name":"Nassau","utility":"psegli","utility_split":false,"homes":829,"homes_source":"acs_est","multifamily_5plus_lots":null,"median_income":155446,"income_band":"150k+","low_income_share":0.38,"median_year_built":2005,"pre1980":0.19,"owner":0.57,"fuel":{"gas":0.64,"propane":0.01,"electric":0.21,"oil":0.13,"other":0,"none":0},"dac":true,"dac_share":1,"score":58,"parts":{"volume":25,"fuel":10.2,"age":3.8,"owner":8.6,"incentive":10.3},"gaps":[]}},{"type":"Feature","geometry":{"type":"Polygon","coordinates":[[[-73.70114,40.58327],[-73.7014,40.57914],[-73.6903,40.57907],[-73.6903,40.58896],[-73.69012,40.59078],[-73.70107,40.5907],[-73.70114,40.58327]]]},"properties":{"geoid":"36059416401","county":"059","county_name":"Nassau","utility":"psegli","utility_split":false,"homes":1861,"homes_source":"acs_est","multifamily_5plus_lots":null,"median_income":171389,"income_band":"150k+","low_income_share":0.28,"median_year_built":1946,"pre1980":0.73,"owner":0.6,"fuel":{"gas":0.83,"propane":0.03,"electric":0.13,"oil":0,"other":0,"none":0.01},"dac":false,"dac_share":0,"score":58,"parts":{"volume":25,"fuel":7.6,"age":14.7,"owner":9,"incentive":2.1},"gaps":[]}},{"type":"Feature","geometry":{"type":"Polygon","coordinates":[[[-73.95687,40.74188],[-73.9569,40.74179],[-73.94993,40.74044],[-73.9497,40.74112],[-73.94983,40.74117],[-73.94954,40.74153],[-73.94876,40.7439],[-73.95574,40.74525],[-73.95687,40.74188]]]},"properties":{"geoid":"36081000701","county":"081","county_name":"Queens","utility":"coned","utility_split":false,"homes":115,"homes_source":"pluto","multifamily_5plus_lots":79,"median_income":136875,"income_band":"100–150k","low_income_share":0.28,"median_year_built":2002,"pre1980":0.4,"owner":0.42,"fuel":{"gas":0.5,"propane":0.02,"electric":0.43,"oil":0.04,"other":0,"none":0.01},"dac":true,"dac_share":1,"score":57,"parts":{"volume":17.8,"fuel":9.9,"age":8,"owner":6.3,"incentive":15},"gaps":[]}},{"type":"Feature","geometry":{"type":"Polygon","coordinates":[[[-73.95551,40.74595],[-73.95574,40.74525],[-73.94876,40.7439],[-73.94852,40.74466],[-73.94565,40.74582],[-73.94506,40.74766],[-73.95221,40.74906],[-73.95223,40.74826],[-73.95271,40.74688],[-73.95505,40.74733],[-73.95551,40.74595]]]},"properties":{"geoid":"36081000702","county":"081","county_name":"Queens","utility":"coned","utility_split":false,"homes":212,"homes_source":"pluto","multifamily_5plus_lots":118,"median_income":132368,"income_band":"100–150k","low_income_share":0.34,"median_year_built":2004,"pre1980":0.47,"owner":0.14,"fuel":{"gas":0.51,"propane":0,"electric":0.38,"oil":0.09,"other":0.02,"none":0.01},"dac":true,"dac_share":1,"score":57,"parts":{"volume":20,"fuel":10.3,"age":9.5,"owner":2.1,"incentive":15},"gaps":[]}},{"type":"Feature","geometry":{"type":"Polygon","coordinates":[[[-73.93717,40.75308],[-73.93561,40.75228],[-73.93613,40.75172],[-73.93474,40.75098],[-73.93383,40.7516],[-73.93228,40.75195],[-73.92874,40.75204],[-73.9358,40.7558],[-73.93678,40.75475],[-73.93601,40.75434],[-73.93717,40.75308]]]},"properties":{"geoid":"36081003100","county":"081","county_name":"Queens","utility":"coned","utility_split":false,"homes":113,"homes_source":"pluto","multifamily_5plus_lots":37,"median_income":121908,"income_band":"100–150k","low_income_share":0.44,"median_year_built":1947,"pre1980":0.54,"owner":0.16,"fuel":{"gas":0.51,"propane":0.01,"electric":0.3,"oil":0.16,"other":0,"none":0.03},"dac":true,"dac_share":1,"score":57,"parts":{"volume":17.7,"fuel":11,"age":10.9,"owner":2.4,"incentive":15},"gaps":[]}},{"type":"Feature","geometry":{"type":"Polygon","coordinates":[[[-73.93244,40.77311],[-73.93269,40.7727],[-73.93077,40.77211],[-73.93013,40.77211],[-73.93021,40.77191],[-73.93128,40.77152],[-73.92781,40.76989],[-73.92493,40.77349],[-73.92691,40.77409],[-73.92686,40.77418],[-73.92834,40.77464],[-73.9282,40.77491],[-73.92904,40.77517],[-73.92988,40.77361],[-73.93182,40.77421],[-73.93244,40.77311]]]},"properties":{"geoid":"36081008300","county":"081","county_name":"Queens","utility":"coned","utility_split":false,"homes":212,"homes_source":"pluto","multifamily_5plus_lots":58,"median_income":94803,"income_band":"60–100k","low_income_share":0.51,"median_year_built":1973,"pre1980":0.57,"owner":0.09,"fuel":{"gas":0.62,"propane":0.02,"electric":0.29,"oil":0.03,"other":0,"none":0.02},"dac":true,"dac_share":1,"score":57,"parts":{"volume":20,"fuel":9,"age":11.4,"owner":1.3,"incentive":15},"gaps":[]}},{"type":"Feature","geometry":{"type":"Polygon","coordinates":[[[-73.8434,40.6731],[-73.84328,40.67211],[-73.84243,40.66878],[-73.8411,40.6685],[-73.84085,40.66858],[-73.84076,40.66872],[-73.84055,40.66861],[-73.84042,40.66864],[-73.84009,40.66844],[-73.83826,40.66797],[-73.83836,40.66764],[-73.83791,40.66751],[-73.83704,40.66733],[-73.83488,40.66721],[-73.83331,40.66676],[-73.83546,40.67102],[-73.83641,40.67312],[-73.83698,40.67468],[-73.83987,40.67398],[-73.84062,40.67403],[-73.84333,40.67374],[-73.8434,40.6731]]]},"properties":{"geoid":"36081008800","county":"081","county_name":"Queens","utility":"coned","utility_split":false,"homes":691,"homes_source":"pluto","multifamily_5plus_lots":7,"median_income":127313,"income_band":"100–150k","low_income_share":0.36,"median_year_built":1950,"pre1980":0.74,"owner":0.62,"fuel":{"gas":0.75,"propane":0.03,"electric":0.14,"oil":0.04,"other":0,"none":0.04},"dac":false,"dac_share":0,"score":57,"parts":{"volume":24.5,"fuel":8.3,"age":14.7,"owner":9.3,"incentive":0},"gaps":[]}},{"type":"Feature","geometry":{"type":"Polygon","coordinates":[[[-73.922,40.77796],[-73.92265,40.77742],[-73.91708,40.77347],[-73.91455,40.77555],[-73.92013,40.77949],[-73.922,40.77796]]]},"properties":{"geoid":"36081009700","county":"081","county_name":"Queens","utility":"coned","utility_split":false,"homes":570,"homes_source":"pluto","multifamily_5plus_lots":36,"median_income":121088,"income_band":"100–150k","low_income_share":0.39,"median_year_built":1938,"pre1980":0.92,"owner":0.33,"fuel":{"gas":0.69,"propane":0.03,"electric":0.14,"oil":0.12,"other":0.01,"none":0.02},"dac":false,"dac_share":0,"score":57,"parts":{"volume":23.7,"fuel":9.7,"age":18.5,"owner":4.9,"incentive":0},"gaps":[]}},{"type":"Feature","geometry":{"type":"Polygon","coordinates":[[[-73.83948,40.69558],[-73.83963,40.69553],[-73.83839,40.69305],[-73.83942,40.69275],[-73.83868,40.69096],[-73.83481,40.69207],[-73.83717,40.69687],[-73.83865,40.69593],[-73.83948,40.69558]]]},"properties":{"geoid":"36081012601","county":"081","county_name":"Queens","utility":"coned","utility_split":false,"homes":350,"homes_source":"pluto","multifamily_5plus_lots":12,"median_income":82450,"income_band":"60–100k","low_income_share":0.53,"median_year_built":1938,"pre1980":0.97,"owner":0.55,"fuel":{"gas":0.83,"propane":0.01,"electric":0,"oil":0.08,"other":0.02,"none":0.06},"dac":false,"dac_share":0,"score":57,"parts":{"volume":21.9,"fuel":7.8,"age":19.4,"owner":8.3,"incentive":0},"gaps":[]}},{"type":"Feature","geometry":{"type":"Polygon","coordinates":[[[-73.82501,40.68795],[-73.82417,40.68623],[-73.82245,40.6869],[-73.82147,40.68489],[-73.81497,40.68669],[-73.81628,40.6893],[-73.81642,40.68924],[-73.81693,40.69025],[-73.82501,40.68795]]]},"properties":{"geoid":"36081015802","county":"081","county_name":"Queens","utility":"coned","utility_split":false,"homes":697,"homes_source":"pluto","multifamily_5plus_lots":5,"median_income":105149,"income_band":"100–150k","low_income_share":0.48,"median_year_built":1938,"pre1980":0.95,"owner":0.49,"fuel":{"gas":0.9,"propane":0,"electric":0.02,"oil":0.02,"other":0.01,"none":0.05},"dac":false,"dac_share":0,"score":57,"parts":{"volume":24.5,"fuel":6.5,"age":19.1,"owner":7.3,"incentive":0},"gaps":[]}},{"type":"Feature","geometry":{"type":"Polygon","coordinates":[[[-73.91868,40.74949],[-73.91746,40.74936],[-73.91801,40.74657],[-73.91245,40.74592],[-73.91193,40.74799],[-73.91164,40.74869],[-73.91016,40.7485],[-73.90971,40.74975],[-73.91348,40.7502],[-73.91446,40.75021],[-73.91541,40.75011],[-73.91868,40.74949]]]},"properties":{"geoid":"36081016900","county":"081","county_name":"Queens","utility":"coned","utility_split":false,"homes":464,"homes_source":"pluto","multifamily_5plus_lots":16,"median_income":89679,"income_band":"60–100k","low_income_share":0.54,"median_year_built":1943,"pre1980":0.94,"owner":0.38,"fuel":{"gas":0.71,"propane":0.03,"electric":0.08,"oil":0.13,"other":0.02,"none":0.03},"dac":false,"dac_share":0,"score":57,"parts":{"volume":23,"fuel":9.8,"age":18.7,"owner":5.6,"incentive":0},"gaps":[]}},{"type":"Feature","geometry":{"type":"Polygon","coordinates":[[[-73.91024,40.73434],[-73.91069,40.73347],[-73.90663,40.7328],[-73.90517,40.73586],[-73.90108,40.73391],[-73.90037,40.73468],[-73.89902,40.73515],[-73.89783,40.73516],[-73.89603,40.73502],[-73.89584,40.74045],[-73.89753,40.74076],[-73.89701,40.74028],[-73.89915,40.74067],[-73.9008,40.73945],[-73.90174,40.73898],[-73.90271,40.73863],[-73.90294,40.7384],[-73.90671,40.73685],[-73.90789,40.73653],[-73.90929,40.73633],[-73.91024,40.73434]]]},"properties":{"geoid":"36081024300","county":"081","county_name":"Queens","utility":"coned","utility_split":false,"homes":1007,"homes_source":"pluto","multifamily_5plus_lots":6,"median_income":60880,"income_band":"60–100k","low_income_share":0.69,"median_year_built":1954,"pre1980":0.77,"owner":0.59,"fuel":{"gas":0.88,"propane":0,"electric":0.08,"oil":0.03,"other":0,"none":0.01},"dac":false,"dac_share":0,"score":57,"parts":{"volume":25,"fuel":7.2,"age":15.4,"owner":8.9,"incentive":0},"gaps":[]}},{"type":"Feature","geometry":{"type":"Polygon","coordinates":[[[-73.8558,40.75441],[-73.85456,40.75196],[-73.85221,40.75266],[-73.85262,40.75341],[-73.85313,40.75511],[-73.8558,40.75441]]]},"properties":{"geoid":"36081039902","county":"081","county_name":"Queens","utility":"coned","utility_split":false,"homes":51,"homes_source":"pluto","multifamily_5plus_lots":25,"median_income":58640,"income_band":"<60k","low_income_share":0.78,"median_year_built":1971,"pre1980":0.69,"owner":0.13,"fuel":{"gas":0.62,"propane":0.06,"electric":0.19,"oil":0.13,"other":0,"none":0},"dac":true,"dac_share":1,"score":57,"parts":{"volume":14.8,"fuel":11,"age":13.8,"owner":1.9,"incentive":15},"gaps":[]}},{"type":"Feature","geometry":{"type":"Polygon","coordinates":[[[-73.77944,40.69364],[-73.78024,40.69297],[-73.77662,40.68836],[-73.77576,40.68769],[-73.77547,40.68784],[-73.77506,40.68823],[-73.77451,40.68888],[-73.77452,40.68907],[-73.77371,40.68937],[-73.77464,40.69102],[-73.77163,40.69204],[-73.77147,40.69177],[-73.76963,40.69268],[-73.77304,40.69313],[-73.77728,40.69211],[-73.77784,40.69432],[-73.77944,40.69364]]]},"properties":{"geoid":"36081043200","county":"081","county_name":"Queens","utility":"coned","utility_split":false,"homes":292,"homes_source":"pluto","multifamily_5plus_lots":0,"median_income":92750,"income_band":"60–100k","low_income_share":0.56,"median_year_built":1947,"pre1980":0.8,"owner":0.78,"fuel":{"gas":0.85,"propane":0.07,"electric":0.06,"oil":0,"other":0.02,"none":0},"dac":false,"dac_share":0,"score":57,"parts":{"volume":21.2,"fuel":8.1,"age":16,"owner":11.7,"incentive":0},"gaps":[]}},{"type":"Feature","geometry":{"type":"Polygon","coordinates":[[[-73.80302,40.70814],[-73.80166,40.70576],[-73.79632,40.70772],[-73.79731,40.70927],[-73.79777,40.70914],[-73.7987,40.71066],[-73.80141,40.70969],[-73.8016,40.70955],[-73.80193,40.70891],[-73.80302,40.70814]]]},"properties":{"geoid":"36081044602","county":"081","county_name":"Queens","utility":"coned","utility_split":false,"homes":144,"homes_source":"pluto","multifamily_5plus_lots":31,"median_income":45688,"income_band":"<60k","low_income_share":0.82,"median_year_built":1964,"pre1980":0.66,"owner":0.14,"fuel":{"gas":0.81,"propane":0.01,"electric":0.16,"oil":0.01,"other":0,"none":0.01},"dac":true,"dac_share":1,"score":57,"parts":{"volume":18.6,"fuel":7.6,"age":13.2,"owner":2.1,"incentive":15},"gaps":[]}},{"type":"Feature","geometry":{"type":"Polygon","coordinates":[[[-73.78501,40.71982],[-73.78505,40.71958],[-73.78435,40.71968],[-73.78394,40.71826],[-73.78314,40.71643],[-73.78216,40.71634],[-73.78153,40.71619],[-73.78168,40.71569],[-73.78163,40.71516],[-73.78059,40.71343],[-73.77357,40.71512],[-73.7768,40.72176],[-73.77739,40.72244],[-73.77914,40.72113],[-73.78036,40.72053],[-73.78199,40.72017],[-73.78499,40.71997],[-73.78501,40.71982]]]},"properties":{"geoid":"36081047200","county":"081","county_name":"Queens","utility":"coned","utility_split":false,"homes":530,"homes_source":"pluto","multifamily_5plus_lots":9,"median_income":128274,"income_band":"100–150k","low_income_share":0.42,"median_year_built":1960,"pre1980":0.83,"owner":0.53,"fuel":{"gas":0.8,"propane":0.04,"electric":0.07,"oil":0.07,"other":0,"none":0.03},"dac":false,"dac_share":0,"score":57,"parts":{"volume":23.5,"fuel":8.5,"age":16.6,"owner":7.9,"incentive":0},"gaps":[]}},{"type":"Feature","geometry":{"type":"Polygon","coordinates":[[[-73.77192,40.71569],[-73.76944,40.71198],[-73.768,40.71287],[-73.76704,40.71319],[-73.76605,40.71328],[-73.76402,40.71332],[-73.76464,40.71496],[-73.76664,40.71765],[-73.76733,40.71729],[-73.77192,40.71569]]]},"properties":{"geoid":"36081048200","county":"081","county_name":"Queens","utility":"coned","utility_split":false,"homes":253,"homes_source":"pluto","multifamily_5plus_lots":2,"median_income":110729,"income_band":"100–150k","low_income_share":0.49,"median_year_built":1944,"pre1980":0.96,"owner":0.57,"fuel":{"gas":0.88,"propane":0.01,"electric":0.01,"oil":0.09,"other":0.02,"none":0},"dac":false,"dac_share":0,"score":57,"parts":{"volume":20.7,"fuel":8.2,"age":19.2,"owner":8.6,"incentive":0},"gaps":[]}},{"type":"Feature","geometry":{"type":"Polygon","coordinates":[[[-73.76826,40.70953],[-73.76734,40.70664],[-73.76141,40.70816],[-73.76255,40.71092],[-73.76826,40.70953]]]},"properties":{"geoid":"36081050201","county":"081","county_name":"Queens","utility":"coned","utility_split":false,"homes":281,"homes_source":"pluto","multifamily_5plus_lots":0,"median_income":90972,"income_band":"60–100k","low_income_share":0.58,"median_year_built":1938,"pre1980":1,"owner":0.6,"fuel":{"gas":0.95,"propane":0,"electric":0,"oil":0.05,"other":0,"none":0},"dac":false,"dac_share":0,"score":57,"parts":{"volume":21.1,"fuel":7.3,"age":20,"owner":9,"incentive":0},"gaps":[]}},{"type":"Feature","geometry":{"type":"Polygon","coordinates":[[[-73.89925,40.72949],[-73.89925,40.72905],[-73.89873,40.72838],[-73.89824,40.72887],[-73.89597,40.72906],[-73.89559,40.72897],[-73.89603,40.73502],[-73.89783,40.73516],[-73.89902,40.73515],[-73.89925,40.72949]]]},"properties":{"geoid":"36081051300","county":"081","county_name":"Queens","utility":"coned","utility_split":false,"homes":487,"homes_source":"pluto","multifamily_5plus_lots":0,"median_income":83618,"income_band":"60–100k","low_income_share":0.55,"median_year_built":1944,"pre1980":0.82,"owner":0.65,"fuel":{"gas":0.86,"propane":0.01,"electric":0.05,"oil":0.05,"other":0.02,"none":0},"dac":false,"dac_share":0,"score":57,"parts":{"volume":23.1,"fuel":7.9,"age":16.3,"owner":9.8,"incentive":0},"gaps":[]}},{"type":"Feature","geometry":{"type":"Polygon","coordinates":[[[-73.90602,40.71574],[-73.90538,40.71288],[-73.90477,40.71287],[-73.8975,40.71638],[-73.89796,40.71681],[-73.89902,40.71738],[-73.90158,40.71614],[-73.90163,40.71632],[-73.90602,40.71574]]]},"properties":{"geoid":"36081060100","county":"081","county_name":"Queens","utility":"coned","utility_split":false,"homes":404,"homes_source":"pluto","multifamily_5plus_lots":7,"median_income":75811,"income_band":"60–100k","low_income_share":0.64,"median_year_built":1938,"pre1980":0.92,"owner":0.5,"fuel":{"gas":0.85,"propane":0.06,"electric":0.04,"oil":0.03,"other":0,"none":0},"dac":false,"dac_share":0,"score":57,"parts":{"volume":22.4,"fuel":8.3,"age":18.3,"owner":7.5,"incentive":0},"gaps":[]}},{"type":"Feature","geometry":{"type":"Polygon","coordinates":[[[-73.88147,40.70659],[-73.88123,40.70637],[-73.88097,40.70637],[-73.87492,40.70682],[-73.87375,40.70751],[-73.87524,40.71035],[-73.87535,40.71101],[-73.87548,40.71312],[-73.88006,40.71265],[-73.87961,40.71051],[-73.88006,40.71022],[-73.8795,40.70976],[-73.87918,40.70969],[-73.87768,40.70718],[-73.88086,40.70658],[-73.88147,40.70659]]]},"properties":{"geoid":"36081061900","county":"081","county_name":"Queens","utility":"coned","utility_split":false,"homes":527,"homes_source":"pluto","multifamily_5plus_lots":12,"median_income":62083,"income_band":"60–100k","low_income_share":0.61,"median_year_built":1954,"pre1980":0.96,"owner":0.37,"fuel":{"gas":0.74,"propane":0.03,"electric":0.19,"oil":0.02,"other":0.03,"none":0},"dac":false,"dac_share":0,"score":57,"parts":{"volume":23.4,"fuel":8.5,"age":19.1,"owner":5.5,"incentive":0},"gaps":[]}},{"type":"Feature","geometry":{"type":"Polygon","coordinates":[[[-73.8573,40.71147],[-73.85714,40.71099],[-73.85668,40.70769],[-73.85594,40.7064],[-73.85277,40.70744],[-73.84952,40.70839],[-73.84858,40.70851],[-73.84663,40.7084],[-73.84568,40.70848],[-73.84302,40.70918],[-73.84321,40.70928],[-73.8573,40.71147]]]},"properties":{"geoid":"36081064500","county":"081","county_name":"Queens","utility":"coned","utility_split":false,"homes":537,"homes_source":"pluto","multifamily_5plus_lots":0,"median_income":81250,"income_band":"60–100k","low_income_share":0.58,"median_year_built":1938,"pre1980":0.88,"owner":0.57,"fuel":{"gas":0.8,"propane":0.03,"electric":0.08,"oil":0.02,"other":0,"none":0.06},"dac":false,"dac_share":0,"score":57,"parts":{"volume":23.5,"fuel":7.3,"age":17.6,"owner":8.6,"incentive":0},"gaps":[]}},{"type":"Feature","geometry":{"type":"Polygon","coordinates":[[[-73.84102,40.71764],[-73.84117,40.71741],[-73.83946,40.71634],[-73.83742,40.71472],[-73.83493,40.71247],[-73.83501,40.71222],[-73.83363,40.71299],[-73.83673,40.71574],[-73.83496,40.71717],[-73.83686,40.71826],[-73.83981,40.7196],[-73.84102,40.71764]]]},"properties":{"geoid":"36081076901","county":"081","county_name":"Queens","utility":"coned","utility_split":false,"homes":180,"homes_source":"pluto","multifamily_5plus_lots":25,"median_income":111389,"income_band":"100–150k","low_income_share":0.45,"median_year_built":1938,"pre1980":0.97,"owner":0.56,"fuel":{"gas":0.73,"propane":0.02,"electric":0.09,"oil":0.15,"other":0,"none":0.01},"dac":false,"dac_share":0,"score":57,"parts":{"volume":19.4,"fuel":10,"age":19.5,"owner":8.3,"incentive":0},"gaps":[]}},{"type":"Feature","geometry":{"type":"Polygon","coordinates":[[[-73.83792,40.75454],[-73.83767,40.75411],[-73.83701,40.75403],[-73.836,40.75201],[-73.8356,40.75139],[-73.8323,40.75194],[-73.8326,40.75301],[-73.83014,40.75392],[-73.83055,40.75454],[-73.82996,40.75477],[-73.83075,40.75574],[-73.8331,40.75466],[-73.8338,40.75672],[-73.83792,40.75454]]]},"properties":{"geoid":"36081084901","county":"081","county_name":"Queens","utility":"coned","utility_split":false,"homes":95,"homes_source":"pluto","multifamily_5plus_lots":43,"median_income":95551,"income_band":"60–100k","low_income_share":0.52,"median_year_built":1961,"pre1980":0.61,"owner":0.15,"fuel":{"gas":0.62,"propane":0,"electric":0.21,"oil":0.16,"other":0,"none":0},"dac":true,"dac_share":1,"score":57,"parts":{"volume":17.1,"fuel":10.7,"age":12.2,"owner":2.2,"incentive":15},"gaps":[]}},{"type":"Feature","geometry":{"type":"Polygon","coordinates":[[[-73.78195,40.59646],[-73.78184,40.59527],[-73.77477,40.59574],[-73.77233,40.59582],[-73.77066,40.596],[-73.77116,40.5983],[-73.77168,40.59799],[-73.77292,40.59786],[-73.7737,40.59822],[-73.77372,40.59863],[-73.7742,40.59899],[-73.77412,40.59923],[-73.7742,40.59931],[-73.77411,40.59959],[-73.77414,40.59993],[-73.77471,40.60069],[-73.77473,40.60109],[-73.77485,40.60127],[-73.77484,40.6015],[-73.77497,40.60174],[-73.7756,40.60165],[-73.77601,40.6014],[-73.77618,40.60112],[-73.77633,40.60105],[-73.77699,40.59974],[-73.77713,40.59965],[-73.77729,40.59938],[-73.7774,40.59878],[-73.77827,40.59816],[-73.77877,40.59797],[-73.779,40.59778],[-73.77904,40.59765],[-73.77968,40.59737],[-73.77975,40.59728],[-73.77968,40.59669],[-73.78015,40.59633],[-73.78046,40.59658],[-73.78195,40.59646]]]},"properties":{"geoid":"36081097206","county":"081","county_name":"Queens","utility":"psegli","utility_split":false,"homes":248,"homes_source":"pluto","multifamily_5plus_lots":2,"median_income":34679,"income_band":"<60k","low_income_share":0.74,"median_year_built":1974,"pre1980":0.69,"owner":0.18,"fuel":{"gas":0.87,"propane":0,"electric":0.08,"oil":0,"other":0.02,"none":0.03},"dac":true,"dac_share":1,"score":57,"parts":{"volume":20.6,"fuel":6.7,"age":13.9,"owner":2.7,"incentive":13},"gaps":[]}},{"type":"Feature","geometry":{"type":"Polygon","coordinates":[[[-73.81069,40.73368],[-73.81077,40.73233],[-73.80796,40.73193],[-73.80406,40.73164],[-73.80385,40.7349],[-73.80294,40.73486],[-73.80273,40.73808],[-73.80466,40.73811],[-73.80467,40.73845],[-73.80941,40.7386],[-73.80942,40.7383],[-73.81039,40.73833],[-73.81069,40.73368]]]},"properties":{"geoid":"36081122703","county":"081","county_name":"Queens","utility":"coned","utility_split":false,"homes":364,"homes_source":"pluto","multifamily_5plus_lots":8,"median_income":68089,"income_band":"60–100k","low_income_share":0.69,"median_year_built":1956,"pre1980":0.94,"owner":0.38,"fuel":{"gas":0.6,"propane":0.03,"electric":0.21,"oil":0.13,"other":0.02,"none":0.01},"dac":false,"dac_share":0,"score":57,"parts":{"volume":22.1,"fuel":10.6,"age":18.7,"owner":5.7,"incentive":0},"gaps":[]}},{"type":"Feature","geometry":{"type":"Polygon","coordinates":[[[-73.81112,40.72783],[-73.81069,40.72649],[-73.81074,40.72627],[-73.81063,40.72442],[-73.80934,40.72096],[-73.80904,40.71991],[-73.80453,40.72147],[-73.80488,40.72506],[-73.80652,40.72487],[-73.80717,40.72827],[-73.81112,40.72783]]]},"properties":{"geoid":"36081125700","county":"081","county_name":"Queens","utility":"coned","utility_split":false,"homes":500,"homes_source":"pluto","multifamily_5plus_lots":9,"median_income":107125,"income_band":"100–150k","low_income_share":0.49,"median_year_built":1958,"pre1980":0.74,"owner":0.64,"fuel":{"gas":0.78,"propane":0.05,"electric":0.02,"oil":0.11,"other":0,"none":0.03},"dac":false,"dac_share":0,"score":57,"parts":{"volume":23.2,"fuel":9.3,"age":14.9,"owner":9.6,"incentive":0},"gaps":[]}},{"type":"Feature","geometry":{"type":"Polygon","coordinates":[[[-73.80904,40.71991],[-73.80861,40.71842],[-73.799,40.72014],[-73.80019,40.72294],[-73.80904,40.71991]]]},"properties":{"geoid":"36081126500","county":"081","county_name":"Queens","utility":"coned","utility_split":false,"homes":365,"homes_source":"pluto","multifamily_5plus_lots":1,"median_income":146250,"income_band":"100–150k","low_income_share":0.36,"median_year_built":1948,"pre1980":0.89,"owner":0.61,"fuel":{"gas":0.92,"propane":0.01,"electric":0.03,"oil":0.04,"other":0,"none":0},"dac":false,"dac_share":0,"score":57,"parts":{"volume":22.1,"fuel":7.4,"age":17.8,"owner":9.2,"incentive":0},"gaps":[]}},{"type":"Feature","geometry":{"type":"Polygon","coordinates":[[[-73.72213,40.83739],[-73.7223,40.83722],[-73.72195,40.83713],[-73.72178,40.8364],[-73.71318,40.8367],[-73.71038,40.8314],[-73.70747,40.8314],[-73.70297,40.8357],[-73.70482,40.83899],[-73.70346,40.83959],[-73.70396,40.84021],[-73.70437,40.84049],[-73.70612,40.84126],[-73.70839,40.84319],[-73.71297,40.84731],[-73.71412,40.84687],[-73.71411,40.84677],[-73.71506,40.84673],[-73.71498,40.84645],[-73.71788,40.84511],[-73.71868,40.84448],[-73.71957,40.84444],[-73.71978,40.84459],[-73.72035,40.84467],[-73.72216,40.84447],[-73.72115,40.83919],[-73.72229,40.83849],[-73.72199,40.83756],[-73.72213,40.83739]]]},"properties":{"geoid":"36059301101","county":"059","county_name":"Nassau","utility":"psegli","utility_split":false,"homes":1881,"homes_source":"acs_est","multifamily_5plus_lots":null,"median_income":105486,"income_band":"100–150k","low_income_share":0.48,"median_year_built":1967,"pre1980":0.66,"owner":0.37,"fuel":{"gas":0.68,"propane":0.03,"electric":0.16,"oil":0.1,"other":0,"none":0.03},"dac":false,"dac_share":0,"score":57,"parts":{"volume":25,"fuel":9.5,"age":13.2,"owner":5.5,"incentive":3.6},"gaps":[]}},{"type":"Feature","geometry":{"type":"Polygon","coordinates":[[[-73.64705,40.85279],[-73.64723,40.85268],[-73.646,40.85247],[-73.64528,40.85286],[-73.64386,40.85321],[-73.64375,40.85246],[-73.64364,40.85232],[-73.6435,40.85227],[-73.64265,40.85251],[-73.64235,40.85234],[-73.64221,40.85207],[-73.63947,40.853],[-73.636,40.85346],[-73.63434,40.85393],[-73.63435,40.85376],[-73.6345,40.8535],[-73.63074,40.85407],[-73.63007,40.85375],[-73.62993,40.85477],[-73.63015,40.85517],[-73.63065,40.85571],[-73.63075,40.85634],[-73.63058,40.85697],[-73.63093,40.8572],[-73.63106,40.85802],[-73.63095,40.85816],[-73.62991,40.8582],[-73.63011,40.85981],[-73.6256,40.86],[-73.6226,40.86105],[-73.62336,40.86235],[-73.62366,40.86262],[-73.62429,40.86301],[-73.62523,40.86321],[-73.62616,40.8633],[-73.62768,40.86368],[-73.63041,40.86392],[-73.63185,40.8642],[-73.63177,40.86456],[-73.63105,40.86576],[-73.63078,40.86656],[-73.63075,40.86695],[-73.63091,40.868],[-73.63111,40.8682],[-73.63293,40.8683],[-73.63514,40.8686],[-73.63552,40.86819],[-73.63557,40.86803],[-73.63559,40.86712],[-73.63591,40.86488],[-73.63575,40.8647],[-73.63505,40.86427],[-73.63437,40.86396],[-73.63354,40.86376],[-73.63404,40.86174],[-73.63421,40.8603],[-73.63538,40.86036],[-73.63617,40.86017],[-73.63803,40.8589],[-73.64053,40.85746],[-73.64067,40.85726],[-73.64066,40.85707],[-73.64012,40.85631],[-73.64214,40.85561],[-73.6432,40.85484],[-73.64624,40.85332],[-73.64705,40.85279]]]},"properties":{"geoid":"36059517201","county":"059","county_name":"Nassau","utility":"psegli","utility_split":false,"homes":526,"homes_source":"acs_est","multifamily_5plus_lots":null,"median_income":53298,"income_band":"<60k","low_income_share":0.67,"median_year_built":1982,"pre1980":0.49,"owner":0.18,"fuel":{"gas":0.62,"propane":0.01,"electric":0.3,"oil":0.04,"other":0.01,"none":0.03},"dac":true,"dac_share":1,"score":57,"parts":{"volume":23.4,"fuel":8.8,"age":9.7,"owner":2.8,"incentive":12.6},"gaps":[]}},{"type":"Feature","geometry":{"type":"Polygon","coordinates":[[[-73.85833,40.69674],[-73.85732,40.69262],[-73.85468,40.69283],[-73.85384,40.69305],[-73.85217,40.69366],[-73.85257,40.69478],[-73.85283,40.69614],[-73.85281,40.69685],[-73.85266,40.69757],[-73.85657,40.69707],[-73.85833,40.69674]]]},"properties":{"geoid":"36081001400","county":"081","county_name":"Queens","utility":"coned","utility_split":false,"homes":565,"homes_source":"pluto","multifamily_5plus_lots":11,"median_income":80456,"income_band":"60–100k","low_income_share":0.59,"median_year_built":1938,"pre1980":0.89,"owner":0.41,"fuel":{"gas":0.84,"propane":0,"electric":0.1,"oil":0.06,"other":0,"none":0},"dac":false,"dac_share":0,"score":56,"parts":{"volume":23.7,"fuel":8,"age":17.8,"owner":6.2,"incentive":0},"gaps":[]}},{"type":"Feature","geometry":{"type":"Polygon","coordinates":[[[-73.84913,40.69451],[-73.84956,40.69442],[-73.84765,40.69051],[-73.84795,40.69044],[-73.84705,40.68859],[-73.84499,40.68916],[-73.84773,40.69477],[-73.84913,40.69451]]]},"properties":{"geoid":"36081003000","county":"081","county_name":"Queens","utility":"coned","utility_split":false,"homes":251,"homes_source":"pluto","multifamily_5plus_lots":2,"median_income":120417,"income_band":"100–150k","low_income_share":0.46,"median_year_built":1938,"pre1980":0.98,"owner":0.58,"fuel":{"gas":0.93,"propane":0.03,"electric":0,"oil":0.02,"other":0,"none":0.02},"dac":false,"dac_share":0,"score":56,"parts":{"volume":20.7,"fuel":7.1,"age":19.6,"owner":8.7,"incentive":0},"gaps":[]}},{"type":"Feature","geometry":{"type":"Polygon","coordinates":[[[-73.9259,40.77226],[-73.92124,40.76838],[-73.919,40.77031],[-73.91812,40.77003],[-73.9177,40.77039],[-73.92217,40.77355],[-73.92398,40.77462],[-73.9259,40.77226]]]},"properties":{"geoid":"36081006900","county":"081","county_name":"Queens","utility":"coned","utility_split":false,"homes":301,"homes_source":"pluto","multifamily_5plus_lots":111,"median_income":121526,"income_band":"100–150k","low_income_share":0.44,"median_year_built":1971,"pre1980":0.52,"owner":0.09,"fuel":{"gas":0.68,"propane":0.01,"electric":0.17,"oil":0.06,"other":0,"none":0.07},"dac":true,"dac_share":1,"score":56,"parts":{"volume":21.4,"fuel":8.4,"age":10.4,"owner":1.3,"incentive":15},"gaps":[]}},{"type":"Feature","geometry":{"type":"Polygon","coordinates":[[[-73.91939,40.78009],[-73.92013,40.77949],[-73.91455,40.77555],[-73.91238,40.77731],[-73.91797,40.78126],[-73.91939,40.78009]]]},"properties":{"geoid":"36081010100","county":"081","county_name":"Queens","utility":"coned","utility_split":false,"homes":443,"homes_source":"pluto","multifamily_5plus_lots":28,"median_income":147308,"income_band":"100–150k","low_income_share":0.33,"median_year_built":1938,"pre1980":0.92,"owner":0.38,"fuel":{"gas":0.78,"propane":0.02,"electric":0.07,"oil":0.12,"other":0.01,"none":0},"dac":false,"dac_share":0,"score":56,"parts":{"volume":22.8,"fuel":9.4,"age":18.4,"owner":5.6,"incentive":0},"gaps":[]}},{"type":"Feature","geometry":{"type":"Polygon","coordinates":[[[-73.91083,40.77964],[-73.90596,40.77619],[-73.90379,40.77796],[-73.90867,40.7814],[-73.91083,40.77964]]]},"properties":{"geoid":"36081011100","county":"081","county_name":"Queens","utility":"coned","utility_split":false,"homes":400,"homes_source":"pluto","multifamily_5plus_lots":20,"median_income":111125,"income_band":"100–150k","low_income_share":0.44,"median_year_built":1945,"pre1980":0.95,"owner":0.28,"fuel":{"gas":0.65,"propane":0.04,"electric":0.12,"oil":0.13,"other":0.04,"none":0.03},"dac":false,"dac_share":0,"score":56,"parts":{"volume":22.4,"fuel":10.2,"age":19.1,"owner":4.2,"incentive":0},"gaps":[]}},{"type":"Feature","geometry":{"type":"Polygon","coordinates":[[[-73.90248,40.77032],[-73.89962,40.7683],[-73.89522,40.7719],[-73.89665,40.77291],[-73.89881,40.77115],[-73.90024,40.77215],[-73.90248,40.77032]]]},"properties":{"geoid":"36081013500","county":"081","county_name":"Queens","utility":"coned","utility_split":false,"homes":345,"homes_source":"pluto","multifamily_5plus_lots":3,"median_income":103250,"income_band":"100–150k","low_income_share":0.45,"median_year_built":1956,"pre1980":0.85,"owner":0.58,"fuel":{"gas":0.77,"propane":0.01,"electric":0.16,"oil":0.05,"other":0,"none":0.01},"dac":false,"dac_share":0,"score":56,"parts":{"volume":21.9,"fuel":8.2,"age":17,"owner":8.6,"incentive":0},"gaps":[]}},{"type":"Feature","geometry":{"type":"Polygon","coordinates":[[[-73.93144,40.7369],[-73.93161,40.73683],[-73.92672,40.73591],[-73.92534,40.73557],[-73.92404,40.7351],[-73.92257,40.73429],[-73.92176,40.73458],[-73.92025,40.73496],[-73.92026,40.73532],[-73.91984,40.73746],[-73.92763,40.7384],[-73.93144,40.7369]]]},"properties":{"geoid":"36081018700","county":"081","county_name":"Queens","utility":"coned","utility_split":false,"homes":430,"homes_source":"pluto","multifamily_5plus_lots":17,"median_income":89479,"income_band":"60–100k","low_income_share":0.56,"median_year_built":1945,"pre1980":0.88,"owner":0.36,"fuel":{"gas":0.74,"propane":0.11,"electric":0.07,"oil":0.08,"other":0,"none":0},"dac":false,"dac_share":0.02,"score":56,"parts":{"volume":22.7,"fuel":10.2,"age":17.6,"owner":5.4,"incentive":0},"gaps":[]}},{"type":"Feature","geometry":{"type":"Polygon","coordinates":[[[-73.81915,40.70903],[-73.81915,40.70843],[-73.81881,40.70882],[-73.8186,40.70893],[-73.8178,40.70934],[-73.81704,40.70956],[-73.81642,40.70987],[-73.81575,40.71057],[-73.81543,40.71079],[-73.81472,40.71102],[-73.8142,40.71104],[-73.81443,40.71157],[-73.81409,40.71189],[-73.81401,40.71219],[-73.81426,40.71267],[-73.81375,40.7128],[-73.81244,40.71288],[-73.81243,40.71264],[-73.81056,40.71263],[-73.80983,40.71281],[-73.81015,40.71347],[-73.81022,40.71571],[-73.80777,40.71572],[-73.80782,40.71591],[-73.81292,40.71596],[-73.81644,40.71589],[-73.81644,40.71493],[-73.81653,40.71423],[-73.81705,40.71306],[-73.81756,40.71242],[-73.81751,40.71221],[-73.81824,40.71139],[-73.81868,40.7107],[-73.81893,40.71012],[-73.81915,40.70903]]]},"properties":{"geoid":"36081022002","county":"081","county_name":"Queens","utility":"coned","utility_split":false,"homes":459,"homes_source":"pluto","multifamily_5plus_lots":48,"median_income":89600,"income_band":"60–100k","low_income_share":0.53,"median_year_built":1959,"pre1980":0.8,"owner":0.56,"fuel":{"gas":0.82,"propane":0.01,"electric":0.06,"oil":0.1,"other":0,"none":0.02},"dac":false,"dac_share":0,"score":56,"parts":{"volume":22.9,"fuel":8.6,"age":16,"owner":8.4,"incentive":0},"gaps":[]}},{"type":"Feature","geometry":{"type":"Polygon","coordinates":[[[-73.87979,40.75615],[-73.8791,40.75237],[-73.87632,40.75267],[-73.877,40.75644],[-73.87979,40.75615]]]},"properties":{"geoid":"36081027702","county":"081","county_name":"Queens","utility":"coned","utility_split":false,"homes":123,"homes_source":"pluto","multifamily_5plus_lots":12,"median_income":69521,"income_band":"60–100k","low_income_share":0.6,"median_year_built":1950,"pre1980":0.97,"owner":0.57,"fuel":{"gas":0.75,"propane":0.04,"electric":0.06,"oil":0.12,"other":0.03,"none":0},"dac":false,"dac_share":0,"score":56,"parts":{"volume":18,"fuel":9.8,"age":19.4,"owner":8.5,"incentive":0},"gaps":[]}},{"type":"Feature","geometry":{"type":"Polygon","coordinates":[[[-73.88431,40.75567],[-73.88444,40.75566],[-73.883,40.74773],[-73.88114,40.74793],[-73.88189,40.75208],[-73.88096,40.75218],[-73.88165,40.75595],[-73.88431,40.75567]]]},"properties":{"geoid":"36081028100","county":"081","county_name":"Queens","utility":"coned","utility_split":false,"homes":140,"homes_source":"pluto","multifamily_5plus_lots":42,"median_income":86631,"income_band":"60–100k","low_income_share":0.53,"median_year_built":1938,"pre1980":0.95,"owner":0.47,"fuel":{"gas":0.65,"propane":0.06,"electric":0.05,"oil":0.18,"other":0.02,"none":0.04},"dac":false,"dac_share":0,"score":56,"parts":{"volume":18.5,"fuel":10.9,"age":19,"owner":7.1,"incentive":0},"gaps":[]}},{"type":"Feature","geometry":{"type":"Polygon","coordinates":[[[-73.78916,40.66834],[-73.78941,40.66684],[-73.78566,40.66719],[-73.77616,40.66787],[-73.77343,40.66803],[-73.77154,40.66796],[-73.77948,40.67837],[-73.78334,40.67565],[-73.78397,40.67512],[-73.78434,40.6747],[-73.78577,40.6724],[-73.78687,40.67282],[-73.78808,40.67301],[-73.78916,40.66834]]]},"properties":{"geoid":"36081029400","county":"081","county_name":"Queens","utility":"coned","utility_split":false,"homes":1262,"homes_source":"pluto","multifamily_5plus_lots":4,"median_income":102984,"income_band":"100–150k","low_income_share":0.49,"median_year_built":1962,"pre1980":0.75,"owner":0.52,"fuel":{"gas":0.89,"propane":0.02,"electric":0.06,"oil":0.04,"other":0,"none":0},"dac":false,"dac_share":0,"score":56,"parts":{"volume":25,"fuel":7.6,"age":15.1,"owner":7.8,"incentive":0},"gaps":[]}},{"type":"Feature","geometry":{"type":"Polygon","coordinates":[[[-73.75549,40.67663],[-73.75566,40.67616],[-73.75197,40.67118],[-73.75133,40.67057],[-73.75077,40.6698],[-73.7477,40.67468],[-73.74744,40.67461],[-73.74561,40.67789],[-73.75226,40.67999],[-73.75324,40.68012],[-73.75485,40.67793],[-73.75523,40.67729],[-73.75549,40.67663]]]},"properties":{"geoid":"36081035800","county":"081","county_name":"Queens","utility":"coned","utility_split":false,"homes":870,"homes_source":"pluto","multifamily_5plus_lots":2,"median_income":97128,"income_band":"60–100k","low_income_share":0.54,"median_year_built":1963,"pre1980":0.72,"owner":0.59,"fuel":{"gas":0.91,"propane":0.01,"electric":0.02,"oil":0.06,"other":0.01,"none":0},"dac":false,"dac_share":0,"score":56,"parts":{"volume":25,"fuel":7.6,"age":14.5,"owner":8.8,"incentive":0},"gaps":[]}},{"type":"Feature","geometry":{"type":"Polygon","coordinates":[[[-73.79364,40.71382],[-73.79356,40.71336],[-73.79313,40.71241],[-73.79303,40.71198],[-73.79304,40.71071],[-73.78941,40.712],[-73.78901,40.71207],[-73.78886,40.71226],[-73.7886,40.71234],[-73.78876,40.71248],[-73.78909,40.71258],[-73.79051,40.71247],[-73.79092,40.71259],[-73.79134,40.71292],[-73.79187,40.71379],[-73.79031,40.71423],[-73.78926,40.7147],[-73.78842,40.71576],[-73.78835,40.71652],[-73.78855,40.71726],[-73.78776,40.71784],[-73.78792,40.71808],[-73.78859,40.71862],[-73.78945,40.7189],[-73.7909,40.71888],[-73.79151,40.71851],[-73.7919,40.71814],[-73.79211,40.71779],[-73.79224,40.71743],[-73.7924,40.71619],[-73.79346,40.71442],[-73.79364,40.71382]]]},"properties":{"geoid":"36081045800","county":"081","county_name":"Queens","utility":"coned","utility_split":false,"homes":250,"homes_source":"pluto","multifamily_5plus_lots":11,"median_income":79236,"income_band":"60–100k","low_income_share":0.58,"median_year_built":1940,"pre1980":0.96,"owner":0.43,"fuel":{"gas":0.8,"propane":0.02,"electric":0,"oil":0.13,"other":0.04,"none":0.01},"dac":false,"dac_share":0,"score":56,"parts":{"volume":20.7,"fuel":9.3,"age":19.3,"owner":6.4,"incentive":0},"gaps":[]}},{"type":"Feature","geometry":{"type":"Polygon","coordinates":[[[-73.78535,40.71228],[-73.78441,40.71028],[-73.7853,40.71006],[-73.78429,40.70793],[-73.78277,40.708],[-73.77905,40.70871],[-73.78059,40.71343],[-73.78535,40.71228]]]},"properties":{"geoid":"36081046800","county":"081","county_name":"Queens","utility":"coned","utility_split":false,"homes":514,"homes_source":"pluto","multifamily_5plus_lots":12,"median_income":83388,"income_band":"60–100k","low_income_share":0.63,"median_year_built":1955,"pre1980":0.89,"owner":0.4,"fuel":{"gas":0.73,"propane":0,"electric":0.16,"oil":0.09,"other":0.01,"none":0.01},"dac":false,"dac_share":0,"score":56,"parts":{"volume":23.3,"fuel":9,"age":17.9,"owner":6.1,"incentive":0},"gaps":[]}},{"type":"Feature","geometry":{"type":"Polygon","coordinates":[[[-73.89603,40.73502],[-73.89559,40.72897],[-73.89369,40.72921],[-73.89387,40.73115],[-73.89233,40.73116],[-73.89213,40.73368],[-73.89206,40.73397],[-73.89175,40.73448],[-73.89324,40.73456],[-73.895,40.73501],[-73.89603,40.73502]]]},"properties":{"geoid":"36081049301","county":"081","county_name":"Queens","utility":"coned","utility_split":false,"homes":467,"homes_source":"pluto","multifamily_5plus_lots":0,"median_income":86429,"income_band":"60–100k","low_income_share":0.57,"median_year_built":1956,"pre1980":0.85,"owner":0.55,"fuel":{"gas":0.87,"propane":0.03,"electric":0.03,"oil":0.05,"other":0.02,"none":0},"dac":false,"dac_share":0,"score":56,"parts":{"volume":23,"fuel":8.1,"age":17,"owner":8.2,"incentive":0},"gaps":[]}},{"type":"Feature","geometry":{"type":"Polygon","coordinates":[[[-73.89559,40.72897],[-73.89534,40.72592],[-73.89497,40.72541],[-73.89337,40.72539],[-73.89166,40.72567],[-73.89031,40.72618],[-73.88775,40.72763],[-73.8872,40.72787],[-73.88724,40.72893],[-73.88756,40.7302],[-73.88969,40.72969],[-73.89094,40.7285],[-73.89152,40.72816],[-73.8924,40.72956],[-73.89233,40.73116],[-73.89387,40.73115],[-73.89369,40.72921],[-73.89559,40.72897]]]},"properties":{"geoid":"36081049302","county":"081","county_name":"Queens","utility":"coned","utility_split":false,"homes":474,"homes_source":"pluto","multifamily_5plus_lots":6,"median_income":59940,"income_band":"<60k","low_income_share":0.68,"median_year_built":1952,"pre1980":0.77,"owner":0.51,"fuel":{"gas":0.79,"propane":0.1,"electric":0.05,"oil":0.07,"other":0,"none":0},"dac":false,"dac_share":0,"score":56,"parts":{"volume":23,"fuel":9.6,"age":15.4,"owner":7.6,"incentive":0},"gaps":[]}},{"type":"Feature","geometry":{"type":"Polygon","coordinates":[[[-73.76255,40.71092],[-73.76141,40.70816],[-73.75604,40.70946],[-73.75718,40.71221],[-73.76255,40.71092]]]},"properties":{"geoid":"36081050202","county":"081","county_name":"Queens","utility":"coned","utility_split":false,"homes":307,"homes_source":"pluto","multifamily_5plus_lots":0,"median_income":85147,"income_band":"60–100k","low_income_share":0.54,"median_year_built":1946,"pre1980":0.88,"owner":0.6,"fuel":{"gas":0.88,"propane":0,"electric":0,"oil":0.1,"other":0,"none":0.02},"dac":false,"dac_share":0,"score":56,"parts":{"volume":21.4,"fuel":8,"age":17.6,"owner":9,"incentive":0},"gaps":[]}},{"type":"Feature","geometry":{"type":"Polygon","coordinates":[[[-73.88722,40.72753],[-73.88708,40.72464],[-73.88673,40.7246],[-73.88618,40.72461],[-73.88259,40.72508],[-73.87863,40.72573],[-73.87756,40.72575],[-73.87471,40.72709],[-73.87748,40.72928],[-73.87796,40.72977],[-73.87972,40.72909],[-73.88073,40.72883],[-73.8849,40.72845],[-73.88588,40.72828],[-73.8872,40.72787],[-73.88722,40.72753]]]},"properties":{"geoid":"36081050700","county":"081","county_name":"Queens","utility":"coned","utility_split":false,"homes":815,"homes_source":"pluto","multifamily_5plus_lots":4,"median_income":84476,"income_band":"60–100k","low_income_share":0.52,"median_year_built":1958,"pre1980":0.75,"owner":0.53,"fuel":{"gas":0.87,"propane":0.06,"electric":0.03,"oil":0.02,"other":0,"none":0.02},"dac":false,"dac_share":0,"score":56,"parts":{"volume":25,"fuel":7.8,"age":14.9,"owner":8,"incentive":0},"gaps":[]}},{"type":"Feature","geometry":{"type":"Polygon","coordinates":[[[-73.76243,40.69308],[-73.76239,40.69167],[-73.75484,40.69373],[-73.75644,40.69729],[-73.75733,40.69705],[-73.75673,40.6957],[-73.76123,40.69454],[-73.76198,40.69459],[-73.76229,40.69378],[-73.76243,40.69308]]]},"properties":{"geoid":"36081052800","county":"081","county_name":"Queens","utility":"coned","utility_split":false,"homes":332,"homes_source":"pluto","multifamily_5plus_lots":0,"median_income":79542,"income_band":"60–100k","low_income_share":0.57,"median_year_built":1938,"pre1980":0.86,"owner":0.57,"fuel":{"gas":0.89,"propane":0,"electric":0.03,"oil":0.09,"other":0,"none":0},"dac":false,"dac_share":0,"score":56,"parts":{"volume":21.7,"fuel":8.1,"age":17.3,"owner":8.6,"incentive":0},"gaps":[]}},{"type":"Feature","geometry":{"type":"Polygon","coordinates":[[[-73.73692,40.72247],[-73.73572,40.71985],[-73.7353,40.7185],[-73.73319,40.71957],[-73.73257,40.7203],[-73.73033,40.72216],[-73.7295,40.72259],[-73.72817,40.72309],[-73.72836,40.72361],[-73.7315,40.72292],[-73.73176,40.72361],[-73.73692,40.72247]]]},"properties":{"geoid":"36081056400","county":"081","county_name":"Queens","utility":"coned","utility_split":false,"homes":287,"homes_source":"pluto","multifamily_5plus_lots":5,"median_income":95000,"income_band":"60–100k","low_income_share":0.55,"median_year_built":1941,"pre1980":0.94,"owner":0.57,"fuel":{"gas":0.89,"propane":0,"electric":0.05,"oil":0.06,"other":0,"none":0},"dac":false,"dac_share":0,"score":56,"parts":{"volume":21.2,"fuel":7.7,"age":18.7,"owner":8.5,"incentive":0},"gaps":[]}},{"type":"Feature","geometry":{"type":"Polygon","coordinates":[[[-73.90338,40.70354],[-73.90137,40.70234],[-73.89569,40.70396],[-73.89694,40.7065],[-73.89996,40.70577],[-73.90212,40.70515],[-73.902,40.70487],[-73.90338,40.70354]]]},"properties":{"geoid":"36081058500","county":"081","county_name":"Queens","utility":"coned","utility_split":false,"homes":509,"homes_source":"pluto","multifamily_5plus_lots":30,"median_income":101157,"income_band":"100–150k","low_income_share":0.49,"median_year_built":1938,"pre1980":0.98,"owner":0.26,"fuel":{"gas":0.76,"propane":0.06,"electric":0.07,"oil":0.09,"other":0.01,"none":0.01},"dac":false,"dac_share":0,"score":56,"parts":{"volume":23.3,"fuel":9.5,"age":19.6,"owner":3.9,"incentive":0},"gaps":[]}},{"type":"Feature","geometry":{"type":"Polygon","coordinates":[[[-73.91344,40.70766],[-73.90899,40.70503],[-73.90784,40.70616],[-73.90858,40.7066],[-73.90626,40.70887],[-73.90996,40.71106],[-73.91344,40.70766]]]},"properties":{"geoid":"36081059100","county":"081","county_name":"Queens","utility":"coned","utility_split":false,"homes":517,"homes_source":"pluto","multifamily_5plus_lots":83,"median_income":53832,"income_band":"<60k","low_income_share":0.72,"median_year_built":1938,"pre1980":1,"owner":0.13,"fuel":{"gas":0.61,"propane":0.04,"electric":0.18,"oil":0.16,"other":0,"none":0.01},"dac":false,"dac_share":0,"score":56,"parts":{"volume":23.4,"fuel":11,"age":20,"owner":2,"incentive":0},"gaps":[]}},{"type":"Feature","geometry":{"type":"Polygon","coordinates":[[[-73.88886,40.70128],[-73.88873,40.6996],[-73.88882,40.69951],[-73.88819,40.69886],[-73.88771,40.69968],[-73.88492,40.7001],[-73.8827,40.70072],[-73.88177,40.69953],[-73.87779,40.70102],[-73.87623,40.70173],[-73.8764,40.70229],[-73.88886,40.70128]]]},"properties":{"geoid":"36081062900","county":"081","county_name":"Queens","utility":"coned","utility_split":false,"homes":404,"homes_source":"pluto","multifamily_5plus_lots":39,"median_income":101097,"income_band":"100–150k","low_income_share":0.42,"median_year_built":1938,"pre1980":0.94,"owner":0.31,"fuel":{"gas":0.66,"propane":0.05,"electric":0.16,"oil":0.12,"other":0.01,"none":0},"dac":false,"dac_share":0,"score":56,"parts":{"volume":22.4,"fuel":10.5,"age":18.7,"owner":4.7,"incentive":0},"gaps":[]}},{"type":"Feature","geometry":{"type":"Polygon","coordinates":[[[-73.87054,40.72709],[-73.87063,40.72706],[-73.86929,40.72444],[-73.86729,40.72226],[-73.86651,40.7236],[-73.8641,40.72738],[-73.86848,40.72898],[-73.86924,40.72777],[-73.86963,40.72791],[-73.87007,40.72722],[-73.87054,40.72709]]]},"properties":{"geoid":"36081069500","county":"081","county_name":"Queens","utility":"coned","utility_split":false,"homes":399,"homes_source":"pluto","multifamily_5plus_lots":7,"median_income":91591,"income_band":"60–100k","low_income_share":0.5,"median_year_built":1944,"pre1980":0.83,"owner":0.5,"fuel":{"gas":0.76,"propane":0.05,"electric":0.03,"oil":0.11,"other":0,"none":0.05},"dac":false,"dac_share":0,"score":56,"parts":{"volume":22.4,"fuel":9.2,"age":16.6,"owner":7.5,"incentive":0},"gaps":[]}},{"type":"Feature","geometry":{"type":"Polygon","coordinates":[[[-73.83942,40.76543],[-73.83826,40.76493],[-73.83738,40.76384],[-73.83692,40.76277],[-73.83559,40.76285],[-73.83529,40.76139],[-73.83492,40.76025],[-73.83299,40.76085],[-73.83112,40.76155],[-73.82752,40.76242],[-73.8282,40.7638],[-73.82786,40.76536],[-73.83069,40.76471],[-73.83343,40.77143],[-73.83438,40.77089],[-73.83627,40.76961],[-73.83729,40.76869],[-73.83816,40.76773],[-73.83932,40.76605],[-73.83912,40.76598],[-73.83942,40.76543]]]},"properties":{"geoid":"36081086900","county":"081","county_name":"Queens","utility":"coned","utility_split":false,"homes":77,"homes_source":"pluto","multifamily_5plus_lots":44,"median_income":95469,"income_band":"60–100k","low_income_share":0.54,"median_year_built":1986,"pre1980":0.42,"owner":0.24,"fuel":{"gas":0.57,"propane":0.1,"electric":0.17,"oil":0.16,"other":0.01,"none":0},"dac":true,"dac_share":1,"score":56,"parts":{"volume":16.3,"fuel":12.1,"age":8.5,"owner":3.6,"incentive":15},"gaps":[]}},{"type":"Feature","geometry":{"type":"Polygon","coordinates":[[[-73.77377,40.59578],[-73.77387,40.59577],[-73.77367,40.59389],[-73.77281,40.59407],[-73.7727,40.59312],[-73.77109,40.59354],[-73.77023,40.59397],[-73.76964,40.59077],[-73.76981,40.5904],[-73.76881,40.58461],[-73.76394,40.58517],[-73.76351,40.59037],[-73.76387,40.59175],[-73.7644,40.59457],[-73.76278,40.59476],[-73.76333,40.59782],[-73.76255,40.59832],[-73.76182,40.59895],[-73.76129,40.59955],[-73.76159,40.5999],[-73.76166,40.59997],[-73.76336,40.5991],[-73.76445,40.60043],[-73.76654,40.59943],[-73.766,40.59872],[-73.76662,40.59835],[-73.76696,40.59797],[-73.76719,40.5974],[-73.76715,40.59674],[-73.76746,40.5963],[-73.76772,40.59626],[-73.76807,40.59791],[-73.76819,40.59782],[-73.76948,40.59826],[-73.76989,40.59812],[-73.77037,40.59809],[-73.77116,40.5983],[-73.77066,40.596],[-73.77233,40.59582],[-73.77377,40.59578]]]},"properties":{"geoid":"36081099200","county":"081","county_name":"Queens","utility":"psegli","utility_split":false,"homes":406,"homes_source":"pluto","multifamily_5plus_lots":7,"median_income":36736,"income_band":"<60k","low_income_share":0.74,"median_year_built":1982,"pre1980":0.49,"owner":0.17,"fuel":{"gas":0.65,"propane":0.04,"electric":0.2,"oil":0.03,"other":0.01,"none":0.07},"dac":true,"dac_share":1,"score":56,"parts":{"volume":22.5,"fuel":8.4,"age":9.7,"owner":2.6,"incentive":13.1},"gaps":[]}},{"type":"Feature","geometry":{"type":"Polygon","coordinates":[[[-73.7644,40.59457],[-73.76387,40.59175],[-73.76351,40.59037],[-73.76394,40.58517],[-73.75557,40.58309],[-73.7555,40.58539],[-73.75237,40.58797],[-73.75259,40.59018],[-73.75237,40.59123],[-73.75277,40.59239],[-73.75318,40.59288],[-73.7532,40.59515],[-73.75602,40.5952],[-73.75796,40.59537],[-73.75962,40.59594],[-73.76041,40.5961],[-73.7613,40.59615],[-73.763,40.59599],[-73.76278,40.59476],[-73.7644,40.59457]]]},"properties":{"geoid":"36081099802","county":"081","county_name":"Queens","utility":"psegli","utility_split":false,"homes":353,"homes_source":"pluto","multifamily_5plus_lots":17,"median_income":41654,"income_band":"<60k","low_income_share":0.8,"median_year_built":1976,"pre1980":0.58,"owner":0.09,"fuel":{"gas":0.71,"propane":0.02,"electric":0.19,"oil":0.01,"other":0.01,"none":0.06},"dac":true,"dac_share":1,"score":56,"parts":{"volume":21.9,"fuel":7.8,"age":11.5,"owner":1.4,"incentive":13.5},"gaps":[]}},{"type":"Feature","geometry":{"type":"Polygon","coordinates":[[[-73.81372,40.78484],[-73.81381,40.78413],[-73.81168,40.78396],[-73.81172,40.78325],[-73.80854,40.783],[-73.8088,40.78086],[-73.8067,40.78069],[-73.80601,40.77993],[-73.80323,40.7797],[-73.80242,40.78602],[-73.8084,40.78651],[-73.81337,40.78716],[-73.81372,40.78484]]]},"properties":{"geoid":"36081102900","county":"081","county_name":"Queens","utility":"coned","utility_split":false,"homes":563,"homes_source":"pluto","multifamily_5plus_lots":6,"median_income":102972,"income_band":"100–150k","low_income_share":0.49,"median_year_built":1973,"pre1980":0.75,"owner":0.48,"fuel":{"gas":0.62,"propane":0.02,"electric":0.26,"oil":0.1,"other":0,"none":0},"dac":false,"dac_share":0,"score":56,"parts":{"volume":23.7,"fuel":10.1,"age":15,"owner":7.2,"incentive":0},"gaps":[]}},{"type":"Feature","geometry":{"type":"Polygon","coordinates":[[[-73.72853,40.74842],[-73.72865,40.74807],[-73.72829,40.74746],[-73.72806,40.74856],[-73.72768,40.74964],[-73.7257,40.74957],[-73.72316,40.74973],[-73.72268,40.7487],[-73.71989,40.74937],[-73.71894,40.74694],[-73.71835,40.74715],[-73.71763,40.74755],[-73.71595,40.74903],[-73.71544,40.74886],[-73.71505,40.74892],[-73.71486,40.74903],[-73.71471,40.74927],[-73.71471,40.7495],[-73.71502,40.74985],[-73.71277,40.75191],[-73.71312,40.75224],[-73.71355,40.75367],[-73.71403,40.75462],[-73.71458,40.75486],[-73.71541,40.75568],[-73.71747,40.75568],[-73.71775,40.75535],[-73.72149,40.75643],[-73.72233,40.75488],[-73.72273,40.75435],[-73.72329,40.75378],[-73.72377,40.75342],[-73.72626,40.75188],[-73.72736,40.75084],[-73.72796,40.75003],[-73.72853,40.74842]]]},"properties":{"geoid":"36081155103","county":"081","county_name":"Queens","utility":"coned","utility_split":false,"homes":145,"homes_source":"pluto","multifamily_5plus_lots":12,"median_income":114526,"income_band":"100–150k","low_income_share":0.46,"median_year_built":1954,"pre1980":0.92,"owner":0.56,"fuel":{"gas":0.73,"propane":0,"electric":0.01,"oil":0.23,"other":0.02,"none":0.01},"dac":false,"dac_share":0,"score":56,"parts":{"volume":18.6,"fuel":10.7,"age":18.4,"owner":8.4,"incentive":0},"gaps":[]}},{"type":"Feature","geometry":{"type":"Polygon","coordinates":[[[-73.70383,40.76917],[-73.70394,40.76898],[-73.70009,40.76746],[-73.69818,40.76713],[-73.69693,40.76708],[-73.69571,40.76717],[-73.69532,40.76679],[-73.69454,40.76691],[-73.69388,40.76631],[-73.6936,40.76619],[-73.69238,40.76616],[-73.69378,40.76412],[-73.68962,40.764],[-73.68537,40.76314],[-73.68494,40.76296],[-73.68396,40.76281],[-73.68227,40.76331],[-73.67166,40.76257],[-73.67083,40.76271],[-73.66974,40.76314],[-73.66872,40.76219],[-73.66853,40.76227],[-73.66969,40.76326],[-73.6702,40.7639],[-73.67074,40.76534],[-73.67082,40.76573],[-73.67081,40.76632],[-73.67058,40.76721],[-73.66804,40.76752],[-73.66687,40.76774],[-73.66545,40.76846],[-73.6668,40.76945],[-73.66722,40.77004],[-73.66771,40.77302],[-73.66718,40.77325],[-73.66724,40.77353],[-73.66658,40.77374],[-73.6668,40.7754],[-73.66546,40.77679],[-73.66451,40.7775],[-73.66322,40.77815],[-73.66142,40.77867],[-73.66086,40.7789],[-73.65964,40.77791],[-73.65921,40.77734],[-73.65831,40.77755],[-73.65655,40.77779],[-73.65661,40.77882],[-73.65678,40.77892],[-73.65731,40.77966],[-73.65734,40.78094],[-73.65788,40.7834],[-73.65675,40.78357],[-73.65528,40.7841],[-73.65579,40.78656],[-73.65535,40.78661],[-73.65572,40.78854],[-73.65686,40.78829],[-73.65795,40.78782],[-73.65903,40.78752],[-73.65964,40.78777],[-73.65995,40.78805],[-73.66042,40.78895],[-73.66052,40.78949],[-73.66073,40.78965],[-73.66398,40.78915],[-73.66437,40.78919],[-73.66539,40.78962],[-73.66636,40.7894],[-73.66744,40.79185],[-73.66837,40.7916],[-73.66869,40.79221],[-73.67077,40.7917],[-73.67205,40.79153],[-73.67186,40.79061],[-73.67146,40.79064],[-73.67093,40.78828],[-73.67055,40.78748],[-73.6711,40.78724],[-73.67175,40.78729],[-73.67191,40.78774],[-73.67266,40.7878],[-73.6752,40.78717],[-73.67551,40.7877],[-73.67797,40.78718],[-73.67918,40.78869],[-73.68075,40.78842],[-73.6806,40.78741],[-73.68348,40.78701],[-73.68603,40.78843],[-73.68676,40.78935],[-73.68592,40.79006],[-73.68706,40.79046],[-73.68727,40.7908],[-73.68844,40.79128],[-73.68757,40.7932],[-73.68827,40.7932],[-73.68849,40.79263],[-73.68897,40.7927],[-73.68887,40.7932],[-73.69334,40.79232],[-73.69307,40.79197],[-73.69261,40.79183],[-73.69268,40.79135],[-73.69283,40.79112],[-73.69198,40.78993],[-73.69158,40.78952],[-73.69083,40.78929],[-73.68984,40.78952],[-73.68926,40.78943],[-73.68753,40.78876],[-73.68667,40.78789],[-73.68347,40.7788],[-73.68637,40.7789],[-73.68657,40.7798],[-73.68827,40.7796],[-73.68807,40.776],[-73.69067,40.7753],[-73.69057,40.7759],[-73.69327,40.7763],[-73.69297,40.7769],[-73.69607,40.7771],[-73.69627,40.773],[-73.69918,40.7733],[-73.69878,40.7719],[-73.70107,40.7715],[-73.70127,40.7723],[-73.7034,40.77216],[-73.70338,40.77088],[-73.7035,40.76996],[-73.70364,40.76939],[-73.70383,40.76917]]]},"properties":{"geoid":"36059300902","county":"059","county_name":"Nassau","utility":"psegli","utility_split":false,"homes":2221,"homes_source":"acs_est","multifamily_5plus_lots":null,"median_income":173315,"income_band":"150k+","low_income_share":0.25,"median_year_built":1986,"pre1980":0.29,"owner":0.86,"fuel":{"gas":0.44,"propane":0.01,"electric":0.48,"oil":0.07,"other":0,"none":0},"dac":false,"dac_share":0,"score":56,"parts":{"volume":25,"fuel":10.8,"age":5.9,"owner":12.9,"incentive":1.9},"gaps":[]}},{"type":"Feature","geometry":{"type":"Polygon","coordinates":[[[-73.9433,40.76066],[-73.94417,40.75931],[-73.94246,40.75868],[-73.93764,40.76647],[-73.93859,40.76682],[-73.9397,40.76641],[-73.9433,40.76066]]]},"properties":{"geoid":"36081003900","county":"081","county_name":"Queens","utility":"coned","utility_split":false,"homes":102,"homes_source":"pluto","multifamily_5plus_lots":27,"median_income":59988,"income_band":"<60k","low_income_share":0.72,"median_year_built":1958,"pre1980":0.66,"owner":0.1,"fuel":{"gas":0.8,"propane":0,"electric":0.11,"oil":0.05,"other":0,"none":0.03},"dac":true,"dac_share":1,"score":55,"parts":{"volume":17.3,"fuel":7.8,"age":13.2,"owner":1.5,"incentive":15},"gaps":[]}},{"type":"Feature","geometry":{"type":"Polygon","coordinates":[[[-73.93125,40.75337],[-73.92874,40.75204],[-73.92596,40.7521],[-73.92563,40.75214],[-73.92416,40.75396],[-73.92896,40.75621],[-73.93125,40.75337]]]},"properties":{"geoid":"36081005500","county":"081","county_name":"Queens","utility":"coned","utility_split":false,"homes":84,"homes_source":"pluto","multifamily_5plus_lots":17,"median_income":81310,"income_band":"60–100k","low_income_share":0.57,"median_year_built":1951,"pre1980":0.66,"owner":0.13,"fuel":{"gas":0.67,"propane":0.02,"electric":0.22,"oil":0.05,"other":0.01,"none":0.04},"dac":true,"dac_share":1,"score":55,"parts":{"volume":16.6,"fuel":8.7,"age":13.2,"owner":1.9,"incentive":15},"gaps":[]}},{"type":"Feature","geometry":{"type":"Polygon","coordinates":[[[-73.83811,40.68843],[-73.83728,40.68675],[-73.83694,40.68684],[-73.83595,40.68484],[-73.83172,40.68605],[-73.83274,40.68804],[-73.83373,40.68776],[-73.83515,40.6906],[-73.83604,40.69035],[-73.83546,40.68918],[-73.83811,40.68843]]]},"properties":{"geoid":"36081011000","county":"081","county_name":"Queens","utility":"coned","utility_split":false,"homes":434,"homes_source":"pluto","multifamily_5plus_lots":12,"median_income":77031,"income_band":"60–100k","low_income_share":0.63,"median_year_built":1940,"pre1980":0.83,"owner":0.44,"fuel":{"gas":0.77,"propane":0.04,"electric":0.09,"oil":0.05,"other":0.05,"none":0},"dac":false,"dac_share":0,"score":55,"parts":{"volume":22.7,"fuel":8.8,"age":16.6,"owner":6.6,"incentive":0},"gaps":[]}},{"type":"Feature","geometry":{"type":"Polygon","coordinates":[[[-73.91238,40.77731],[-73.90679,40.77337],[-73.90455,40.7752],[-73.91015,40.77915],[-73.91238,40.77731]]]},"properties":{"geoid":"36081011300","county":"081","county_name":"Queens","utility":"coned","utility_split":false,"homes":359,"homes_source":"pluto","multifamily_5plus_lots":22,"median_income":87393,"income_band":"60–100k","low_income_share":0.56,"median_year_built":1938,"pre1980":0.94,"owner":0.21,"fuel":{"gas":0.62,"propane":0.07,"electric":0.2,"oil":0.11,"other":0,"none":0.01},"dac":false,"dac_share":0,"score":55,"parts":{"volume":22,"fuel":10.7,"age":18.8,"owner":3.2,"incentive":0},"gaps":[]}},{"type":"Feature","geometry":{"type":"Polygon","coordinates":[[[-73.82896,40.70981],[-73.82969,40.70935],[-73.82575,40.70582],[-73.82566,40.70543],[-73.82451,40.70433],[-73.82444,40.70406],[-73.82344,40.7038],[-73.82246,40.70366],[-73.81938,40.70387],[-73.82074,40.70419],[-73.82178,40.70496],[-73.82298,40.70619],[-73.82405,40.70693],[-73.8251,40.70745],[-73.8261,40.70773],[-73.82653,40.70815],[-73.82722,40.71],[-73.82772,40.7106],[-73.82896,40.70981]]]},"properties":{"geoid":"36081013800","county":"081","county_name":"Queens","utility":"coned","utility_split":false,"homes":242,"homes_source":"pluto","multifamily_5plus_lots":16,"median_income":76938,"income_band":"60–100k","low_income_share":0.64,"median_year_built":1946,"pre1980":0.92,"owner":0.56,"fuel":{"gas":0.79,"propane":0.02,"electric":0.05,"oil":0.05,"other":0.04,"none":0.05},"dac":false,"dac_share":0,"score":55,"parts":{"volume":20.5,"fuel":7.7,"age":18.4,"owner":8.3,"incentive":0},"gaps":[]}},{"type":"Feature","geometry":{"type":"Polygon","coordinates":[[[-73.80485,40.6812],[-73.80503,40.68115],[-73.80424,40.67942],[-73.79464,40.68211],[-73.79549,40.68386],[-73.80485,40.6812]]]},"properties":{"geoid":"36081018800","county":"081","county_name":"Queens","utility":"coned","utility_split":false,"homes":292,"homes_source":"pluto","multifamily_5plus_lots":0,"median_income":84688,"income_band":"60–100k","low_income_share":0.58,"median_year_built":1957,"pre1980":0.86,"owner":0.68,"fuel":{"gas":0.96,"propane":0.02,"electric":0,"oil":0.02,"other":0,"none":0},"dac":false,"dac_share":0,"score":55,"parts":{"volume":21.2,"fuel":6.9,"age":17.1,"owner":10.2,"incentive":0},"gaps":[]}},{"type":"Feature","geometry":{"type":"Polygon","coordinates":[[[-73.75951,40.67545],[-73.76032,40.67511],[-73.75857,40.67264],[-73.75822,40.67269],[-73.75636,40.67243],[-73.75646,40.67168],[-73.75644,40.66967],[-73.75699,40.66774],[-73.75763,40.66645],[-73.75526,40.6664],[-73.75279,40.67037],[-73.75086,40.66965],[-73.75077,40.6698],[-73.75133,40.67057],[-73.75197,40.67118],[-73.75566,40.67616],[-73.75576,40.67589],[-73.75652,40.67604],[-73.75677,40.67626],[-73.75685,40.67644],[-73.75704,40.67648],[-73.75951,40.67545]]]},"properties":{"geoid":"36081032800","county":"081","county_name":"Queens","utility":"coned","utility_split":false,"homes":475,"homes_source":"pluto","multifamily_5plus_lots":4,"median_income":94398,"income_band":"60–100k","low_income_share":0.52,"median_year_built":1957,"pre1980":0.71,"owner":0.65,"fuel":{"gas":0.89,"propane":0.05,"electric":0.02,"oil":0.03,"other":0.01,"none":0},"dac":false,"dac_share":0,"score":55,"parts":{"volume":23.1,"fuel":8,"age":14.2,"owner":9.8,"incentive":0},"gaps":[]}},{"type":"Feature","geometry":{"type":"Polygon","coordinates":[[[-73.89497,40.72541],[-73.89468,40.725],[-73.89411,40.72321],[-73.8903,40.72492],[-73.88708,40.72464],[-73.88713,40.72614],[-73.8872,40.72619],[-73.8872,40.72787],[-73.88775,40.72763],[-73.89031,40.72618],[-73.89166,40.72567],[-73.89337,40.72539],[-73.89497,40.72541]]]},"properties":{"geoid":"36081049500","county":"081","county_name":"Queens","utility":"coned","utility_split":false,"homes":254,"homes_source":"pluto","multifamily_5plus_lots":0,"median_income":92800,"income_band":"60–100k","low_income_share":0.57,"median_year_built":1954,"pre1980":0.99,"owner":0.38,"fuel":{"gas":0.8,"propane":0.09,"electric":0.08,"oil":0.04,"other":0,"none":0},"dac":false,"dac_share":0,"score":55,"parts":{"volume":20.7,"fuel":9.1,"age":19.7,"owner":5.6,"incentive":0},"gaps":[]}},{"type":"Feature","geometry":{"type":"Polygon","coordinates":[[[-73.89236,40.7304],[-73.8924,40.72956],[-73.89152,40.72816],[-73.89094,40.7285],[-73.88969,40.72969],[-73.88806,40.73009],[-73.88857,40.73459],[-73.89175,40.73448],[-73.89206,40.73397],[-73.89213,40.73368],[-73.89236,40.7304]]]},"properties":{"geoid":"36081049700","county":"081","county_name":"Queens","utility":"coned","utility_split":false,"homes":594,"homes_source":"pluto","multifamily_5plus_lots":3,"median_income":86031,"income_band":"60–100k","low_income_share":0.56,"median_year_built":1955,"pre1980":0.79,"owner":0.47,"fuel":{"gas":0.9,"propane":0.04,"electric":0.01,"oil":0.04,"other":0,"none":0},"dac":false,"dac_share":0,"score":55,"parts":{"volume":23.9,"fuel":7.9,"age":15.9,"owner":7.1,"incentive":0},"gaps":[]}},{"type":"Feature","geometry":{"type":"Polygon","coordinates":[[[-73.90099,40.70245],[-73.9002,40.7005],[-73.89798,40.70052],[-73.89439,40.70078],[-73.89496,40.7019],[-73.89569,40.70396],[-73.90099,40.70245]]]},"properties":{"geoid":"36081058300","county":"081","county_name":"Queens","utility":"coned","utility_split":false,"homes":435,"homes_source":"pluto","multifamily_5plus_lots":40,"median_income":109327,"income_band":"100–150k","low_income_share":0.43,"median_year_built":1938,"pre1980":0.96,"owner":0.32,"fuel":{"gas":0.75,"propane":0.02,"electric":0.1,"oil":0.05,"other":0.06,"none":0.02},"dac":false,"dac_share":0,"score":55,"parts":{"volume":22.7,"fuel":8.4,"age":19.3,"owner":4.9,"incentive":0},"gaps":[]}},{"type":"Feature","geometry":{"type":"Polygon","coordinates":[[[-73.75487,40.66698],[-73.75526,40.6664],[-73.74537,40.6664],[-73.74474,40.66743],[-73.75279,40.67037],[-73.75487,40.66698]]]},"properties":{"geoid":"36081068200","county":"081","county_name":"Queens","utility":"coned","utility_split":false,"homes":276,"homes_source":"pluto","multifamily_5plus_lots":0,"median_income":89732,"income_band":"60–100k","low_income_share":0.6,"median_year_built":1956,"pre1980":0.76,"owner":0.73,"fuel":{"gas":0.84,"propane":0.01,"electric":0.05,"oil":0.04,"other":0,"none":0.06},"dac":false,"dac_share":0,"score":55,"parts":{"volume":21,"fuel":7.2,"age":15.3,"owner":11,"incentive":0},"gaps":[]}},{"type":"Feature","geometry":{"type":"Polygon","coordinates":[[[-73.875,40.73079],[-73.87524,40.73072],[-73.87143,40.72925],[-73.87063,40.72706],[-73.87007,40.72722],[-73.86963,40.72791],[-73.86924,40.72777],[-73.86848,40.72898],[-73.8663,40.72819],[-73.86448,40.73109],[-73.86575,40.73154],[-73.86658,40.73198],[-73.86678,40.73166],[-73.86769,40.73219],[-73.86904,40.73285],[-73.875,40.73079]]]},"properties":{"geoid":"36081068700","county":"081","county_name":"Queens","utility":"coned","utility_split":false,"homes":385,"homes_source":"pluto","multifamily_5plus_lots":23,"median_income":86193,"income_band":"60–100k","low_income_share":0.67,"median_year_built":1945,"pre1980":0.98,"owner":0.32,"fuel":{"gas":0.83,"propane":0.01,"electric":0.05,"oil":0.06,"other":0.02,"none":0.02},"dac":false,"dac_share":0,"score":55,"parts":{"volume":22.3,"fuel":8,"age":19.6,"owner":4.9,"incentive":0},"gaps":[]}},{"type":"Feature","geometry":{"type":"Polygon","coordinates":[[[-73.84876,40.73636],[-73.84599,40.73095],[-73.84576,40.73026],[-73.84571,40.7295],[-73.84478,40.72856],[-73.84428,40.72763],[-73.84033,40.72881],[-73.84147,40.73],[-73.84351,40.73181],[-73.84406,40.73249],[-73.84475,40.73362],[-73.84543,40.73495],[-73.84591,40.7364],[-73.84606,40.7371],[-73.84674,40.73855],[-73.84721,40.73864],[-73.84861,40.73811],[-73.84837,40.73646],[-73.84876,40.73636]]]},"properties":{"geoid":"36081074700","county":"081","county_name":"Queens","utility":"coned","utility_split":false,"homes":282,"homes_source":"pluto","multifamily_5plus_lots":19,"median_income":99769,"income_band":"60–100k","low_income_share":0.5,"median_year_built":1962,"pre1980":0.86,"owner":0.53,"fuel":{"gas":0.76,"propane":0.02,"electric":0.09,"oil":0.09,"other":0.02,"none":0.01},"dac":false,"dac_share":0,"score":55,"parts":{"volume":21.1,"fuel":9,"age":17.3,"owner":8,"incentive":0},"gaps":[]}},{"type":"Feature","geometry":{"type":"Polygon","coordinates":[[[-73.83702,40.70817],[-73.83715,40.70796],[-73.83498,40.7071],[-73.83176,40.70614],[-73.83182,40.70644],[-73.83173,40.70689],[-73.83098,40.70781],[-73.83063,40.70874],[-73.82772,40.7106],[-73.82873,40.71151],[-73.82931,40.71242],[-73.83263,40.71033],[-73.83304,40.71044],[-73.83347,40.71031],[-73.83631,40.70884],[-73.83675,40.7085],[-73.83702,40.70817]]]},"properties":{"geoid":"36081077500","county":"081","county_name":"Queens","utility":"coned","utility_split":false,"homes":220,"homes_source":"pluto","multifamily_5plus_lots":17,"median_income":84427,"income_band":"60–100k","low_income_share":0.54,"median_year_built":1938,"pre1980":0.95,"owner":0.27,"fuel":{"gas":0.65,"propane":0,"electric":0.02,"oil":0.28,"other":0.03,"none":0.02},"dac":false,"dac_share":0,"score":55,"parts":{"volume":20.2,"fuel":11.7,"age":19,"owner":4.1,"incentive":0},"gaps":[]}},{"type":"Feature","geometry":{"type":"Polygon","coordinates":[[[-73.82586,40.72046],[-73.82551,40.71947],[-73.82542,40.7174],[-73.82532,40.71734],[-73.82294,40.7175],[-73.82171,40.71736],[-73.81952,40.71734],[-73.8193,40.71714],[-73.81719,40.71766],[-73.81943,40.722],[-73.82021,40.72176],[-73.82016,40.72149],[-73.82586,40.72046]]]},"properties":{"geoid":"36081077903","county":"081","county_name":"Queens","utility":"coned","utility_split":false,"homes":106,"homes_source":"pluto","multifamily_5plus_lots":10,"median_income":96944,"income_band":"60–100k","low_income_share":0.52,"median_year_built":1950,"pre1980":0.91,"owner":0.59,"fuel":{"gas":0.63,"propane":0,"electric":0.11,"oil":0.15,"other":0.1,"none":0.01},"dac":false,"dac_share":0,"score":55,"parts":{"volume":17.5,"fuel":10.4,"age":18.1,"owner":8.9,"incentive":0},"gaps":[]}},{"type":"Feature","geometry":{"type":"Polygon","coordinates":[[[-73.80155,40.6673],[-73.80166,40.66676],[-73.80073,40.66673],[-73.79947,40.66655],[-73.7989,40.66656],[-73.79809,40.66671],[-73.7974,40.66694],[-73.79393,40.667],[-73.79306,40.66709],[-73.79217,40.66704],[-73.79155,40.67021],[-73.79601,40.67085],[-73.79672,40.67118],[-73.79874,40.67142],[-73.80125,40.67126],[-73.80122,40.66911],[-73.80129,40.66847],[-73.80155,40.6673]]]},"properties":{"geoid":"36081079200","county":"081","county_name":"Queens","utility":"coned","utility_split":false,"homes":513,"homes_source":"pluto","multifamily_5plus_lots":2,"median_income":71510,"income_band":"60–100k","low_income_share":0.64,"median_year_built":1960,"pre1980":0.83,"owner":0.54,"fuel":{"gas":0.89,"propane":0.01,"electric":0.09,"oil":0.01,"other":0,"none":0.01},"dac":false,"dac_share":0,"score":55,"parts":{"volume":23.3,"fuel":7,"age":16.7,"owner":8,"incentive":0},"gaps":[]}},{"type":"Feature","geometry":{"type":"Polygon","coordinates":[[[-73.76387,40.59973],[-73.76336,40.5991],[-73.75971,40.60099],[-73.75966,40.60114],[-73.75914,40.60098],[-73.75794,40.60085],[-73.75787,40.60132],[-73.75375,40.60071],[-73.75285,40.60426],[-73.75527,40.60533],[-73.76095,40.60645],[-73.7604,40.60243],[-73.76053,40.60185],[-73.76089,40.60138],[-73.76164,40.60078],[-73.76387,40.59973]]]},"properties":{"geoid":"36081100803","county":"081","county_name":"Queens","utility":"psegli","utility_split":false,"homes":425,"homes_source":"pluto","multifamily_5plus_lots":17,"median_income":46534,"income_band":"<60k","low_income_share":0.68,"median_year_built":1960,"pre1980":0.64,"owner":0.47,"fuel":{"gas":0.82,"propane":0,"electric":0.11,"oil":0.04,"other":0.02,"none":0.02},"dac":false,"dac_share":0,"score":55,"parts":{"volume":22.6,"fuel":7.8,"age":12.7,"owner":7.1,"incentive":5.1},"gaps":[]}},{"type":"Feature","geometry":{"type":"Polygon","coordinates":[[[-73.82467,40.77041],[-73.82373,40.76583],[-73.81739,40.76657],[-73.81729,40.77148],[-73.82467,40.77041]]]},"properties":{"geoid":"36081115900","county":"081","county_name":"Queens","utility":"coned","utility_split":false,"homes":380,"homes_source":"pluto","multifamily_5plus_lots":13,"median_income":61776,"income_band":"60–100k","low_income_share":0.73,"median_year_built":1946,"pre1980":0.81,"owner":0.42,"fuel":{"gas":0.66,"propane":0.02,"electric":0.15,"oil":0.13,"other":0.03,"none":0.01},"dac":false,"dac_share":0,"score":55,"parts":{"volume":22.2,"fuel":10.2,"age":16.2,"owner":6.3,"incentive":0},"gaps":[]}},{"type":"Feature","geometry":{"type":"Polygon","coordinates":[[[-73.81703,40.75472],[-73.81772,40.75428],[-73.81333,40.75037],[-73.81192,40.75129],[-73.81274,40.75294],[-73.81067,40.75277],[-73.81048,40.75421],[-73.81335,40.7542],[-73.81353,40.75425],[-73.81563,40.75563],[-73.81703,40.75472]]]},"properties":{"geoid":"36081120100","county":"081","county_name":"Queens","utility":"coned","utility_split":false,"homes":311,"homes_source":"pluto","multifamily_5plus_lots":1,"median_income":86125,"income_band":"60–100k","low_income_share":0.66,"median_year_built":1952,"pre1980":0.84,"owner":0.56,"fuel":{"gas":0.74,"propane":0.02,"electric":0.19,"oil":0.05,"other":0,"none":0},"dac":false,"dac_share":0,"score":55,"parts":{"volume":21.5,"fuel":8.7,"age":16.8,"owner":8.4,"incentive":0},"gaps":[]}},{"type":"Feature","geometry":{"type":"Polygon","coordinates":[[[-73.7772,40.75827],[-73.7774,40.75821],[-73.77588,40.75326],[-73.77447,40.75357],[-73.773,40.7542],[-73.7721,40.75448],[-73.76832,40.75547],[-73.76715,40.75565],[-73.76828,40.75826],[-73.76934,40.76025],[-73.77115,40.75987],[-73.7772,40.75827]]]},"properties":{"geoid":"36081144700","county":"081","county_name":"Queens","utility":"coned","utility_split":false,"homes":670,"homes_source":"pluto","multifamily_5plus_lots":5,"median_income":94766,"income_band":"60–100k","low_income_share":0.55,"median_year_built":1959,"pre1980":0.66,"owner":0.6,"fuel":{"gas":0.82,"propane":0.03,"electric":0.11,"oil":0.04,"other":0,"none":0},"dac":false,"dac_share":0,"score":55,"parts":{"volume":24.3,"fuel":8.1,"age":13.2,"owner":9,"incentive":0},"gaps":[]}},{"type":"Feature","geometry":{"type":"Polygon","coordinates":[[[-73.78758,40.7579],[-73.78699,40.75226],[-73.7861,40.75253],[-73.78423,40.75273],[-73.78053,40.75333],[-73.78212,40.75534],[-73.78339,40.75776],[-73.78566,40.75796],[-73.78758,40.7579]]]},"properties":{"geoid":"36081145101","county":"081","county_name":"Queens","utility":"coned","utility_split":false,"homes":362,"homes_source":"pluto","multifamily_5plus_lots":0,"median_income":71154,"income_band":"60–100k","low_income_share":0.65,"median_year_built":1957,"pre1980":0.7,"owner":0.64,"fuel":{"gas":0.64,"propane":0.08,"electric":0.23,"oil":0.03,"other":0,"none":0.02},"dac":false,"dac_share":0,"score":55,"parts":{"volume":22,"fuel":9.8,"age":14,"owner":9.6,"incentive":0},"gaps":[]}},{"type":"Feature","geometry":{"type":"Polygon","coordinates":[[[-73.63082,40.71702],[-73.6269,40.70744],[-73.626,40.70559],[-73.62586,40.70397],[-73.6257,40.70359],[-73.62507,40.7041],[-73.62288,40.70501],[-73.61899,40.70602],[-73.6187,40.70632],[-73.61712,40.70883],[-73.61612,40.70967],[-73.61602,40.71278],[-73.61806,40.71227],[-73.61778,40.70959],[-73.61962,40.7095],[-73.62455,40.70825],[-73.62605,40.71144],[-73.62249,40.71243],[-73.62484,40.71851],[-73.62894,40.71762],[-73.62888,40.71747],[-73.62895,40.71744],[-73.6288,40.71708],[-73.62981,40.71748],[-73.63005,40.71749],[-73.62995,40.71738],[-73.63082,40.71702]]]},"properties":{"geoid":"36059406801","county":"059","county_name":"Nassau","utility":"psegli","utility_split":false,"homes":143,"homes_source":"acs_est","multifamily_5plus_lots":null,"median_income":54432,"income_band":"<60k","low_income_share":0.72,"median_year_built":1966,"pre1980":0.67,"owner":0.07,"fuel":{"gas":0.65,"propane":0.02,"electric":0.12,"oil":0.13,"other":0,"none":0.08},"dac":true,"dac_share":1,"score":55,"parts":{"volume":18.6,"fuel":9.3,"age":13.4,"owner":1.1,"incentive":12.9},"gaps":[]}},{"type":"Feature","geometry":{"type":"Polygon","coordinates":[[[-73.84908,40.69835],[-73.84948,40.6982],[-73.84894,40.69756],[-73.84773,40.69477],[-73.8454,40.69516],[-73.84586,40.6962],[-73.84372,40.69675],[-73.84502,40.69936],[-73.84908,40.69835]]]},"properties":{"geoid":"36081002400","county":"081","county_name":"Queens","utility":"coned","utility_split":false,"homes":302,"homes_source":"pluto","multifamily_5plus_lots":9,"median_income":88421,"income_band":"60–100k","low_income_share":0.53,"median_year_built":1938,"pre1980":0.82,"owner":0.51,"fuel":{"gas":0.86,"propane":0,"electric":0.05,"oil":0.08,"other":0,"none":0},"dac":false,"dac_share":0,"score":54,"parts":{"volume":21.4,"fuel":8.2,"age":16.4,"owner":7.7,"incentive":0},"gaps":[]}},{"type":"Feature","geometry":{"type":"Polygon","coordinates":[[[-73.93618,40.76769],[-73.93493,40.76701],[-73.93128,40.77152],[-73.93021,40.77191],[-73.93013,40.77211],[-73.93077,40.77211],[-73.93269,40.7727],[-73.93278,40.77239],[-73.93296,40.77215],[-73.9333,40.772],[-73.93363,40.772],[-73.93384,40.77191],[-73.93401,40.7717],[-73.9346,40.77019],[-73.93502,40.7697],[-73.93577,40.76905],[-73.93593,40.76778],[-73.93618,40.76769]]]},"properties":{"geoid":"36081008100","county":"081","county_name":"Queens","utility":"coned","utility_split":false,"homes":112,"homes_source":"pluto","multifamily_5plus_lots":29,"median_income":122798,"income_band":"100–150k","low_income_share":0.44,"median_year_built":2006,"pre1980":0.37,"owner":0.22,"fuel":{"gas":0.37,"propane":0.01,"electric":0.53,"oil":0.05,"other":0.02,"none":0.02},"dac":true,"dac_share":1,"score":54,"parts":{"volume":17.7,"fuel":10.8,"age":7.5,"owner":3.3,"incentive":15},"gaps":[]}},{"type":"Feature","geometry":{"type":"Polygon","coordinates":[[[-73.83785,40.70289],[-73.83807,40.70272],[-73.83742,40.70145],[-73.83655,40.70171],[-73.83484,40.69827],[-73.83245,40.69955],[-73.83089,40.70001],[-73.83213,40.70279],[-73.83392,40.70235],[-73.8346,40.70393],[-73.83557,40.70368],[-73.83605,40.70341],[-73.83662,40.70342],[-73.83741,40.70322],[-73.83785,40.70289]]]},"properties":{"geoid":"36081013200","county":"081","county_name":"Queens","utility":"coned","utility_split":false,"homes":246,"homes_source":"pluto","multifamily_5plus_lots":12,"median_income":84452,"income_band":"60–100k","low_income_share":0.59,"median_year_built":1941,"pre1980":0.88,"owner":0.35,"fuel":{"gas":0.63,"propane":0.09,"electric":0.04,"oil":0.14,"other":0.02,"none":0.09},"dac":false,"dac_share":0,"score":54,"parts":{"volume":20.6,"fuel":10.3,"age":17.7,"owner":5.2,"incentive":0},"gaps":[]}},{"type":"Feature","geometry":{"type":"Polygon","coordinates":[[[-73.83181,40.70659],[-73.83176,40.70614],[-73.82444,40.70406],[-73.82451,40.70433],[-73.82566,40.70543],[-73.82575,40.70582],[-73.82969,40.70935],[-73.83063,40.70874],[-73.83091,40.70794],[-73.83167,40.70704],[-73.83181,40.70659]]]},"properties":{"geoid":"36081013600","county":"081","county_name":"Queens","utility":"coned","utility_split":false,"homes":147,"homes_source":"pluto","multifamily_5plus_lots":12,"median_income":86601,"income_band":"60–100k","low_income_share":0.57,"median_year_built":1946,"pre1980":0.88,"owner":0.45,"fuel":{"gas":0.67,"propane":0.03,"electric":0.08,"oil":0.2,"other":0.01,"none":0.01},"dac":false,"dac_share":0,"score":54,"parts":{"volume":18.7,"fuel":11.1,"age":17.6,"owner":6.8,"incentive":0},"gaps":[]}},{"type":"Feature","geometry":{"type":"Polygon","coordinates":[[[-73.9139,40.75982],[-73.90989,40.75795],[-73.90779,40.76052],[-73.9118,40.76239],[-73.9139,40.75982]]]},"properties":{"geoid":"36081015100","county":"081","county_name":"Queens","utility":"coned","utility_split":false,"homes":223,"homes_source":"pluto","multifamily_5plus_lots":99,"median_income":68932,"income_band":"60–100k","low_income_share":0.64,"median_year_built":1945,"pre1980":0.96,"owner":0.26,"fuel":{"gas":0.66,"propane":0.02,"electric":0.06,"oil":0.19,"other":0.06,"none":0},"dac":false,"dac_share":0,"score":54,"parts":{"volume":20.2,"fuel":11,"age":19.2,"owner":3.9,"incentive":0},"gaps":[]}},{"type":"Feature","geometry":{"type":"Polygon","coordinates":[[[-73.81423,40.69833],[-73.81443,40.69833],[-73.8119,40.69396],[-73.81141,40.6941],[-73.81208,40.6953],[-73.80824,40.69639],[-73.80749,40.69521],[-73.80495,40.69596],[-73.80489,40.69585],[-73.80237,40.69787],[-73.80028,40.69872],[-73.79869,40.69971],[-73.80157,40.70121],[-73.80241,40.70185],[-73.80774,40.70058],[-73.8095,40.6999],[-73.81419,40.69858],[-73.81404,40.69833],[-73.81423,40.69833]]]},"properties":{"geoid":"36081020800","county":"081","county_name":"Queens","utility":"coned","utility_split":false,"homes":351,"homes_source":"pluto","multifamily_5plus_lots":17,"median_income":60486,"income_band":"60–100k","low_income_share":0.66,"median_year_built":2012,"pre1980":0.34,"owner":0.16,"fuel":{"gas":0.74,"propane":0.01,"electric":0.21,"oil":0.03,"other":0.01,"none":0},"dac":true,"dac_share":1,"score":54,"parts":{"volume":21.9,"fuel":8.3,"age":6.8,"owner":2.4,"incentive":15},"gaps":[]}},{"type":"Feature","geometry":{"type":"Polygon","coordinates":[[[-73.91235,40.74632],[-73.91245,40.74592],[-73.91125,40.74578],[-73.91199,40.74219],[-73.90756,40.74166],[-73.90661,40.74539],[-73.90642,40.74564],[-73.90812,40.74619],[-73.90992,40.74776],[-73.91017,40.74823],[-73.91016,40.7485],[-73.91164,40.74869],[-73.91193,40.74799],[-73.91235,40.74632]]]},"properties":{"geoid":"36081025100","county":"081","county_name":"Queens","utility":"coned","utility_split":false,"homes":280,"homes_source":"pluto","multifamily_5plus_lots":96,"median_income":90996,"income_band":"60–100k","low_income_share":0.54,"median_year_built":1960,"pre1980":0.91,"owner":0.42,"fuel":{"gas":0.76,"propane":0.03,"electric":0.03,"oil":0.11,"other":0.01,"none":0.06},"dac":false,"dac_share":0,"score":54,"parts":{"volume":21.1,"fuel":8.7,"age":18.1,"owner":6.3,"incentive":0},"gaps":[]}},{"type":"Feature","geometry":{"type":"Polygon","coordinates":[[[-73.91023,40.75298],[-73.91045,40.75296],[-73.90944,40.75076],[-73.9099,40.74909],[-73.91016,40.7485],[-73.91017,40.74823],[-73.90992,40.74776],[-73.90955,40.74739],[-73.90812,40.74619],[-73.90713,40.74836],[-73.90624,40.74813],[-73.90591,40.74886],[-73.9067,40.74934],[-73.90525,40.75256],[-73.90491,40.75338],[-73.90492,40.7535],[-73.91023,40.75298]]]},"properties":{"geoid":"36081025500","county":"081","county_name":"Queens","utility":"coned","utility_split":false,"homes":196,"homes_source":"pluto","multifamily_5plus_lots":4,"median_income":92260,"income_band":"60–100k","low_income_share":0.51,"median_year_built":1943,"pre1980":0.93,"owner":0.31,"fuel":{"gas":0.68,"propane":0.06,"electric":0.11,"oil":0.12,"other":0.03,"none":0.01},"dac":false,"dac_share":0,"score":54,"parts":{"volume":19.8,"fuel":10.4,"age":18.7,"owner":4.7,"incentive":0},"gaps":[]}},{"type":"Feature","geometry":{"type":"Polygon","coordinates":[[[-73.79562,40.68866],[-73.79391,40.68631],[-73.79038,40.68775],[-73.78644,40.68878],[-73.78907,40.69039],[-73.78938,40.69041],[-73.7898,40.69096],[-73.79286,40.68966],[-73.79562,40.68866]]]},"properties":{"geoid":"36081027000","county":"081","county_name":"Queens","utility":"coned","utility_split":false,"homes":383,"homes_source":"pluto","multifamily_5plus_lots":0,"median_income":110938,"income_band":"100–150k","low_income_share":0.49,"median_year_built":1959,"pre1980":0.67,"owner":0.72,"fuel":{"gas":0.91,"propane":0,"electric":0.08,"oil":0.01,"other":0,"none":0},"dac":false,"dac_share":0,"score":54,"parts":{"volume":22.3,"fuel":7,"age":13.5,"owner":10.8,"incentive":0},"gaps":[]}},{"type":"Feature","geometry":{"type":"Polygon","coordinates":[[[-73.88189,40.75208],[-73.88114,40.74793],[-73.87841,40.74822],[-73.87979,40.75615],[-73.88165,40.75595],[-73.88096,40.75218],[-73.88189,40.75208]]]},"properties":{"geoid":"36081027900","county":"081","county_name":"Queens","utility":"coned","utility_split":false,"homes":191,"homes_source":"pluto","multifamily_5plus_lots":43,"median_income":81417,"income_band":"60–100k","low_income_share":0.64,"median_year_built":1951,"pre1980":0.97,"owner":0.28,"fuel":{"gas":0.71,"propane":0.03,"electric":0.03,"oil":0.17,"other":0.05,"none":0.01},"dac":false,"dac_share":0,"score":54,"parts":{"volume":19.7,"fuel":10.4,"age":19.4,"owner":4.2,"incentive":0},"gaps":[]}},{"type":"Feature","geometry":{"type":"Polygon","coordinates":[[[-73.77709,40.6882],[-73.77796,40.68791],[-73.77632,40.68522],[-73.77462,40.68399],[-73.77418,40.68324],[-73.7735,40.68348],[-73.77329,40.68345],[-73.7722,40.68161],[-73.77014,40.68311],[-73.76974,40.68378],[-73.7724,40.68528],[-73.77448,40.68673],[-73.77662,40.68836],[-73.77709,40.6882]]]},"properties":{"geoid":"36081028200","county":"081","county_name":"Queens","utility":"coned","utility_split":false,"homes":389,"homes_source":"pluto","multifamily_5plus_lots":1,"median_income":92368,"income_band":"60–100k","low_income_share":0.5,"median_year_built":1949,"pre1980":0.76,"owner":0.6,"fuel":{"gas":0.91,"propane":0.03,"electric":0.03,"oil":0.01,"other":0.02,"none":0},"dac":false,"dac_share":0,"score":54,"parts":{"volume":22.3,"fuel":7.4,"age":15.2,"owner":9.1,"incentive":0},"gaps":[]}},{"type":"Feature","geometry":{"type":"Polygon","coordinates":[[[-73.78302,40.68428],[-73.77989,40.67892],[-73.77948,40.67837],[-73.77842,40.67903],[-73.77723,40.67965],[-73.7747,40.68049],[-73.77232,40.68149],[-73.7722,40.68161],[-73.77329,40.68345],[-73.7735,40.68348],[-73.77418,40.68324],[-73.77462,40.68399],[-73.77632,40.68522],[-73.777,40.68628],[-73.78302,40.68428]]]},"properties":{"geoid":"36081028400","county":"081","county_name":"Queens","utility":"coned","utility_split":false,"homes":729,"homes_source":"pluto","multifamily_5plus_lots":1,"median_income":72633,"income_band":"60–100k","low_income_share":0.64,"median_year_built":1958,"pre1980":0.7,"owner":0.56,"fuel":{"gas":0.84,"propane":0,"electric":0.04,"oil":0.05,"other":0.02,"none":0.05},"dac":false,"dac_share":0,"score":54,"parts":{"volume":24.7,"fuel":7.3,"age":13.9,"owner":8.4,"incentive":0},"gaps":[]}},{"type":"Feature","geometry":{"type":"Polygon","coordinates":[[[-73.88876,40.75334],[-73.88765,40.74724],[-73.88579,40.74744],[-73.88654,40.75159],[-73.88561,40.75169],[-73.8863,40.75546],[-73.88816,40.75527],[-73.88782,40.75344],[-73.88876,40.75334]]]},"properties":{"geoid":"36081028500","county":"081","county_name":"Queens","utility":"coned","utility_split":false,"homes":54,"homes_source":"pluto","multifamily_5plus_lots":62,"median_income":126991,"income_band":"100–150k","low_income_share":0.38,"median_year_built":1938,"pre1980":0.95,"owner":0.65,"fuel":{"gas":0.61,"propane":0.03,"electric":0.09,"oil":0.19,"other":0.02,"none":0.06},"dac":false,"dac_share":0,"score":54,"parts":{"volume":15,"fuel":10.7,"age":18.9,"owner":9.7,"incentive":0},"gaps":[]}},{"type":"Feature","geometry":{"type":"Polygon","coordinates":[[[-73.89373,40.75468],[-73.89241,40.74713],[-73.89175,40.74681],[-73.8905,40.74694],[-73.8909,40.74901],[-73.89082,40.74906],[-73.89119,40.7511],[-73.89026,40.7512],[-73.89095,40.75497],[-73.89373,40.75468]]]},"properties":{"geoid":"36081028900","county":"081","county_name":"Queens","utility":"coned","utility_split":false,"homes":227,"homes_source":"pluto","multifamily_5plus_lots":22,"median_income":83870,"income_band":"60–100k","low_income_share":0.54,"median_year_built":1948,"pre1980":0.99,"owner":0.26,"fuel":{"gas":0.72,"propane":0.02,"electric":0.07,"oil":0.15,"other":0,"none":0.04},"dac":false,"dac_share":0,"score":54,"parts":{"volume":20.3,"fuel":9.7,"age":19.8,"owner":4,"incentive":0},"gaps":[]}},{"type":"Feature","geometry":{"type":"Polygon","coordinates":[[[-73.89854,40.75417],[-73.89874,40.75415],[-73.89793,40.75294],[-73.89768,40.7524],[-73.89726,40.75033],[-73.89636,40.74877],[-73.89241,40.74713],[-73.89373,40.75468],[-73.89854,40.75417]]]},"properties":{"geoid":"36081029100","county":"081","county_name":"Queens","utility":"coned","utility_split":false,"homes":366,"homes_source":"pluto","multifamily_5plus_lots":62,"median_income":53384,"income_band":"<60k","low_income_share":0.75,"median_year_built":1952,"pre1980":0.89,"owner":0.32,"fuel":{"gas":0.77,"propane":0.04,"electric":0.04,"oil":0.13,"other":0,"none":0.02},"dac":false,"dac_share":0,"score":54,"parts":{"volume":22.1,"fuel":9.6,"age":17.8,"owner":4.8,"incentive":0},"gaps":[]}},{"type":"Feature","geometry":{"type":"Polygon","coordinates":[[[-73.79187,40.71379],[-73.7914,40.71302],[-73.79009,40.71334],[-73.78861,40.71347],[-73.78745,40.71368],[-73.7875,40.71411],[-73.78729,40.71466],[-73.78681,40.71517],[-73.78622,40.71561],[-73.78554,40.71596],[-73.78474,40.71624],[-73.78392,40.71639],[-73.78314,40.71643],[-73.78394,40.71826],[-73.78435,40.71968],[-73.78505,40.71958],[-73.78499,40.71997],[-73.78864,40.71931],[-73.79071,40.71927],[-73.7909,40.71888],[-73.78982,40.71892],[-73.78884,40.71874],[-73.78826,40.71841],[-73.78776,40.71784],[-73.78855,40.71726],[-73.78835,40.71652],[-73.78842,40.71576],[-73.78926,40.7147],[-73.79031,40.71423],[-73.79187,40.71379]]]},"properties":{"geoid":"36081046400","county":"081","county_name":"Queens","utility":"coned","utility_split":false,"homes":189,"homes_source":"pluto","multifamily_5plus_lots":6,"median_income":118472,"income_band":"100–150k","low_income_share":0.4,"median_year_built":1944,"pre1980":0.87,"owner":0.6,"fuel":{"gas":0.86,"propane":0,"electric":0.05,"oil":0.09,"other":0,"none":0},"dac":false,"dac_share":0,"score":54,"parts":{"volume":19.6,"fuel":8.2,"age":17.5,"owner":9,"incentive":0},"gaps":[]}},{"type":"Feature","geometry":{"type":"Polygon","coordinates":[[[-73.89137,40.73606],[-73.89138,40.73592],[-73.88961,40.73594],[-73.88936,40.73584],[-73.88857,40.73459],[-73.88751,40.73422],[-73.88689,40.7341],[-73.88506,40.73398],[-73.88381,40.73356],[-73.88353,40.73385],[-73.87751,40.73161],[-73.8774,40.73169],[-73.87832,40.73205],[-73.87708,40.73291],[-73.88066,40.73572],[-73.88051,40.73575],[-73.88035,40.73714],[-73.88287,40.73761],[-73.88179,40.73781],[-73.88725,40.73884],[-73.88754,40.73676],[-73.89137,40.73606]]]},"properties":{"geoid":"36081047900","county":"081","county_name":"Queens","utility":"coned","utility_split":false,"homes":722,"homes_source":"pluto","multifamily_5plus_lots":21,"median_income":87515,"income_band":"60–100k","low_income_share":0.59,"median_year_built":1955,"pre1980":0.81,"owner":0.31,"fuel":{"gas":0.86,"propane":0.02,"electric":0.04,"oil":0.07,"other":0,"none":0.01},"dac":false,"dac_share":0,"score":54,"parts":{"volume":24.6,"fuel":8.1,"age":16.1,"owner":4.7,"incentive":0},"gaps":[]}},{"type":"Feature","geometry":{"type":"Polygon","coordinates":[[[-73.89468,40.74023],[-73.88179,40.73781],[-73.87743,40.7386],[-73.87792,40.73939],[-73.87849,40.73993],[-73.881,40.74184],[-73.88294,40.74161],[-73.88283,40.74099],[-73.88551,40.74017],[-73.88573,40.74129],[-73.89468,40.74023]]]},"properties":{"geoid":"36081048500","county":"081","county_name":"Queens","utility":"coned","utility_split":false,"homes":367,"homes_source":"pluto","multifamily_5plus_lots":31,"median_income":77614,"income_band":"60–100k","low_income_share":0.6,"median_year_built":1958,"pre1980":0.72,"owner":0.52,"fuel":{"gas":0.68,"propane":0.08,"electric":0.11,"oil":0.1,"other":0.01,"none":0.04},"dac":false,"dac_share":0,"score":54,"parts":{"volume":22.1,"fuel":10,"age":14.4,"owner":7.8,"incentive":0},"gaps":[]}},{"type":"Feature","geometry":{"type":"Polygon","coordinates":[[[-73.9073,40.72729],[-73.90741,40.72721],[-73.90549,40.72605],[-73.90486,40.7258],[-73.90421,40.72576],[-73.90457,40.72301],[-73.90181,40.7228],[-73.90011,40.7233],[-73.89903,40.72384],[-73.89835,40.72311],[-73.89582,40.7239],[-73.8957,40.72341],[-73.89451,40.72313],[-73.89411,40.72321],[-73.89468,40.725],[-73.89497,40.72541],[-73.9037,40.72621],[-73.90531,40.72663],[-73.90632,40.72705],[-73.90707,40.72747],[-73.9073,40.72729]]]},"properties":{"geoid":"36081051700","county":"081","county_name":"Queens","utility":"coned","utility_split":false,"homes":393,"homes_source":"pluto","multifamily_5plus_lots":7,"median_income":113125,"income_band":"100–150k","low_income_share":0.42,"median_year_built":1938,"pre1980":0.82,"owner":0.5,"fuel":{"gas":0.88,"propane":0.02,"electric":0.04,"oil":0.04,"other":0,"none":0.02},"dac":false,"dac_share":0,"score":54,"parts":{"volume":22.3,"fuel":7.5,"age":16.4,"owner":7.5,"incentive":0},"gaps":[]}},{"type":"Feature","geometry":{"type":"Polygon","coordinates":[[[-73.92404,40.71401],[-73.92223,40.71285],[-73.92169,40.71189],[-73.92155,40.71104],[-73.92075,40.71053],[-73.92189,40.7094],[-73.91551,40.70563],[-73.91229,40.70878],[-73.91675,40.7114],[-73.91467,40.71344],[-73.92404,40.71401]]]},"properties":{"geoid":"36081053901","county":"081","county_name":"Queens","utility":"coned","utility_split":false,"homes":581,"homes_source":"pluto","multifamily_5plus_lots":54,"median_income":91027,"income_band":"60–100k","low_income_share":0.62,"median_year_built":1949,"pre1980":0.77,"owner":0.35,"fuel":{"gas":0.64,"propane":0.07,"electric":0.19,"oil":0.03,"other":0.03,"none":0.04},"dac":false,"dac_share":0,"score":54,"parts":{"volume":23.8,"fuel":9.2,"age":15.3,"owner":5.3,"incentive":0},"gaps":[]}},{"type":"Feature","geometry":{"type":"Polygon","coordinates":[[[-73.90249,40.70048],[-73.90295,40.70001],[-73.9001,40.69832],[-73.90122,40.69717],[-73.9005,40.69674],[-73.89889,40.69539],[-73.89838,40.69614],[-73.89677,40.6968],[-73.89559,40.69713],[-73.89578,40.69851],[-73.89485,40.69859],[-73.895,40.69971],[-73.89384,40.70086],[-73.89798,40.70052],[-73.90249,40.70048]]]},"properties":{"geoid":"36081055700","county":"081","county_name":"Queens","utility":"coned","utility_split":false,"homes":351,"homes_source":"pluto","multifamily_5plus_lots":81,"median_income":101636,"income_band":"100–150k","low_income_share":0.47,"median_year_built":1938,"pre1980":0.9,"owner":0.21,"fuel":{"gas":0.57,"propane":0.08,"electric":0.14,"oil":0.15,"other":0,"none":0.06},"dac":false,"dac_share":0,"score":54,"parts":{"volume":21.9,"fuel":11,"age":18,"owner":3.1,"incentive":0},"gaps":[]}},{"type":"Feature","geometry":{"type":"Polygon","coordinates":[[[-73.89633,40.70527],[-73.89569,40.70396],[-73.89496,40.7019],[-73.89439,40.70078],[-73.89384,40.70086],[-73.89274,40.70185],[-73.89297,40.70214],[-73.89344,40.70219],[-73.89248,40.70337],[-73.89133,40.70509],[-73.89181,40.7064],[-73.89633,40.70527]]]},"properties":{"geoid":"36081058100","county":"081","county_name":"Queens","utility":"coned","utility_split":false,"homes":316,"homes_source":"pluto","multifamily_5plus_lots":32,"median_income":78950,"income_band":"60–100k","low_income_share":0.64,"median_year_built":1938,"pre1980":0.96,"owner":0.31,"fuel":{"gas":0.74,"propane":0.03,"electric":0.06,"oil":0.09,"other":0,"none":0.09},"dac":false,"dac_share":0,"score":54,"parts":{"volume":21.5,"fuel":8.3,"age":19.3,"owner":4.7,"incentive":0},"gaps":[]}},{"type":"Feature","geometry":{"type":"Polygon","coordinates":[[[-73.91289,40.7154],[-73.91016,40.71382],[-73.91078,40.71319],[-73.90538,40.71288],[-73.90639,40.71736],[-73.90696,40.7173],[-73.90943,40.71758],[-73.90966,40.71779],[-73.91004,40.71758],[-73.91014,40.71768],[-73.91058,40.71745],[-73.91148,40.71669],[-73.91225,40.7159],[-73.91289,40.7154]]]},"properties":{"geoid":"36081059502","county":"081","county_name":"Queens","utility":"coned","utility_split":false,"homes":394,"homes_source":"pluto","multifamily_5plus_lots":8,"median_income":75833,"income_band":"60–100k","low_income_share":0.79,"median_year_built":1950,"pre1980":0.89,"owner":0.36,"fuel":{"gas":0.82,"propane":0.02,"electric":0.07,"oil":0.09,"other":0,"none":0},"dac":false,"dac_share":0,"score":54,"parts":{"volume":22.4,"fuel":8.8,"age":17.8,"owner":5.4,"incentive":0},"gaps":[]}},{"type":"Feature","geometry":{"type":"Polygon","coordinates":[[[-73.88097,40.70637],[-73.88123,40.70637],[-73.88088,40.70619],[-73.87917,40.70208],[-73.87543,40.70237],[-73.87722,40.70669],[-73.88097,40.70637]]]},"properties":{"geoid":"36081062300","county":"081","county_name":"Queens","utility":"coned","utility_split":false,"homes":369,"homes_source":"pluto","multifamily_5plus_lots":6,"median_income":77563,"income_band":"60–100k","low_income_share":0.66,"median_year_built":1938,"pre1980":0.89,"owner":0.39,"fuel":{"gas":0.85,"propane":0.04,"electric":0,"oil":0.1,"other":0,"none":0.02},"dac":false,"dac_share":0,"score":54,"parts":{"volume":22.1,"fuel":8.6,"age":17.8,"owner":5.8,"incentive":0},"gaps":[]}},{"type":"Feature","geometry":{"type":"Polygon","coordinates":[[[-73.85252,40.73362],[-73.85079,40.73029],[-73.85025,40.72966],[-73.84599,40.73095],[-73.84805,40.73497],[-73.85252,40.73362]]]},"properties":{"geoid":"36081074300","county":"081","county_name":"Queens","utility":"coned","utility_split":false,"homes":308,"homes_source":"pluto","multifamily_5plus_lots":12,"median_income":66972,"income_band":"60–100k","low_income_share":0.68,"median_year_built":1954,"pre1980":0.87,"owner":0.44,"fuel":{"gas":0.68,"propane":0.04,"electric":0.11,"oil":0.1,"other":0.01,"none":0.06},"dac":false,"dac_share":0,"score":54,"parts":{"volume":21.4,"fuel":9.1,"age":17.3,"owner":6.6,"incentive":0},"gaps":[]}},{"type":"Feature","geometry":{"type":"Polygon","coordinates":[[[-73.8313,40.74583],[-73.83142,40.74513],[-73.82942,40.74493],[-73.8293,40.74563],[-73.82729,40.74544],[-73.82741,40.74474],[-73.82426,40.74442],[-73.82341,40.74584],[-73.82326,40.74753],[-73.82399,40.74786],[-73.82599,40.74831],[-73.82584,40.74935],[-73.82724,40.74986],[-73.82766,40.74986],[-73.82827,40.74968],[-73.82923,40.74926],[-73.83061,40.74903],[-73.83074,40.74807],[-73.83093,40.7481],[-73.8313,40.74583]]]},"properties":{"geoid":"36081079900","county":"081","county_name":"Queens","utility":"coned","utility_split":false,"homes":524,"homes_source":"pluto","multifamily_5plus_lots":12,"median_income":48980,"income_band":"<60k","low_income_share":0.74,"median_year_built":1955,"pre1980":0.71,"owner":0.41,"fuel":{"gas":0.75,"propane":0.08,"electric":0.05,"oil":0.12,"other":0,"none":0},"dac":false,"dac_share":0,"score":54,"parts":{"volume":23.4,"fuel":10.2,"age":14.2,"owner":6.1,"incentive":0},"gaps":[]}},{"type":"Feature","geometry":{"type":"Polygon","coordinates":[[[-73.83368,40.75632],[-73.8331,40.75466],[-73.83075,40.75574],[-73.82996,40.75477],[-73.82828,40.75539],[-73.82947,40.75819],[-73.83368,40.75632]]]},"properties":{"geoid":"36081084902","county":"081","county_name":"Queens","utility":"coned","utility_split":false,"homes":51,"homes_source":"pluto","multifamily_5plus_lots":59,"median_income":40901,"income_band":"<60k","low_income_share":0.8,"median_year_built":1972,"pre1980":0.56,"owner":0.26,"fuel":{"gas":0.7,"propane":0.01,"electric":0.22,"oil":0.05,"other":0.01,"none":0},"dac":true,"dac_share":1,"score":54,"parts":{"volume":14.8,"fuel":9,"age":11.3,"owner":3.8,"incentive":15},"gaps":[]}},{"type":"Feature","geometry":{"type":"Polygon","coordinates":[[[-73.77237,40.60709],[-73.77261,40.60296],[-73.77116,40.5983],[-73.77037,40.59809],[-73.76989,40.59812],[-73.76948,40.59826],[-73.76819,40.59782],[-73.76807,40.59791],[-73.76772,40.59626],[-73.76742,40.59631],[-73.76716,40.59671],[-73.76719,40.5974],[-73.76696,40.59797],[-73.76662,40.59835],[-73.766,40.59872],[-73.76654,40.59943],[-73.76445,40.60043],[-73.76387,40.59973],[-73.76164,40.60078],[-73.76089,40.60138],[-73.76053,40.60185],[-73.7604,40.60243],[-73.76095,40.60645],[-73.76269,40.60665],[-73.7695,40.60711],[-73.76992,40.6066],[-73.77237,40.6073],[-73.77237,40.60709]]]},"properties":{"geoid":"36081100804","county":"081","county_name":"Queens","utility":"psegli","utility_split":false,"homes":626,"homes_source":"pluto","multifamily_5plus_lots":3,"median_income":106235,"income_band":"100–150k","low_income_share":0.47,"median_year_built":1969,"pre1980":0.53,"owner":0.53,"fuel":{"gas":0.77,"propane":0,"electric":0.15,"oil":0.05,"other":0,"none":0.02},"dac":false,"dac_share":0,"score":54,"parts":{"volume":24.1,"fuel":8.2,"age":10.6,"owner":7.9,"incentive":3.5},"gaps":[]}},{"type":"Feature","geometry":{"type":"Polygon","coordinates":[[[-73.81109,40.76399],[-73.81123,40.76304],[-73.80929,40.76288],[-73.80933,40.76252],[-73.80749,40.76234],[-73.80768,40.76096],[-73.804,40.76027],[-73.8003,40.7597],[-73.80119,40.7602],[-73.80101,40.76145],[-73.80194,40.76154],[-73.80192,40.76166],[-73.80208,40.76175],[-73.80189,40.7619],[-73.80143,40.76529],[-73.81082,40.76603],[-73.81109,40.76399]]]},"properties":{"geoid":"36081117100","county":"081","county_name":"Queens","utility":"coned","utility_split":false,"homes":368,"homes_source":"pluto","multifamily_5plus_lots":22,"median_income":78856,"income_band":"60–100k","low_income_share":0.71,"median_year_built":1956,"pre1980":0.75,"owner":0.36,"fuel":{"gas":0.59,"propane":0.07,"electric":0.14,"oil":0.18,"other":0,"none":0.02},"dac":false,"dac_share":0,"score":54,"parts":{"volume":22.1,"fuel":11.6,"age":15,"owner":5.4,"incentive":0},"gaps":[]}},{"type":"Feature","geometry":{"type":"Polygon","coordinates":[[[-73.81654,40.74826],[-73.81416,40.74614],[-73.80751,40.75014],[-73.81151,40.75045],[-73.81192,40.75129],[-73.81654,40.74826]]]},"properties":{"geoid":"36081120300","county":"081","county_name":"Queens","utility":"coned","utility_split":false,"homes":327,"homes_source":"pluto","multifamily_5plus_lots":0,"median_income":61000,"income_band":"60–100k","low_income_share":0.68,"median_year_built":1938,"pre1980":0.89,"owner":0.54,"fuel":{"gas":0.93,"propane":0.01,"electric":0.06,"oil":0,"other":0,"none":0},"dac":false,"dac_share":0,"score":54,"parts":{"volume":21.7,"fuel":6.8,"age":17.8,"owner":8.1,"incentive":0},"gaps":[]}},{"type":"Feature","geometry":{"type":"Polygon","coordinates":[[[-73.78379,40.73496],[-73.78388,40.73487],[-73.78303,40.73313],[-73.77863,40.73456],[-73.77286,40.73628],[-73.77329,40.7373],[-73.77426,40.74012],[-73.77576,40.74337],[-73.78041,40.74263],[-73.78313,40.7419],[-73.78301,40.74159],[-73.78208,40.74185],[-73.78188,40.74143],[-73.78244,40.74122],[-73.7821,40.74041],[-73.78222,40.74008],[-73.78163,40.73904],[-73.78085,40.73922],[-73.7804,40.73831],[-73.78161,40.73798],[-73.78078,40.73628],[-73.78103,40.73619],[-73.78104,40.73609],[-73.78375,40.73535],[-73.78371,40.73513],[-73.78379,40.73496]]]},"properties":{"geoid":"36081134702","county":"081","county_name":"Queens","utility":"coned","utility_split":false,"homes":230,"homes_source":"pluto","multifamily_5plus_lots":6,"median_income":84031,"income_band":"60–100k","low_income_share":0.6,"median_year_built":1950,"pre1980":0.97,"owner":0.27,"fuel":{"gas":0.64,"propane":0.05,"electric":0.09,"oil":0.1,"other":0.1,"none":0.02},"dac":false,"dac_share":0,"score":54,"parts":{"volume":20.4,"fuel":10.1,"age":19.4,"owner":4.1,"incentive":0},"gaps":[]}},{"type":"Feature","geometry":{"type":"Polygon","coordinates":[[[-73.8641,40.68237],[-73.86379,40.68111],[-73.84937,40.68523],[-73.84995,40.6864],[-73.8641,40.68237]]]},"properties":{"geoid":"36081003600","county":"081","county_name":"Queens","utility":"coned","utility_split":false,"homes":489,"homes_source":"pluto","multifamily_5plus_lots":7,"median_income":64459,"income_band":"60–100k","low_income_share":0.64,"median_year_built":1938,"pre1980":0.81,"owner":0.44,"fuel":{"gas":0.89,"propane":0,"electric":0.07,"oil":0,"other":0.03,"none":0},"dac":false,"dac_share":0,"score":53,"parts":{"volume":23.2,"fuel":6.9,"age":16.2,"owner":6.6,"incentive":0},"gaps":[]}},{"type":"Feature","geometry":{"type":"Polygon","coordinates":[[[-73.84156,40.7011],[-73.84028,40.70094],[-73.83976,40.70011],[-73.83892,40.69843],[-73.83805,40.69869],[-73.83717,40.69687],[-73.8364,40.69741],[-73.83484,40.69827],[-73.83655,40.70171],[-73.83742,40.70145],[-73.83807,40.70272],[-73.83741,40.70322],[-73.83662,40.70342],[-73.83696,40.70421],[-73.83843,40.70339],[-73.83948,40.70269],[-73.84156,40.7011]]]},"properties":{"geoid":"36081013000","county":"081","county_name":"Queens","utility":"coned","utility_split":false,"homes":284,"homes_source":"pluto","multifamily_5plus_lots":2,"median_income":82708,"income_band":"60–100k","low_income_share":0.53,"median_year_built":1938,"pre1980":0.98,"owner":0.38,"fuel":{"gas":0.57,"propane":0.03,"electric":0.09,"oil":0.03,"other":0.03,"none":0.25},"dac":false,"dac_share":0,"score":53,"parts":{"volume":21.1,"fuel":6.5,"age":19.6,"owner":5.7,"incentive":0},"gaps":[]}},{"type":"Feature","geometry":{"type":"Polygon","coordinates":[[[-73.8381,40.70631],[-73.83796,40.70579],[-73.83696,40.70421],[-73.83662,40.70342],[-73.83605,40.70341],[-73.83557,40.70368],[-73.8346,40.70393],[-73.83392,40.70235],[-73.83213,40.70279],[-73.83282,40.70437],[-73.83283,40.70466],[-73.83259,40.70498],[-73.83205,40.70526],[-73.83185,40.70546],[-73.83171,40.70579],[-73.83176,40.70614],[-73.83498,40.7071],[-73.83715,40.70796],[-73.83798,40.70675],[-73.8381,40.70631]]]},"properties":{"geoid":"36081013400","county":"081","county_name":"Queens","utility":"coned","utility_split":false,"homes":114,"homes_source":"pluto","multifamily_5plus_lots":44,"median_income":77073,"income_band":"60–100k","low_income_share":0.6,"median_year_built":1943,"pre1980":0.93,"owner":0.37,"fuel":{"gas":0.65,"propane":0.03,"electric":0.08,"oil":0.21,"other":0.02,"none":0.01},"dac":false,"dac_share":0,"score":53,"parts":{"volume":17.7,"fuel":11.3,"age":18.7,"owner":5.5,"incentive":0},"gaps":[]}},{"type":"Feature","geometry":{"type":"Polygon","coordinates":[[[-73.91075,40.76901],[-73.91094,40.76885],[-73.90577,40.76803],[-73.90414,40.76752],[-73.90251,40.76749],[-73.90066,40.76721],[-73.90048,40.76742],[-73.90051,40.76757],[-73.89962,40.7683],[-73.90319,40.77082],[-73.90533,40.76904],[-73.90822,40.77109],[-73.91075,40.76901]]]},"properties":{"geoid":"36081013700","county":"081","county_name":"Queens","utility":"coned","utility_split":false,"homes":234,"homes_source":"pluto","multifamily_5plus_lots":17,"median_income":108056,"income_band":"100–150k","low_income_share":0.43,"median_year_built":1956,"pre1980":0.78,"owner":0.21,"fuel":{"gas":0.46,"propane":0.1,"electric":0.19,"oil":0.25,"other":0,"none":0},"dac":false,"dac_share":0,"score":53,"parts":{"volume":20.4,"fuel":14.1,"age":15.7,"owner":3.1,"incentive":0},"gaps":[]}},{"type":"Feature","geometry":{"type":"Polygon","coordinates":[[[-73.83283,40.70466],[-73.83282,40.70437],[-73.83152,40.70139],[-73.82246,40.70366],[-73.82344,40.7038],[-73.82481,40.70416],[-73.83176,40.70614],[-73.83171,40.70579],[-73.83185,40.70546],[-73.83205,40.70526],[-73.83259,40.70498],[-73.83283,40.70466]]]},"properties":{"geoid":"36081014000","county":"081","county_name":"Queens","utility":"coned","utility_split":false,"homes":382,"homes_source":"pluto","multifamily_5plus_lots":27,"median_income":117631,"income_band":"100–150k","low_income_share":0.43,"median_year_built":1951,"pre1980":0.84,"owner":0.36,"fuel":{"gas":0.78,"propane":0.01,"electric":0.09,"oil":0.08,"other":0.02,"none":0.02},"dac":false,"dac_share":0,"score":53,"parts":{"volume":22.2,"fuel":8.5,"age":16.7,"owner":5.3,"incentive":0},"gaps":[]}},{"type":"Feature","geometry":{"type":"Polygon","coordinates":[[[-73.9166,40.75785],[-73.91261,40.75597],[-73.91068,40.75832],[-73.9147,40.76019],[-73.9166,40.75785]]]},"properties":{"geoid":"36081015300","county":"081","county_name":"Queens","utility":"coned","utility_split":false,"homes":257,"homes_source":"pluto","multifamily_5plus_lots":31,"median_income":88636,"income_band":"60–100k","low_income_share":0.57,"median_year_built":1942,"pre1980":0.89,"owner":0.21,"fuel":{"gas":0.64,"propane":0.03,"electric":0.13,"oil":0.17,"other":0.03,"none":0},"dac":false,"dac_share":0,"score":53,"parts":{"volume":20.8,"fuel":11,"age":17.7,"owner":3.1,"incentive":0},"gaps":[]}},{"type":"Feature","geometry":{"type":"Polygon","coordinates":[[[-73.92511,40.73953],[-73.9254,40.73811],[-73.91984,40.73746],[-73.91947,40.73931],[-73.92503,40.73996],[-73.92511,40.73953]]]},"properties":{"geoid":"36081018501","county":"081","county_name":"Queens","utility":"coned","utility_split":false,"homes":134,"homes_source":"pluto","multifamily_5plus_lots":43,"median_income":88027,"income_band":"60–100k","low_income_share":0.6,"median_year_built":1941,"pre1980":0.98,"owner":0.45,"fuel":{"gas":0.78,"propane":0.02,"electric":0.06,"oil":0.09,"other":0.01,"none":0.03},"dac":false,"dac_share":0,"score":53,"parts":{"volume":18.3,"fuel":8.7,"age":19.6,"owner":6.7,"incentive":0},"gaps":[]}},{"type":"Feature","geometry":{"type":"Polygon","coordinates":[[[-73.81642,40.70987],[-73.81597,40.70963],[-73.81561,40.70955],[-73.81342,40.70971],[-73.81306,40.70698],[-73.81216,40.70705],[-73.81201,40.70595],[-73.80695,40.70737],[-73.80762,40.70873],[-73.8089,40.7106],[-73.80903,40.71116],[-73.80983,40.71281],[-73.81056,40.71263],[-73.81243,40.71264],[-73.81244,40.71288],[-73.81375,40.7128],[-73.81426,40.71267],[-73.81401,40.71219],[-73.81409,40.71189],[-73.81443,40.71157],[-73.8142,40.71104],[-73.81472,40.71102],[-73.81543,40.71079],[-73.81575,40.71057],[-73.81642,40.70987]]]},"properties":{"geoid":"36081023200","county":"081","county_name":"Queens","utility":"coned","utility_split":false,"homes":423,"homes_source":"pluto","multifamily_5plus_lots":20,"median_income":102386,"income_band":"100–150k","low_income_share":0.49,"median_year_built":1953,"pre1980":0.76,"owner":0.38,"fuel":{"gas":0.75,"propane":0.01,"electric":0.06,"oil":0.17,"other":0,"none":0.01},"dac":false,"dac_share":0,"score":53,"parts":{"volume":22.6,"fuel":9.9,"age":15.1,"owner":5.6,"incentive":0},"gaps":[]}},{"type":"Feature","geometry":{"type":"Polygon","coordinates":[[[-73.79043,40.69691],[-73.79125,40.69656],[-73.78893,40.6934],[-73.78277,40.69599],[-73.78476,40.69747],[-73.7869,40.69839],[-73.79043,40.69691]]]},"properties":{"geoid":"36081025800","county":"081","county_name":"Queens","utility":"coned","utility_split":false,"homes":374,"homes_source":"pluto","multifamily_5plus_lots":2,"median_income":107442,"income_band":"100–150k","low_income_share":0.37,"median_year_built":1938,"pre1980":0.69,"owner":0.66,"fuel":{"gas":0.92,"propane":0.02,"electric":0.01,"oil":0.04,"other":0.02,"none":0},"dac":false,"dac_share":0,"score":53,"parts":{"volume":22.2,"fuel":7.5,"age":13.8,"owner":9.9,"incentive":0},"gaps":[]}},{"type":"Feature","geometry":{"type":"Polygon","coordinates":[[[-73.88211,40.74346],[-73.88263,40.74279],[-73.881,40.74184],[-73.87925,40.74376],[-73.8779,40.74559],[-73.87982,40.74644],[-73.88211,40.74346]]]},"properties":{"geoid":"36081027101","county":"081","county_name":"Queens","utility":"coned","utility_split":false,"homes":124,"homes_source":"pluto","multifamily_5plus_lots":34,"median_income":54568,"income_band":"<60k","low_income_share":0.75,"median_year_built":1953,"pre1980":0.91,"owner":0.31,"fuel":{"gas":0.5,"propane":0.05,"electric":0.07,"oil":0.28,"other":0,"none":0.1},"dac":false,"dac_share":0,"score":53,"parts":{"volume":18.1,"fuel":12.1,"age":18.2,"owner":4.6,"incentive":0},"gaps":[]}},{"type":"Feature","geometry":{"type":"Polygon","coordinates":[[[-73.77383,40.65965],[-73.76439,40.65456],[-73.76175,40.65633],[-73.76118,40.65801],[-73.76007,40.65784],[-73.75982,40.65935],[-73.76001,40.65985],[-73.76084,40.66102],[-73.76091,40.66117],[-73.76087,40.66146],[-73.76075,40.66173],[-73.75964,40.66338],[-73.75911,40.66367],[-73.75763,40.66645],[-73.76675,40.66743],[-73.7678,40.66529],[-73.76859,40.66402],[-73.77145,40.66063],[-73.77383,40.65965]]]},"properties":{"geoid":"36081032000","county":"081","county_name":"Queens","utility":"coned","utility_split":false,"homes":740,"homes_source":"pluto","multifamily_5plus_lots":1,"median_income":100417,"income_band":"100–150k","low_income_share":0.5,"median_year_built":1982,"pre1980":0.46,"owner":0.66,"fuel":{"gas":0.73,"propane":0.01,"electric":0.18,"oil":0.07,"other":0.01,"none":0},"dac":false,"dac_share":0,"score":53,"parts":{"volume":24.7,"fuel":9,"age":9.2,"owner":9.9,"incentive":0},"gaps":[]}},{"type":"Feature","geometry":{"type":"Polygon","coordinates":[[[-73.80646,40.71206],[-73.80627,40.71125],[-73.80501,40.70947],[-73.80367,40.70874],[-73.80302,40.70814],[-73.80193,40.70891],[-73.8016,40.70955],[-73.80141,40.70969],[-73.7987,40.71066],[-73.80039,40.71294],[-73.80123,40.71422],[-73.80211,40.71393],[-73.80138,40.71267],[-73.80646,40.71206]]]},"properties":{"geoid":"36081044800","county":"081","county_name":"Queens","utility":"coned","utility_split":false,"homes":304,"homes_source":"pluto","multifamily_5plus_lots":10,"median_income":72371,"income_band":"60–100k","low_income_share":0.56,"median_year_built":1947,"pre1980":0.85,"owner":0.34,"fuel":{"gas":0.79,"propane":0.01,"electric":0.04,"oil":0.13,"other":0.01,"none":0.01},"dac":false,"dac_share":0,"score":53,"parts":{"volume":21.4,"fuel":9.3,"age":17.1,"owner":5.1,"incentive":0},"gaps":[]}},{"type":"Feature","geometry":{"type":"Polygon","coordinates":[[[-73.7987,40.71066],[-73.79777,40.70914],[-73.79473,40.71001],[-73.79304,40.71071],[-73.79301,40.71177],[-73.79321,40.71261],[-73.7939,40.71237],[-73.79647,40.71759],[-73.79796,40.71716],[-73.79714,40.71488],[-73.7965,40.71355],[-73.79701,40.7134],[-73.79726,40.71316],[-73.79834,40.71291],[-73.79792,40.71158],[-73.79781,40.71098],[-73.7987,40.71066]]]},"properties":{"geoid":"36081045400","county":"081","county_name":"Queens","utility":"coned","utility_split":false,"homes":326,"homes_source":"pluto","multifamily_5plus_lots":12,"median_income":84100,"income_band":"60–100k","low_income_share":0.53,"median_year_built":1963,"pre1980":0.86,"owner":0.47,"fuel":{"gas":0.85,"propane":0.02,"electric":0.09,"oil":0.03,"other":0,"none":0.02},"dac":false,"dac_share":0,"score":53,"parts":{"volume":21.7,"fuel":7.5,"age":17.1,"owner":7,"incentive":0},"gaps":[]}},{"type":"Feature","geometry":{"type":"Polygon","coordinates":[[[-73.87357,40.73812],[-73.87266,40.73574],[-73.8721,40.73599],[-73.87009,40.73652],[-73.8661,40.73725],[-73.86704,40.73957],[-73.87357,40.73812]]]},"properties":{"geoid":"36081045700","county":"081","county_name":"Queens","utility":"coned","utility_split":false,"homes":356,"homes_source":"pluto","multifamily_5plus_lots":16,"median_income":82176,"income_band":"60–100k","low_income_share":0.59,"median_year_built":1953,"pre1980":0.89,"owner":0.32,"fuel":{"gas":0.81,"propane":0.02,"electric":0.11,"oil":0.05,"other":0,"none":0.01},"dac":false,"dac_share":0,"score":53,"parts":{"volume":22,"fuel":8.2,"age":17.9,"owner":4.8,"incentive":0},"gaps":[]}},{"type":"Feature","geometry":{"type":"Polygon","coordinates":[[[-73.87436,40.74016],[-73.87357,40.73812],[-73.86704,40.73957],[-73.86756,40.74094],[-73.86756,40.74168],[-73.87436,40.74016]]]},"properties":{"geoid":"36081045900","county":"081","county_name":"Queens","utility":"coned","utility_split":false,"homes":371,"homes_source":"pluto","multifamily_5plus_lots":29,"median_income":72279,"income_band":"60–100k","low_income_share":0.62,"median_year_built":1954,"pre1980":0.81,"owner":0.41,"fuel":{"gas":0.85,"propane":0.02,"electric":0.01,"oil":0.1,"other":0.01,"none":0.01},"dac":false,"dac_share":0,"score":53,"parts":{"volume":22.1,"fuel":8.6,"age":16.2,"owner":6.1,"incentive":0},"gaps":[]}},{"type":"Feature","geometry":{"type":"Polygon","coordinates":[[[-73.76664,40.71765],[-73.76571,40.71639],[-73.75833,40.71958],[-73.75944,40.72106],[-73.76447,40.71889],[-73.76664,40.71765]]]},"properties":{"geoid":"36081047802","county":"081","county_name":"Queens","utility":"coned","utility_split":false,"homes":276,"homes_source":"pluto","multifamily_5plus_lots":2,"median_income":116198,"income_band":"100–150k","low_income_share":0.47,"median_year_built":1938,"pre1980":0.74,"owner":0.58,"fuel":{"gas":0.89,"propane":0.04,"electric":0,"oil":0.05,"other":0.02,"none":0},"dac":false,"dac_share":0,"score":53,"parts":{"volume":21,"fuel":8.1,"age":14.8,"owner":8.7,"incentive":0},"gaps":[]}},{"type":"Feature","geometry":{"type":"Polygon","coordinates":[[[-73.87796,40.72977],[-73.87748,40.72928],[-73.87471,40.72709],[-73.87378,40.72752],[-73.87143,40.72925],[-73.87524,40.73072],[-73.87634,40.7304],[-73.87796,40.72977]]]},"properties":{"geoid":"36081050500","county":"081","county_name":"Queens","utility":"coned","utility_split":false,"homes":264,"homes_source":"pluto","multifamily_5plus_lots":15,"median_income":113438,"income_band":"100–150k","low_income_share":0.42,"median_year_built":1960,"pre1980":0.83,"owner":0.46,"fuel":{"gas":0.79,"propane":0.07,"electric":0.07,"oil":0.02,"other":0.01,"none":0.03},"dac":false,"dac_share":0,"score":53,"parts":{"volume":20.9,"fuel":8.4,"age":16.5,"owner":6.9,"incentive":0},"gaps":[]}},{"type":"Feature","geometry":{"type":"Polygon","coordinates":[[[-73.907,40.70931],[-73.90403,40.70755],[-73.90365,40.70785],[-73.89845,40.70904],[-73.89936,40.71032],[-73.9006,40.7127],[-73.90477,40.71287],[-73.90489,40.71286],[-73.90405,40.711],[-73.90564,40.71064],[-73.907,40.70931]]]},"properties":{"geoid":"36081059300","county":"081","county_name":"Queens","utility":"coned","utility_split":false,"homes":550,"homes_source":"pluto","multifamily_5plus_lots":37,"median_income":90975,"income_band":"60–100k","low_income_share":0.58,"median_year_built":1938,"pre1980":0.82,"owner":0.35,"fuel":{"gas":0.87,"propane":0.01,"electric":0.04,"oil":0.07,"other":0,"none":0.01},"dac":false,"dac_share":0,"score":53,"parts":{"volume":23.6,"fuel":7.9,"age":16.5,"owner":5.2,"incentive":0},"gaps":[]}},{"type":"Feature","geometry":{"type":"Polygon","coordinates":[[[-73.88711,40.71368],[-73.88772,40.71358],[-73.88692,40.71249],[-73.88688,40.71222],[-73.88508,40.71216],[-73.87829,40.71283],[-73.88021,40.71524],[-73.88115,40.71505],[-73.88056,40.71432],[-73.88421,40.71395],[-73.887,40.71405],[-73.88722,40.71398],[-73.88711,40.71368]]]},"properties":{"geoid":"36081065702","county":"081","county_name":"Queens","utility":"coned","utility_split":false,"homes":315,"homes_source":"pluto","multifamily_5plus_lots":12,"median_income":74821,"income_band":"60–100k","low_income_share":0.59,"median_year_built":1953,"pre1980":0.8,"owner":0.57,"fuel":{"gas":0.85,"propane":0.03,"electric":0.13,"oil":0,"other":0,"none":0},"dac":false,"dac_share":0,"score":53,"parts":{"volume":21.5,"fuel":7.5,"age":15.9,"owner":8.5,"incentive":0},"gaps":[]}},{"type":"Feature","geometry":{"type":"Polygon","coordinates":[[[-73.7609,40.66132],[-73.76084,40.66102],[-73.76001,40.65985],[-73.75982,40.65935],[-73.75744,40.65913],[-73.75396,40.65821],[-73.74858,40.65759],[-73.74782,40.65864],[-73.74833,40.65872],[-73.7526,40.66032],[-73.75211,40.66107],[-73.75911,40.66367],[-73.75964,40.66338],[-73.76075,40.66173],[-73.7609,40.66132]]]},"properties":{"geoid":"36081069000","county":"081","county_name":"Queens","utility":"coned","utility_split":false,"homes":612,"homes_source":"pluto","multifamily_5plus_lots":0,"median_income":111464,"income_band":"100–150k","low_income_share":0.4,"median_year_built":1965,"pre1980":0.7,"owner":0.52,"fuel":{"gas":0.94,"propane":0.02,"electric":0.03,"oil":0,"other":0,"none":0.01},"dac":false,"dac_share":0,"score":53,"parts":{"volume":24,"fuel":6.8,"age":14.1,"owner":7.7,"incentive":0},"gaps":[]}},{"type":"Feature","geometry":{"type":"Polygon","coordinates":[[[-73.84623,40.71787],[-73.84669,40.71716],[-73.8439,40.71597],[-73.84322,40.71614],[-73.84308,40.7161],[-73.84286,40.71599],[-73.84279,40.71577],[-73.84232,40.71559],[-73.83981,40.7196],[-73.84398,40.72146],[-73.84479,40.72016],[-73.84518,40.71971],[-73.84536,40.71925],[-73.84623,40.71787]]]},"properties":{"geoid":"36081073700","county":"081","county_name":"Queens","utility":"coned","utility_split":false,"homes":154,"homes_source":"pluto","multifamily_5plus_lots":21,"median_income":151731,"income_band":"150k+","low_income_share":0.32,"median_year_built":1938,"pre1980":0.87,"owner":0.39,"fuel":{"gas":0.66,"propane":0.03,"electric":0.12,"oil":0.18,"other":0.01,"none":0},"dac":false,"dac_share":0,"score":53,"parts":{"volume":18.9,"fuel":10.9,"age":17.4,"owner":5.8,"incentive":0},"gaps":[]}},{"type":"Feature","geometry":{"type":"Polygon","coordinates":[[[-73.84808,40.72573],[-73.84687,40.72456],[-73.84654,40.72389],[-73.84654,40.7236],[-73.84681,40.72312],[-73.84733,40.72293],[-73.84085,40.72006],[-73.84053,40.72032],[-73.84393,40.72697],[-73.84808,40.72573]]]},"properties":{"geoid":"36081073900","county":"081","county_name":"Queens","utility":"coned","utility_split":false,"homes":88,"homes_source":"pluto","multifamily_5plus_lots":31,"median_income":116815,"income_band":"100–150k","low_income_share":0.43,"median_year_built":1951,"pre1980":0.98,"owner":0.42,"fuel":{"gas":0.69,"propane":0.04,"electric":0.09,"oil":0.13,"other":0.02,"none":0.03},"dac":false,"dac_share":0,"score":53,"parts":{"volume":16.8,"fuel":10,"age":19.6,"owner":6.3,"incentive":0},"gaps":[]}},{"type":"Feature","geometry":{"type":"Polygon","coordinates":[[[-73.83595,40.74373],[-73.83593,40.7435],[-73.82708,40.74264],[-73.82538,40.74229],[-73.82426,40.74442],[-73.82741,40.74474],[-73.82729,40.74544],[-73.8293,40.74563],[-73.82942,40.74493],[-73.83142,40.74513],[-73.83093,40.7481],[-73.83074,40.74807],[-73.83061,40.74903],[-73.83092,40.74896],[-73.83116,40.7488],[-73.83129,40.74846],[-73.83125,40.74811],[-73.833,40.74783],[-73.8331,40.74799],[-73.83446,40.74711],[-73.8355,40.74533],[-73.83595,40.74373]]]},"properties":{"geoid":"36081080301","county":"081","county_name":"Queens","utility":"coned","utility_split":false,"homes":662,"homes_source":"pluto","multifamily_5plus_lots":10,"median_income":59817,"income_band":"<60k","low_income_share":0.65,"median_year_built":1959,"pre1980":0.71,"owner":0.32,"fuel":{"gas":0.7,"propane":0.05,"electric":0.06,"oil":0.15,"other":0,"none":0.04},"dac":false,"dac_share":0,"score":53,"parts":{"volume":24.3,"fuel":10.1,"age":14.1,"owner":4.8,"incentive":0},"gaps":[]}},{"type":"Feature","geometry":{"type":"Polygon","coordinates":[[[-73.82064,40.75887],[-73.81786,40.75707],[-73.8203,40.75551],[-73.81841,40.75383],[-73.81563,40.75563],[-73.81534,40.75543],[-73.81558,40.75613],[-73.81729,40.75978],[-73.82064,40.75887]]]},"properties":{"geoid":"36081086100","county":"081","county_name":"Queens","utility":"coned","utility_split":false,"homes":144,"homes_source":"pluto","multifamily_5plus_lots":21,"median_income":42026,"income_band":"<60k","low_income_share":0.77,"median_year_built":1959,"pre1980":0.78,"owner":0.5,"fuel":{"gas":0.56,"propane":0.08,"electric":0.18,"oil":0.16,"other":0.01,"none":0.02},"dac":false,"dac_share":0,"score":53,"parts":{"volume":18.6,"fuel":11.7,"age":15.7,"owner":7.4,"incentive":0},"gaps":[]}},{"type":"Feature","geometry":{"type":"Polygon","coordinates":[[[-73.78927,40.59519],[-73.78933,40.5952],[-73.78919,40.59471],[-73.78913,40.59404],[-73.78704,40.59491],[-73.78184,40.59527],[-73.78209,40.59784],[-73.78837,40.59751],[-73.78824,40.59612],[-73.78916,40.59608],[-73.78911,40.59588],[-73.78921,40.59567],[-73.78912,40.59544],[-73.78918,40.5952],[-73.78927,40.59519]]]},"properties":{"geoid":"36081097205","county":"081","county_name":"Queens","utility":"coned","utility_split":false,"homes":45,"homes_source":"acs_est","multifamily_5plus_lots":null,"median_income":21295,"income_band":"<60k","low_income_share":0.89,"median_year_built":1964,"pre1980":0.83,"owner":0,"fuel":{"gas":0.6,"propane":0.02,"electric":0.1,"oil":0.03,"other":0.04,"none":0.21},"dac":true,"dac_share":1,"score":53,"parts":{"volume":14.3,"fuel":6.7,"age":16.6,"owner":0,"incentive":15},"gaps":[]}},{"type":"Feature","geometry":{"type":"Polygon","coordinates":[[[-73.81001,40.75763],[-73.81012,40.75684],[-73.80732,40.75662],[-73.80768,40.75399],[-73.80395,40.7537],[-73.80359,40.75632],[-73.80453,40.7564],[-73.80421,40.75875],[-73.8098,40.75919],[-73.81001,40.75763]]]},"properties":{"geoid":"36081119100","county":"081","county_name":"Queens","utility":"coned","utility_split":false,"homes":481,"homes_source":"pluto","multifamily_5plus_lots":13,"median_income":68355,"income_band":"60–100k","low_income_share":0.68,"median_year_built":1956,"pre1980":0.69,"owner":0.47,"fuel":{"gas":0.81,"propane":0.04,"electric":0.04,"oil":0.11,"other":0,"none":0},"dac":false,"dac_share":0,"score":53,"parts":{"volume":23.1,"fuel":9.3,"age":13.7,"owner":7,"incentive":0},"gaps":[]}},{"type":"Feature","geometry":{"type":"Polygon","coordinates":[[[-73.94908,40.75456],[-73.94914,40.75448],[-73.94409,40.75228],[-73.94124,40.75523],[-73.94435,40.75687],[-73.94581,40.7578],[-73.94727,40.75647],[-73.94908,40.75456]]]},"properties":{"geoid":"36081002500","county":"081","county_name":"Queens","utility":"coned","utility_split":false,"homes":27,"homes_source":"acs_est","multifamily_5plus_lots":null,"median_income":26044,"income_band":"<60k","low_income_share":0.88,"median_year_built":1946,"pre1980":0.85,"owner":0.01,"fuel":{"gas":0.73,"propane":0,"electric":0.13,"oil":0.03,"other":0,"none":0.1},"dac":true,"dac_share":1,"score":52,"parts":{"volume":12.5,"fuel":7,"age":16.9,"owner":0.2,"incentive":15},"gaps":[]}},{"type":"Feature","geometry":{"type":"Polygon","coordinates":[[[-73.92805,40.76005],[-73.92166,40.75705],[-73.9198,40.75935],[-73.92619,40.76235],[-73.92805,40.76005]]]},"properties":{"geoid":"36081005900","county":"081","county_name":"Queens","utility":"coned","utility_split":false,"homes":357,"homes_source":"pluto","multifamily_5plus_lots":60,"median_income":76813,"income_band":"60–100k","low_income_share":0.59,"median_year_built":1938,"pre1980":0.95,"owner":0.06,"fuel":{"gas":0.67,"propane":0.01,"electric":0.17,"oil":0.15,"other":0,"none":0},"dac":false,"dac_share":0,"score":52,"parts":{"volume":22,"fuel":10.3,"age":18.9,"owner":0.9,"incentive":0},"gaps":[]}},{"type":"Feature","geometry":{"type":"Polygon","coordinates":[[[-73.80505,40.68898],[-73.80415,40.68839],[-73.80387,40.68847],[-73.80279,40.68753],[-73.80127,40.68868],[-73.79914,40.68718],[-73.79562,40.68866],[-73.79715,40.69041],[-73.79828,40.69193],[-73.79882,40.69248],[-73.80267,40.68963],[-73.80356,40.69024],[-73.80505,40.68898]]]},"properties":{"geoid":"36081019600","county":"081","county_name":"Queens","utility":"coned","utility_split":false,"homes":434,"homes_source":"pluto","multifamily_5plus_lots":5,"median_income":72000,"income_band":"60–100k","low_income_share":0.64,"median_year_built":1947,"pre1980":0.74,"owner":0.48,"fuel":{"gas":0.93,"propane":0,"electric":0.01,"oil":0.05,"other":0,"none":0.01},"dac":false,"dac_share":0,"score":52,"parts":{"volume":22.7,"fuel":7.2,"age":14.7,"owner":7.2,"incentive":0},"gaps":[]}},{"type":"Feature","geometry":{"type":"Polygon","coordinates":[[[-73.81163,40.70305],[-73.81153,40.70227],[-73.80905,40.70184],[-73.80793,40.70177],[-73.80633,40.70178],[-73.80551,40.70188],[-73.80444,40.70213],[-73.80413,40.70146],[-73.79992,40.70247],[-73.8002,40.70334],[-73.80166,40.70576],[-73.81163,40.70305]]]},"properties":{"geoid":"36081024000","county":"081","county_name":"Queens","utility":"coned","utility_split":false,"homes":157,"homes_source":"pluto","multifamily_5plus_lots":37,"median_income":59421,"income_band":"<60k","low_income_share":0.7,"median_year_built":1979,"pre1980":0.5,"owner":0.03,"fuel":{"gas":0.88,"propane":0,"electric":0.08,"oil":0.03,"other":0.01,"none":0},"dac":true,"dac_share":1,"score":52,"parts":{"volume":18.9,"fuel":7.4,"age":10.1,"owner":0.5,"incentive":15},"gaps":[]}},{"type":"Feature","geometry":{"type":"Polygon","coordinates":[[[-73.90926,40.7364],[-73.90929,40.73633],[-73.90789,40.73653],[-73.90671,40.73685],[-73.90294,40.7384],[-73.90271,40.73863],[-73.90174,40.73898],[-73.9008,40.73945],[-73.89915,40.74067],[-73.90756,40.74166],[-73.90832,40.73863],[-73.90856,40.73793],[-73.90926,40.7364]]]},"properties":{"geoid":"36081024500","county":"081","county_name":"Queens","utility":"coned","utility_split":false,"homes":309,"homes_source":"pluto","multifamily_5plus_lots":9,"median_income":62647,"income_band":"60–100k","low_income_share":0.62,"median_year_built":1965,"pre1980":0.73,"owner":0.36,"fuel":{"gas":0.65,"propane":0.01,"electric":0.17,"oil":0.13,"other":0.02,"none":0.02},"dac":false,"dac_share":0,"score":52,"parts":{"volume":21.5,"fuel":10,"age":14.6,"owner":5.4,"incentive":0},"gaps":[]}},{"type":"Feature","geometry":{"type":"Polygon","coordinates":[[[-73.90642,40.74564],[-73.90369,40.74491],[-73.90076,40.75147],[-73.90087,40.75206],[-73.90357,40.75184],[-73.90642,40.74564]]]},"properties":{"geoid":"36081025900","county":"081","county_name":"Queens","utility":"coned","utility_split":false,"homes":232,"homes_source":"pluto","multifamily_5plus_lots":24,"median_income":61289,"income_band":"60–100k","low_income_share":0.67,"median_year_built":1958,"pre1980":0.91,"owner":0.24,"fuel":{"gas":0.77,"propane":0.07,"electric":0.04,"oil":0.12,"other":0,"none":0},"dac":false,"dac_share":0,"score":52,"parts":{"volume":20.4,"fuel":10.1,"age":18.1,"owner":3.6,"incentive":0},"gaps":[]}},{"type":"Feature","geometry":{"type":"Polygon","coordinates":[[[-73.79038,40.68775],[-73.79003,40.68727],[-73.78653,40.68511],[-73.78614,40.68531],[-73.7847,40.68665],[-73.78448,40.68676],[-73.78494,40.68753],[-73.78234,40.68841],[-73.78327,40.68999],[-73.78479,40.68936],[-73.78705,40.68859],[-73.79038,40.68775]]]},"properties":{"geoid":"36081027600","county":"081","county_name":"Queens","utility":"coned","utility_split":false,"homes":231,"homes_source":"pluto","multifamily_5plus_lots":2,"median_income":111250,"income_band":"100–150k","low_income_share":0.48,"median_year_built":1964,"pre1980":0.62,"owner":0.68,"fuel":{"gas":0.78,"propane":0.04,"electric":0.07,"oil":0.11,"other":0,"none":0},"dac":false,"dac_share":0,"score":52,"parts":{"volume":20.4,"fuel":9.4,"age":12.3,"owner":10.2,"incentive":0},"gaps":[]}},{"type":"Feature","geometry":{"type":"Polygon","coordinates":[[[-73.86267,40.74341],[-73.86185,40.74159],[-73.86007,40.73837],[-73.85824,40.73892],[-73.85645,40.74036],[-73.85754,40.74119],[-73.85945,40.74304],[-73.86119,40.74198],[-73.86267,40.74341]]]},"properties":{"geoid":"36081044301","county":"081","county_name":"Queens","utility":"coned","utility_split":false,"homes":182,"homes_source":"pluto","multifamily_5plus_lots":39,"median_income":36467,"income_band":"<60k","low_income_share":0.81,"median_year_built":1983,"pre1980":0.42,"owner":0.06,"fuel":{"gas":0.73,"propane":0.03,"electric":0.22,"oil":0.02,"other":0,"none":0},"dac":true,"dac_share":1,"score":52,"parts":{"volume":19.5,"fuel":8.5,"age":8.4,"owner":0.8,"incentive":15},"gaps":[]}},{"type":"Feature","geometry":{"type":"Polygon","coordinates":[[[-73.87442,40.72723],[-73.87471,40.72709],[-73.87337,40.726],[-73.86797,40.71927],[-73.86548,40.72028],[-73.86929,40.72444],[-73.87063,40.72706],[-73.87143,40.72925],[-73.87378,40.72752],[-73.87442,40.72723]]]},"properties":{"geoid":"36081067900","county":"081","county_name":"Queens","utility":"coned","utility_split":false,"homes":415,"homes_source":"pluto","multifamily_5plus_lots":7,"median_income":78538,"income_band":"60–100k","low_income_share":0.69,"median_year_built":1954,"pre1980":0.92,"owner":0.2,"fuel":{"gas":0.81,"propane":0.01,"electric":0.08,"oil":0.06,"other":0.03,"none":0.01},"dac":false,"dac_share":0,"score":52,"parts":{"volume":22.6,"fuel":8.1,"age":18.4,"owner":3,"incentive":0},"gaps":[]}},{"type":"Feature","geometry":{"type":"Polygon","coordinates":[[[-73.85901,40.72711],[-73.85942,40.72647],[-73.85727,40.72568],[-73.85807,40.72447],[-73.85584,40.72363],[-73.85559,40.72411],[-73.85454,40.72373],[-73.85288,40.72638],[-73.85245,40.7267],[-73.85798,40.72874],[-73.85901,40.72711]]]},"properties":{"geoid":"36081071306","county":"081","county_name":"Queens","utility":"coned","utility_split":false,"homes":191,"homes_source":"pluto","multifamily_5plus_lots":42,"median_income":88329,"income_band":"60–100k","low_income_share":0.56,"median_year_built":1954,"pre1980":0.92,"owner":0.22,"fuel":{"gas":0.69,"propane":0.03,"electric":0.09,"oil":0.15,"other":0.02,"none":0.02},"dac":false,"dac_share":0,"score":52,"parts":{"volume":19.7,"fuel":10.2,"age":18.4,"owner":3.3,"incentive":0},"gaps":[]}},{"type":"Feature","geometry":{"type":"Polygon","coordinates":[[[-73.82005,40.71681],[-73.82032,40.71666],[-73.81847,40.716],[-73.81741,40.7158],[-73.81644,40.71578],[-73.81644,40.71589],[-73.81292,40.71596],[-73.80782,40.71591],[-73.80904,40.71991],[-73.81719,40.71766],[-73.81887,40.71726],[-73.82005,40.71681]]]},"properties":{"geoid":"36081077905","county":"081","county_name":"Queens","utility":"coned","utility_split":false,"homes":50,"homes_source":"pluto","multifamily_5plus_lots":2,"median_income":94000,"income_band":"60–100k","low_income_share":0.51,"median_year_built":1950,"pre1980":0.92,"owner":0.66,"fuel":{"gas":0.62,"propane":0.01,"electric":0.34,"oil":0.03,"other":0.01,"none":0},"dac":false,"dac_share":0,"score":52,"parts":{"volume":14.7,"fuel":9.1,"age":18.3,"owner":9.9,"incentive":0},"gaps":[]}},{"type":"Feature","geometry":{"type":"Polygon","coordinates":[[[-73.82398,40.75487],[-73.82085,40.75224],[-73.81841,40.75383],[-73.8203,40.75551],[-73.81786,40.75707],[-73.81923,40.75795],[-73.82398,40.75487]]]},"properties":{"geoid":"36081085900","county":"081","county_name":"Queens","utility":"coned","utility_split":false,"homes":83,"homes_source":"pluto","multifamily_5plus_lots":53,"median_income":60460,"income_band":"60–100k","low_income_share":0.85,"median_year_built":1957,"pre1980":0.82,"owner":0.5,"fuel":{"gas":0.57,"propane":0.03,"electric":0.15,"oil":0.16,"other":0.08,"none":0},"dac":false,"dac_share":0,"score":52,"parts":{"volume":16.6,"fuel":11.4,"age":16.4,"owner":7.5,"incentive":0},"gaps":[]}},{"type":"Feature","geometry":{"type":"Polygon","coordinates":[[[-73.82699,40.58799],[-73.82733,40.5878],[-73.82525,40.5869],[-73.82466,40.58545],[-73.82404,40.58563],[-73.82329,40.58444],[-73.8226,40.58314],[-73.82187,40.58205],[-73.82154,40.58167],[-73.82134,40.58126],[-73.81939,40.58173],[-73.81838,40.58208],[-73.81564,40.58281],[-73.81584,40.58328],[-73.8157,40.58343],[-73.81599,40.5837],[-73.81805,40.58705],[-73.81819,40.58719],[-73.81891,40.58758],[-73.8191,40.58782],[-73.81958,40.59098],[-73.81983,40.5919],[-73.82699,40.58799]]]},"properties":{"geoid":"36081094201","county":"081","county_name":"Queens","utility":"psegli","utility_split":false,"homes":306,"homes_source":"pluto","multifamily_5plus_lots":24,"median_income":75966,"income_band":"60–100k","low_income_share":0.55,"median_year_built":2003,"pre1980":0.24,"owner":0.33,"fuel":{"gas":0.7,"propane":0.01,"electric":0.21,"oil":0.06,"other":0.01,"none":0},"dac":true,"dac_share":1,"score":52,"parts":{"volume":21.4,"fuel":9,"age":4.7,"owner":5,"incentive":11.7},"gaps":[]}},{"type":"Feature","geometry":{"type":"Polygon","coordinates":[[[-73.78542,40.78239],[-73.78528,40.78196],[-73.78473,40.77899],[-73.78459,40.77614],[-73.77948,40.77766],[-73.77584,40.77861],[-73.77536,40.77987],[-73.77531,40.78027],[-73.77536,40.78067],[-73.77562,40.78122],[-73.77999,40.7872],[-73.78069,40.78798],[-73.78227,40.78866],[-73.78252,40.78862],[-73.78312,40.78874],[-73.78353,40.78874],[-73.78237,40.78297],[-73.78542,40.78239]]]},"properties":{"geoid":"36081099704","county":"081","county_name":"Queens","utility":"coned","utility_split":false,"homes":123,"homes_source":"pluto","multifamily_5plus_lots":21,"median_income":87323,"income_band":"60–100k","low_income_share":0.55,"median_year_built":1968,"pre1980":0.72,"owner":0.71,"fuel":{"gas":0.72,"propane":0.01,"electric":0.17,"oil":0.06,"other":0.01,"none":0.02},"dac":false,"dac_share":0,"score":52,"parts":{"volume":18,"fuel":8.6,"age":14.4,"owner":10.7,"incentive":0},"gaps":[]}},{"type":"Feature","geometry":{"type":"Polygon","coordinates":[[[-73.81729,40.75978],[-73.81622,40.75747],[-73.8098,40.75919],[-73.80887,40.75912],[-73.8086,40.76113],[-73.80951,40.7613],[-73.81105,40.76142],[-73.81729,40.75978]]]},"properties":{"geoid":"36081118700","county":"081","county_name":"Queens","utility":"coned","utility_split":false,"homes":311,"homes_source":"pluto","multifamily_5plus_lots":9,"median_income":71657,"income_band":"60–100k","low_income_share":0.6,"median_year_built":1958,"pre1980":0.66,"owner":0.41,"fuel":{"gas":0.65,"propane":0.07,"electric":0.15,"oil":0.13,"other":0,"none":0},"dac":false,"dac_share":0,"score":52,"parts":{"volume":21.5,"fuel":10.9,"age":13.3,"owner":6.2,"incentive":0},"gaps":[]}},{"type":"Feature","geometry":{"type":"Polygon","coordinates":[[[-73.7788,40.76241],[-73.77903,40.76238],[-73.77802,40.7604],[-73.7774,40.75821],[-73.77028,40.76008],[-73.76752,40.76049],[-73.76819,40.76284],[-73.76636,40.76313],[-73.76646,40.76349],[-73.76641,40.76362],[-73.7788,40.76241]]]},"properties":{"geoid":"36081146700","county":"081","county_name":"Queens","utility":"coned","utility_split":false,"homes":318,"homes_source":"pluto","multifamily_5plus_lots":21,"median_income":106538,"income_band":"100–150k","low_income_share":0.4,"median_year_built":1957,"pre1980":0.81,"owner":0.26,"fuel":{"gas":0.68,"propane":0.09,"electric":0.14,"oil":0.09,"other":0,"none":0},"dac":false,"dac_share":0,"score":52,"parts":{"volume":21.6,"fuel":10.5,"age":16.2,"owner":3.9,"incentive":0},"gaps":[]}},{"type":"Feature","geometry":{"type":"Polygon","coordinates":[[[-73.85217,40.69366],[-73.85007,40.68984],[-73.84929,40.68869],[-73.8494,40.68852],[-73.84898,40.68804],[-73.84705,40.68859],[-73.84795,40.69044],[-73.84765,40.69051],[-73.84956,40.69442],[-73.85105,40.69407],[-73.85217,40.69366]]]},"properties":{"geoid":"36081002000","county":"081","county_name":"Queens","utility":"coned","utility_split":false,"homes":316,"homes_source":"pluto","multifamily_5plus_lots":0,"median_income":138750,"income_band":"100–150k","low_income_share":0.38,"median_year_built":1938,"pre1980":0.65,"owner":0.61,"fuel":{"gas":0.93,"propane":0,"electric":0.04,"oil":0.03,"other":0,"none":0},"dac":false,"dac_share":0,"score":51,"parts":{"volume":21.5,"fuel":7.1,"age":13,"owner":9.1,"incentive":0},"gaps":[]}},{"type":"Feature","geometry":{"type":"Polygon","coordinates":[[[-73.94086,40.75811],[-73.9391,40.75749],[-73.93398,40.76283],[-73.93701,40.76424],[-73.94086,40.75811]]]},"properties":{"geoid":"36081004300","county":"081","county_name":"Queens","utility":"coned","utility_split":false,"homes":12,"homes_source":"pluto","multifamily_5plus_lots":4,"median_income":26814,"income_band":"<60k","low_income_share":0.91,"median_year_built":1955,"pre1980":0.94,"owner":0,"fuel":{"gas":0.8,"propane":0,"electric":0.02,"oil":0.07,"other":0.03,"none":0.07},"dac":true,"dac_share":1,"score":51,"parts":{"volume":9.6,"fuel":7.5,"age":18.8,"owner":0,"incentive":15},"gaps":[]}},{"type":"Feature","geometry":{"type":"Polygon","coordinates":[[[-73.85879,40.68063],[-73.8582,40.67943],[-73.85392,40.67969],[-73.85099,40.68057],[-73.85198,40.68256],[-73.85879,40.68063]]]},"properties":{"geoid":"36081005200","county":"081","county_name":"Queens","utility":"coned","utility_split":false,"homes":340,"homes_source":"pluto","multifamily_5plus_lots":10,"median_income":76300,"income_band":"60–100k","low_income_share":0.63,"median_year_built":1964,"pre1980":0.56,"owner":0.46,"fuel":{"gas":0.62,"propane":0.04,"electric":0.21,"oil":0.12,"other":0,"none":0},"dac":false,"dac_share":0,"score":51,"parts":{"volume":21.8,"fuel":10.7,"age":11.2,"owner":6.9,"incentive":0},"gaps":[]}},{"type":"Feature","geometry":{"type":"Polygon","coordinates":[[[-73.91988,40.77223],[-73.92008,40.77207],[-73.9177,40.77039],[-73.91812,40.77003],[-73.91094,40.76885],[-73.91024,40.76943],[-73.91167,40.76964],[-73.91708,40.77347],[-73.9189,40.77198],[-73.91959,40.77247],[-73.91988,40.77223]]]},"properties":{"geoid":"36081012500","county":"081","county_name":"Queens","utility":"coned","utility_split":false,"homes":136,"homes_source":"pluto","multifamily_5plus_lots":54,"median_income":93309,"income_band":"60–100k","low_income_share":0.53,"median_year_built":1940,"pre1980":0.91,"owner":0.12,"fuel":{"gas":0.57,"propane":0.07,"electric":0.1,"oil":0.23,"other":0.05,"none":0},"dac":false,"dac_share":0,"score":51,"parts":{"volume":18.4,"fuel":12.6,"age":18.3,"owner":1.9,"incentive":0},"gaps":[]}},{"type":"Feature","geometry":{"type":"Polygon","coordinates":[[[-73.91499,40.76389],[-73.90779,40.76052],[-73.90651,40.76211],[-73.9137,40.76548],[-73.91499,40.76389]]]},"properties":{"geoid":"36081014700","county":"081","county_name":"Queens","utility":"coned","utility_split":false,"homes":327,"homes_source":"pluto","multifamily_5plus_lots":53,"median_income":94180,"income_band":"60–100k","low_income_share":0.53,"median_year_built":1940,"pre1980":0.84,"owner":0.09,"fuel":{"gas":0.64,"propane":0.02,"electric":0.07,"oil":0.2,"other":0.07,"none":0},"dac":false,"dac_share":0,"score":51,"parts":{"volume":21.7,"fuel":11.2,"age":16.8,"owner":1.4,"incentive":0},"gaps":[]}},{"type":"Feature","geometry":{"type":"Polygon","coordinates":[[[-73.92563,40.75214],[-73.92162,40.75303],[-73.92052,40.75439],[-73.92132,40.75476],[-73.9182,40.7586],[-73.919,40.75897],[-73.92087,40.75668],[-73.92166,40.75705],[-73.92563,40.75214]]]},"properties":{"geoid":"36081015700","county":"081","county_name":"Queens","utility":"coned","utility_split":false,"homes":14,"homes_source":"pluto","multifamily_5plus_lots":35,"median_income":75982,"income_band":"60–100k","low_income_share":0.67,"median_year_built":1938,"pre1980":0.83,"owner":0.01,"fuel":{"gas":0.68,"propane":0.04,"electric":0.15,"oil":0.08,"other":0.02,"none":0.03},"dac":true,"dac_share":1,"score":51,"parts":{"volume":10.1,"fuel":9.4,"age":16.6,"owner":0.2,"incentive":15},"gaps":[]}},{"type":"Feature","geometry":{"type":"Polygon","coordinates":[[[-73.90812,40.74619],[-73.90642,40.74564],[-73.90357,40.75184],[-73.90216,40.75193],[-73.90247,40.75376],[-73.90492,40.7535],[-73.90491,40.75338],[-73.90525,40.75256],[-73.9067,40.74934],[-73.90591,40.74886],[-73.90624,40.74813],[-73.90713,40.74836],[-73.90812,40.74619]]]},"properties":{"geoid":"36081025700","county":"081","county_name":"Queens","utility":"coned","utility_split":false,"homes":192,"homes_source":"pluto","multifamily_5plus_lots":7,"median_income":95139,"income_band":"60–100k","low_income_share":0.59,"median_year_built":1943,"pre1980":0.89,"owner":0.37,"fuel":{"gas":0.85,"propane":0.01,"electric":0.09,"oil":0.05,"other":0,"none":0},"dac":false,"dac_share":0,"score":51,"parts":{"volume":19.7,"fuel":8,"age":17.8,"owner":5.5,"incentive":0},"gaps":[]}},{"type":"Feature","geometry":{"type":"Polygon","coordinates":[[[-73.89119,40.7511],[-73.89082,40.74906],[-73.8909,40.74901],[-73.8905,40.74694],[-73.88765,40.74724],[-73.88876,40.75334],[-73.88782,40.75344],[-73.88816,40.75527],[-73.89095,40.75497],[-73.89026,40.7512],[-73.89119,40.7511]]]},"properties":{"geoid":"36081028700","county":"081","county_name":"Queens","utility":"coned","utility_split":false,"homes":52,"homes_source":"pluto","multifamily_5plus_lots":46,"median_income":83108,"income_band":"60–100k","low_income_share":0.59,"median_year_built":1941,"pre1980":0.92,"owner":0.32,"fuel":{"gas":0.53,"propane":0.02,"electric":0.06,"oil":0.32,"other":0.03,"none":0.04},"dac":false,"dac_share":0,"score":51,"parts":{"volume":14.8,"fuel":13,"age":18.3,"owner":4.9,"incentive":0},"gaps":[]}},{"type":"Feature","geometry":{"type":"Polygon","coordinates":[[[-73.89732,40.76202],[-73.89735,40.76198],[-73.89705,40.76196],[-73.89324,40.76235],[-73.8929,40.76053],[-73.8864,40.76122],[-73.88709,40.76501],[-73.88773,40.76692],[-73.88836,40.76677],[-73.88834,40.7666],[-73.88877,40.76651],[-73.88919,40.7663],[-73.8909,40.76586],[-73.89109,40.76634],[-73.89246,40.76628],[-73.89386,40.76642],[-73.89401,40.76638],[-73.89432,40.76615],[-73.89457,40.76581],[-73.8951,40.76436],[-73.8955,40.76395],[-73.89632,40.76335],[-73.89732,40.76202]]]},"properties":{"geoid":"36081030904","county":"081","county_name":"Queens","utility":"coned","utility_split":false,"homes":491,"homes_source":"pluto","multifamily_5plus_lots":3,"median_income":58726,"income_band":"<60k","low_income_share":0.7,"median_year_built":1963,"pre1980":0.69,"owner":0.46,"fuel":{"gas":0.91,"propane":0.02,"electric":0.04,"oil":0.03,"other":0,"none":0.01},"dac":false,"dac_share":0,"score":51,"parts":{"volume":23.2,"fuel":7.3,"age":13.7,"owner":6.9,"incentive":0},"gaps":[]}},{"type":"Feature","geometry":{"type":"Polygon","coordinates":[[[-73.89218,40.74287],[-73.89089,40.74069],[-73.88751,40.74108],[-73.88799,40.74355],[-73.89218,40.74287]]]},"properties":{"geoid":"36081048301","county":"081","county_name":"Queens","utility":"coned","utility_split":false,"homes":201,"homes_source":"pluto","multifamily_5plus_lots":12,"median_income":60568,"income_band":"60–100k","low_income_share":0.71,"median_year_built":1967,"pre1980":0.79,"owner":0.47,"fuel":{"gas":0.8,"propane":0.04,"electric":0.12,"oil":0.04,"other":0,"none":0},"dac":false,"dac_share":0,"score":51,"parts":{"volume":19.8,"fuel":8.5,"age":15.7,"owner":7,"incentive":0},"gaps":[]}},{"type":"Feature","geometry":{"type":"Polygon","coordinates":[[[-73.90365,40.70785],[-73.90212,40.70515],[-73.89996,40.70577],[-73.89694,40.7065],[-73.89756,40.70776],[-73.89845,40.70904],[-73.90365,40.70785]]]},"properties":{"geoid":"36081058700","county":"081","county_name":"Queens","utility":"coned","utility_split":false,"homes":375,"homes_source":"pluto","multifamily_5plus_lots":42,"median_income":100385,"income_band":"100–150k","low_income_share":0.5,"median_year_built":1938,"pre1980":0.89,"owner":0.17,"fuel":{"gas":0.66,"propane":0,"electric":0.26,"oil":0.06,"other":0,"none":0.01},"dac":false,"dac_share":0,"score":51,"parts":{"volume":22.2,"fuel":9,"age":17.7,"owner":2.5,"incentive":0},"gaps":[]}},{"type":"Feature","geometry":{"type":"Polygon","coordinates":[[[-73.91249,40.7133],[-73.91304,40.71333],[-73.91041,40.71178],[-73.90996,40.71106],[-73.907,40.70931],[-73.90564,40.71064],[-73.90405,40.711],[-73.90489,40.71286],[-73.91249,40.7133]]]},"properties":{"geoid":"36081059501","county":"081","county_name":"Queens","utility":"coned","utility_split":false,"homes":293,"homes_source":"pluto","multifamily_5plus_lots":16,"median_income":80515,"income_band":"60–100k","low_income_share":0.64,"median_year_built":1944,"pre1980":0.78,"owner":0.29,"fuel":{"gas":0.78,"propane":0.01,"electric":0.02,"oil":0.17,"other":0,"none":0.02},"dac":false,"dac_share":0,"score":51,"parts":{"volume":21.3,"fuel":9.6,"age":15.7,"owner":4.4,"incentive":0},"gaps":[]}},{"type":"Feature","geometry":{"type":"Polygon","coordinates":[[[-73.77469,40.76879],[-73.7734,40.76631],[-73.77427,40.76604],[-73.77288,40.76341],[-73.77097,40.7636],[-73.77077,40.76319],[-73.76835,40.76343],[-73.76873,40.76469],[-73.76781,40.76485],[-73.76813,40.76597],[-73.76849,40.76723],[-73.76941,40.76708],[-73.77017,40.76974],[-73.77469,40.76879]]]},"properties":{"geoid":"36081112300","county":"081","county_name":"Queens","utility":"coned","utility_split":false,"homes":341,"homes_source":"pluto","multifamily_5plus_lots":18,"median_income":93194,"income_band":"60–100k","low_income_share":0.51,"median_year_built":1960,"pre1980":0.79,"owner":0.29,"fuel":{"gas":0.74,"propane":0,"electric":0.15,"oil":0.07,"other":0.01,"none":0.02},"dac":false,"dac_share":0,"score":51,"parts":{"volume":21.8,"fuel":8.5,"age":15.8,"owner":4.4,"incentive":0},"gaps":[]}},{"type":"Feature","geometry":{"type":"Polygon","coordinates":[[[-73.92409,40.76492],[-73.92425,40.76472],[-73.91789,40.7617],[-73.91579,40.76427],[-73.92219,40.76727],[-73.92409,40.76492]]]},"properties":{"geoid":"36081006300","county":"081","county_name":"Queens","utility":"coned","utility_split":false,"homes":335,"homes_source":"pluto","multifamily_5plus_lots":181,"median_income":137746,"income_band":"100–150k","low_income_share":0.36,"median_year_built":1938,"pre1980":0.85,"owner":0.14,"fuel":{"gas":0.71,"propane":0.02,"electric":0.12,"oil":0.1,"other":0.03,"none":0.02},"dac":false,"dac_share":0,"score":50,"parts":{"volume":21.8,"fuel":9.2,"age":17,"owner":2.2,"incentive":0},"gaps":[]}},{"type":"Feature","geometry":{"type":"Polygon","coordinates":[[[-73.92965,40.76537],[-73.93037,40.76449],[-73.92842,40.76342],[-73.92619,40.76235],[-73.92425,40.76472],[-73.92856,40.76671],[-73.92965,40.76537]]]},"properties":{"geoid":"36081007500","county":"081","county_name":"Queens","utility":"coned","utility_split":false,"homes":102,"homes_source":"pluto","multifamily_5plus_lots":76,"median_income":79634,"income_band":"60–100k","low_income_share":0.59,"median_year_built":1948,"pre1980":0.92,"owner":0.2,"fuel":{"gas":0.59,"propane":0.02,"electric":0.13,"oil":0.19,"other":0.03,"none":0.04},"dac":false,"dac_share":0,"score":50,"parts":{"volume":17.3,"fuel":10.9,"age":18.4,"owner":3,"incentive":0},"gaps":[]}},{"type":"Feature","geometry":{"type":"Polygon","coordinates":[[[-73.93786,40.77409],[-73.93781,40.77356],[-73.93747,40.7725],[-73.93489,40.77171],[-73.93502,40.7713],[-73.93425,40.77103],[-73.93392,40.77184],[-73.93363,40.772],[-73.9333,40.772],[-73.93296,40.77215],[-73.93182,40.77421],[-73.93105,40.77398],[-73.93026,40.77547],[-73.93586,40.77721],[-73.93609,40.77718],[-73.93638,40.77692],[-73.93705,40.77587],[-73.93765,40.77509],[-73.93786,40.77409]]]},"properties":{"geoid":"36081008700","county":"081","county_name":"Queens","utility":"coned","utility_split":false,"homes":19,"homes_source":"pluto","multifamily_5plus_lots":37,"median_income":null,"income_band":null,"low_income_share":0.82,"median_year_built":1958,"pre1980":0.75,"owner":0.01,"fuel":{"gas":0.65,"propane":0.03,"electric":0.24,"oil":0.05,"other":0.01,"none":0.04},"dac":true,"dac_share":1,"score":50,"parts":{"volume":11.2,"fuel":8.9,"age":15.1,"owner":0.1,"incentive":15},"gaps":[]}},{"type":"Feature","geometry":{"type":"Polygon","coordinates":[[[-73.91708,40.77347],[-73.91431,40.77152],[-73.90962,40.77537],[-73.91238,40.77731],[-73.91708,40.77347]]]},"properties":{"geoid":"36081011500","county":"081","county_name":"Queens","utility":"coned","utility_split":false,"homes":268,"homes_source":"pluto","multifamily_5plus_lots":46,"median_income":113370,"income_band":"100–150k","low_income_share":0.45,"median_year_built":1946,"pre1980":0.89,"owner":0.07,"fuel":{"gas":0.74,"propane":0.04,"electric":0.09,"oil":0.12,"other":0,"none":0},"dac":false,"dac_share":0,"score":50,"parts":{"volume":20.9,"fuel":9.9,"age":17.9,"owner":1.1,"incentive":0},"gaps":[]}},{"type":"Feature","geometry":{"type":"Polygon","coordinates":[[[-73.91709,40.76132],[-73.9139,40.75982],[-73.9118,40.76239],[-73.91499,40.76389],[-73.91709,40.76132]]]},"properties":{"geoid":"36081014900","county":"081","county_name":"Queens","utility":"coned","utility_split":false,"homes":155,"homes_source":"pluto","multifamily_5plus_lots":100,"median_income":66000,"income_band":"60–100k","low_income_share":0.63,"median_year_built":1938,"pre1980":0.98,"owner":0.06,"fuel":{"gas":0.73,"propane":0.02,"electric":0.09,"oil":0.16,"other":0,"none":0},"dac":false,"dac_share":0,"score":50,"parts":{"volume":18.9,"fuel":10.2,"age":19.6,"owner":0.9,"incentive":0},"gaps":[]}},{"type":"Feature","geometry":{"type":"Polygon","coordinates":[[[-73.92151,40.74332],[-73.92188,40.74148],[-73.9191,40.74115],[-73.91746,40.74936],[-73.91868,40.74949],[-73.92034,40.74916],[-73.92151,40.74332]]]},"properties":{"geoid":"36081018300","county":"081","county_name":"Queens","utility":"coned","utility_split":false,"homes":308,"homes_source":"pluto","multifamily_5plus_lots":53,"median_income":71891,"income_band":"60–100k","low_income_share":0.69,"median_year_built":1938,"pre1980":0.89,"owner":0.17,"fuel":{"gas":0.8,"propane":0,"electric":0.08,"oil":0.05,"other":0.05,"none":0.02},"dac":false,"dac_share":0,"score":50,"parts":{"volume":21.4,"fuel":8,"age":17.8,"owner":2.6,"incentive":0},"gaps":[]}},{"type":"Feature","geometry":{"type":"Polygon","coordinates":[[[-73.82154,40.70373],[-73.82246,40.70366],[-73.81754,40.70266],[-73.81742,40.70269],[-73.81736,40.70286],[-73.81686,40.70244],[-73.81648,40.70245],[-73.81831,40.70616],[-73.81871,40.70603],[-73.81912,40.70667],[-73.81926,40.70662],[-73.81915,40.70611],[-73.81919,40.70592],[-73.81931,40.70587],[-73.82031,40.70556],[-73.82059,40.70596],[-73.82073,40.70589],[-73.82095,40.70606],[-73.82226,40.70546],[-73.82178,40.70496],[-73.82074,40.70419],[-73.81938,40.70387],[-73.82154,40.70373]]]},"properties":{"geoid":"36081021602","county":"081","county_name":"Queens","utility":"coned","utility_split":false,"homes":158,"homes_source":"pluto","multifamily_5plus_lots":6,"median_income":73446,"income_band":"60–100k","low_income_share":0.68,"median_year_built":1956,"pre1980":0.8,"owner":0.4,"fuel":{"gas":0.75,"propane":0.02,"electric":0.06,"oil":0.13,"other":0,"none":0.04},"dac":false,"dac_share":0,"score":50,"parts":{"volume":19,"fuel":9.3,"age":16,"owner":6,"incentive":0},"gaps":[]}},{"type":"Feature","geometry":{"type":"Polygon","coordinates":[[[-73.82569,40.71607],[-73.82544,40.71556],[-73.82428,40.71383],[-73.82395,40.71285],[-73.82343,40.71228],[-73.82117,40.7104],[-73.82038,40.70951],[-73.81954,40.70828],[-73.81946,40.7084],[-73.81915,40.70843],[-73.81915,40.70903],[-73.81883,40.71038],[-73.81824,40.71139],[-73.81751,40.71221],[-73.81756,40.71242],[-73.81705,40.71306],[-73.81653,40.71423],[-73.81644,40.71493],[-73.81644,40.71578],[-73.81782,40.71584],[-73.81847,40.716],[-73.82032,40.71666],[-73.82128,40.71678],[-73.82248,40.71667],[-73.82428,40.71618],[-73.82557,40.71615],[-73.82569,40.71607]]]},"properties":{"geoid":"36081022001","county":"081","county_name":"Queens","utility":"coned","utility_split":false,"homes":234,"homes_source":"pluto","multifamily_5plus_lots":26,"median_income":86915,"income_band":"60–100k","low_income_share":0.65,"median_year_built":1957,"pre1980":0.88,"owner":0.28,"fuel":{"gas":0.76,"propane":0.02,"electric":0.09,"oil":0.06,"other":0.01,"none":0.06},"dac":false,"dac_share":0,"score":50,"parts":{"volume":20.4,"fuel":7.9,"age":17.6,"owner":4.2,"incentive":0},"gaps":[]}},{"type":"Feature","geometry":{"type":"Polygon","coordinates":[[[-73.90745,40.74204],[-73.90756,40.74166],[-73.90168,40.74097],[-73.90118,40.74216],[-73.9009,40.74345],[-73.9015,40.74401],[-73.90141,40.74425],[-73.90642,40.74564],[-73.90661,40.74539],[-73.90745,40.74204]]]},"properties":{"geoid":"36081024900","county":"081","county_name":"Queens","utility":"coned","utility_split":false,"homes":307,"homes_source":"pluto","multifamily_5plus_lots":51,"median_income":76987,"income_band":"60–100k","low_income_share":0.62,"median_year_built":1961,"pre1980":0.84,"owner":0.12,"fuel":{"gas":0.71,"propane":0.06,"electric":0.09,"oil":0.09,"other":0.03,"none":0.02},"dac":false,"dac_share":0,"score":50,"parts":{"volume":21.4,"fuel":9.6,"age":16.8,"owner":1.8,"incentive":0},"gaps":[]}},{"type":"Feature","geometry":{"type":"Polygon","coordinates":[[[-73.79665,40.68985],[-73.79562,40.68866],[-73.79043,40.69064],[-73.78778,40.69182],[-73.78893,40.6934],[-73.79481,40.69089],[-73.79467,40.69071],[-73.79665,40.68985]]]},"properties":{"geoid":"36081026200","county":"081","county_name":"Queens","utility":"coned","utility_split":false,"homes":289,"homes_source":"pluto","multifamily_5plus_lots":0,"median_income":83667,"income_band":"60–100k","low_income_share":0.64,"median_year_built":1964,"pre1980":0.64,"owner":0.61,"fuel":{"gas":0.92,"propane":0,"electric":0.08,"oil":0,"other":0,"none":0},"dac":false,"dac_share":0,"score":50,"parts":{"volume":21.2,"fuel":6.8,"age":12.9,"owner":9.1,"incentive":0},"gaps":[]}},{"type":"Feature","geometry":{"type":"Polygon","coordinates":[[[-73.8791,40.75237],[-73.87841,40.74822],[-73.87648,40.74842],[-73.87725,40.75257],[-73.8791,40.75237]]]},"properties":{"geoid":"36081027701","county":"081","county_name":"Queens","utility":"coned","utility_split":false,"homes":100,"homes_source":"pluto","multifamily_5plus_lots":18,"median_income":67602,"income_band":"60–100k","low_income_share":0.68,"median_year_built":1938,"pre1980":0.91,"owner":0.16,"fuel":{"gas":0.63,"propane":0,"electric":0.04,"oil":0.29,"other":0.03,"none":0},"dac":false,"dac_share":0,"score":50,"parts":{"volume":17.3,"fuel":12.2,"age":18.1,"owner":2.4,"incentive":0},"gaps":[]}},{"type":"Feature","geometry":{"type":"Polygon","coordinates":[[[-73.80318,40.71635],[-73.80278,40.71502],[-73.80211,40.71393],[-73.80123,40.71422],[-73.80039,40.71294],[-73.7987,40.71066],[-73.79781,40.71098],[-73.79792,40.71158],[-73.79834,40.71291],[-73.79726,40.71316],[-73.79701,40.7134],[-73.7965,40.71355],[-73.79732,40.71533],[-73.7981,40.71754],[-73.80008,40.71697],[-73.80192,40.71655],[-73.80318,40.71635]]]},"properties":{"geoid":"36081045200","county":"081","county_name":"Queens","utility":"coned","utility_split":false,"homes":79,"homes_source":"pluto","multifamily_5plus_lots":1,"median_income":76071,"income_band":"60–100k","low_income_share":0.78,"median_year_built":1964,"pre1980":0.86,"owner":0.47,"fuel":{"gas":0.8,"propane":0,"electric":0.03,"oil":0.11,"other":0.06,"none":0},"dac":false,"dac_share":0,"score":50,"parts":{"volume":16.4,"fuel":8.9,"age":17.1,"owner":7.1,"incentive":0},"gaps":[]}},{"type":"Feature","geometry":{"type":"Polygon","coordinates":[[[-73.88051,40.73575],[-73.88066,40.73572],[-73.87708,40.73291],[-73.87832,40.73205],[-73.8774,40.73169],[-73.87751,40.73161],[-73.87524,40.73072],[-73.86904,40.73285],[-73.87379,40.73425],[-73.87477,40.73463],[-73.87553,40.73504],[-73.87784,40.73659],[-73.87843,40.73676],[-73.88035,40.73714],[-73.88051,40.73575]]]},"properties":{"geoid":"36081047500","county":"081","county_name":"Queens","utility":"coned","utility_split":false,"homes":484,"homes_source":"pluto","multifamily_5plus_lots":48,"median_income":86271,"income_band":"60–100k","low_income_share":0.64,"median_year_built":1959,"pre1980":0.71,"owner":0.25,"fuel":{"gas":0.73,"propane":0.07,"electric":0.17,"oil":0.02,"other":0,"none":0.01},"dac":false,"dac_share":0,"score":50,"parts":{"volume":23.1,"fuel":9,"age":14.2,"owner":3.7,"incentive":0},"gaps":[]}},{"type":"Feature","geometry":{"type":"Polygon","coordinates":[[[-73.89954,40.69429],[-73.90003,40.69344],[-73.89919,40.69379],[-73.89737,40.69412],[-73.89691,40.69384],[-73.89743,40.69329],[-73.89696,40.69192],[-73.89474,40.69264],[-73.89326,40.6922],[-73.89398,40.69308],[-73.89646,40.69448],[-73.89579,40.69474],[-73.8956,40.69513],[-73.89677,40.6968],[-73.89838,40.69614],[-73.89954,40.69429]]]},"properties":{"geoid":"36081056500","county":"081","county_name":"Queens","utility":"coned","utility_split":false,"homes":255,"homes_source":"pluto","multifamily_5plus_lots":4,"median_income":129647,"income_band":"100–150k","low_income_share":0.3,"median_year_built":1947,"pre1980":0.76,"owner":0.46,"fuel":{"gas":0.89,"propane":0,"electric":0.05,"oil":0.01,"other":0.05,"none":0},"dac":false,"dac_share":0,"score":50,"parts":{"volume":20.7,"fuel":7,"age":15.2,"owner":6.9,"incentive":0},"gaps":[]}},{"type":"Feature","geometry":{"type":"Polygon","coordinates":[[[-73.85851,40.73029],[-73.85762,40.7286],[-73.85359,40.72713],[-73.84925,40.72845],[-73.84931,40.72885],[-73.84945,40.72915],[-73.85025,40.72966],[-73.85133,40.72961],[-73.85213,40.72913],[-73.85251,40.72978],[-73.85523,40.72897],[-73.85626,40.73096],[-73.85851,40.73029]]]},"properties":{"geoid":"36081071304","county":"081","county_name":"Queens","utility":"coned","utility_split":false,"homes":35,"homes_source":"pluto","multifamily_5plus_lots":20,"median_income":100238,"income_band":"100–150k","low_income_share":0.5,"median_year_built":1954,"pre1980":0.95,"owner":0.47,"fuel":{"gas":0.64,"propane":0,"electric":0.11,"oil":0.19,"other":0.01,"none":0.05},"dac":false,"dac_share":0,"score":50,"parts":{"volume":13.4,"fuel":10.3,"age":18.9,"owner":7,"incentive":0},"gaps":[]}},{"type":"Feature","geometry":{"type":"Polygon","coordinates":[[[-73.83981,40.7196],[-73.83585,40.71773],[-73.83421,40.71664],[-73.83139,40.71453],[-73.83014,40.71507],[-73.8298,40.71557],[-73.83348,40.71833],[-73.83479,40.7192],[-73.83502,40.71953],[-73.83538,40.72072],[-73.83596,40.72168],[-73.8383,40.72098],[-73.83796,40.72031],[-73.83953,40.71984],[-73.83981,40.7196]]]},"properties":{"geoid":"36081075701","county":"081","county_name":"Queens","utility":"coned","utility_split":false,"homes":42,"homes_source":"pluto","multifamily_5plus_lots":50,"median_income":117361,"income_band":"100–150k","low_income_share":0.44,"median_year_built":1956,"pre1980":0.82,"owner":0.48,"fuel":{"gas":0.58,"propane":0.05,"electric":0.13,"oil":0.19,"other":0.03,"none":0.01},"dac":false,"dac_share":0,"score":50,"parts":{"volume":14.1,"fuel":11.8,"age":16.4,"owner":7.2,"incentive":0},"gaps":[]}},{"type":"Feature","geometry":{"type":"Polygon","coordinates":[[[-73.79677,40.59938],[-73.79553,40.5858],[-73.79479,40.58133],[-73.79419,40.58145],[-73.78787,40.58194],[-73.78867,40.58685],[-73.78842,40.58765],[-73.789,40.59241],[-73.78919,40.59471],[-73.78933,40.5952],[-73.78918,40.5952],[-73.78911,40.59549],[-73.78921,40.59567],[-73.78911,40.59588],[-73.78926,40.59643],[-73.78923,40.59673],[-73.79108,40.59663],[-73.79108,40.59715],[-73.7903,40.59893],[-73.79034,40.59915],[-73.79026,40.59926],[-73.79005,40.59937],[-73.78954,40.59994],[-73.78928,40.60002],[-73.78807,40.60085],[-73.78769,40.60133],[-73.78716,40.60233],[-73.78647,40.60272],[-73.78651,40.60276],[-73.78617,40.60307],[-73.78664,40.60326],[-73.78906,40.60562],[-73.79365,40.60262],[-73.79677,40.59938]]]},"properties":{"geoid":"36081096400","county":"081","county_name":"Queens","utility":"psegli","utility_split":false,"homes":979,"homes_source":"pluto","multifamily_5plus_lots":7,"median_income":89432,"income_band":"60–100k","low_income_share":0.52,"median_year_built":2003,"pre1980":0.28,"owner":0.55,"fuel":{"gas":0.89,"propane":0.03,"electric":0.07,"oil":0,"other":0,"none":0.01},"dac":false,"dac_share":0,"score":50,"parts":{"volume":25,"fuel":7.3,"age":5.6,"owner":8.3,"incentive":3.9},"gaps":[]}},{"type":"Feature","geometry":{"type":"Polygon","coordinates":[[[-73.79076,40.76099],[-73.79032,40.75782],[-73.78566,40.75796],[-73.78339,40.75776],[-73.7841,40.75904],[-73.78517,40.76143],[-73.79076,40.76099]]]},"properties":{"geoid":"36081118100","county":"081","county_name":"Queens","utility":"coned","utility_split":false,"homes":348,"homes_source":"pluto","multifamily_5plus_lots":12,"median_income":100536,"income_band":"100–150k","low_income_share":0.5,"median_year_built":1959,"pre1980":0.68,"owner":0.36,"fuel":{"gas":0.75,"propane":0.12,"electric":0.07,"oil":0.01,"other":0,"none":0.05},"dac":false,"dac_share":0,"score":50,"parts":{"volume":21.9,"fuel":8.8,"age":13.5,"owner":5.3,"incentive":0},"gaps":[]}},{"type":"Feature","geometry":{"type":"Polygon","coordinates":[[[-73.55685,40.72547],[-73.55694,40.72514],[-73.55515,40.72528],[-73.55182,40.72527],[-73.55147,40.7293],[-73.55134,40.73373],[-73.54577,40.73376],[-73.54611,40.73413],[-73.54691,40.73459],[-73.54935,40.73652],[-73.55078,40.73753],[-73.55209,40.73793],[-73.55335,40.73804],[-73.55512,40.72961],[-73.55533,40.72907],[-73.55608,40.72773],[-73.55641,40.72695],[-73.55685,40.72547]]]},"properties":{"geoid":"36059407802","county":"059","county_name":"Nassau","utility":"psegli","utility_split":false,"homes":56,"homes_source":"acs_est","multifamily_5plus_lots":null,"median_income":37885,"income_band":"<60k","low_income_share":0.87,"median_year_built":1993,"pre1980":0.31,"owner":0.92,"fuel":{"gas":0.83,"propane":0.01,"electric":0.06,"oil":0.07,"other":0,"none":0.03},"dac":false,"dac_share":0,"score":50,"parts":{"volume":15.1,"fuel":7.9,"age":6.2,"owner":13.8,"incentive":6.5},"gaps":[]}},{"type":"Feature","geometry":{"type":"Polygon","coordinates":[[[-73.91996,40.76844],[-73.91849,40.76773],[-73.91978,40.76615],[-73.91819,40.76539],[-73.91487,40.76947],[-73.91812,40.77003],[-73.91996,40.76844]]]},"properties":{"geoid":"36081006501","county":"081","county_name":"Queens","utility":"coned","utility_split":false,"homes":145,"homes_source":"pluto","multifamily_5plus_lots":110,"median_income":94628,"income_band":"60–100k","low_income_share":0.52,"median_year_built":1938,"pre1980":0.94,"owner":0.06,"fuel":{"gas":0.66,"propane":0.02,"electric":0.07,"oil":0.2,"other":0.04,"none":0.01},"dac":false,"dac_share":0,"score":49,"parts":{"volume":18.6,"fuel":11,"age":18.8,"owner":0.8,"incentive":0},"gaps":[]}},{"type":"Feature","geometry":{"type":"Polygon","coordinates":[[[-73.91819,40.76539],[-73.91499,40.76389],[-73.9137,40.76548],[-73.9145,40.76586],[-73.91194,40.76901],[-73.91487,40.76947],[-73.91819,40.76539]]]},"properties":{"geoid":"36081006502","county":"081","county_name":"Queens","utility":"coned","utility_split":false,"homes":283,"homes_source":"pluto","multifamily_5plus_lots":139,"median_income":80539,"income_band":"60–100k","low_income_share":0.58,"median_year_built":1947,"pre1980":0.71,"owner":0.17,"fuel":{"gas":0.6,"propane":0.1,"electric":0.15,"oil":0.12,"other":0.01,"none":0.01},"dac":false,"dac_share":0,"score":49,"parts":{"volume":21.1,"fuel":11.5,"age":14.3,"owner":2.5,"incentive":0},"gaps":[]}},{"type":"Feature","geometry":{"type":"Polygon","coordinates":[[[-73.90149,40.74134],[-73.90168,40.74097],[-73.89898,40.74065],[-73.89728,40.74205],[-73.89735,40.74213],[-73.89645,40.74286],[-73.89907,40.74349],[-73.90141,40.74425],[-73.9015,40.74401],[-73.9009,40.74345],[-73.90118,40.74216],[-73.90149,40.74134]]]},"properties":{"geoid":"36081024700","county":"081","county_name":"Queens","utility":"coned","utility_split":false,"homes":126,"homes_source":"pluto","multifamily_5plus_lots":13,"median_income":57143,"income_band":"<60k","low_income_share":0.69,"median_year_built":1955,"pre1980":0.87,"owner":0.21,"fuel":{"gas":0.74,"propane":0.07,"electric":0.08,"oil":0.09,"other":0.01,"none":0.01},"dac":false,"dac_share":0,"score":49,"parts":{"volume":18.1,"fuel":9.8,"age":17.5,"owner":3.1,"incentive":0},"gaps":[]}},{"type":"Feature","geometry":{"type":"Polygon","coordinates":[[[-73.88579,40.74744],[-73.88549,40.74579],[-73.8838,40.74593],[-73.88384,40.7458],[-73.8834,40.74642],[-73.88075,40.74523],[-73.87841,40.74822],[-73.88579,40.74744]]]},"properties":{"geoid":"36081026901","county":"081","county_name":"Queens","utility":"coned","utility_split":false,"homes":123,"homes_source":"pluto","multifamily_5plus_lots":29,"median_income":58163,"income_band":"<60k","low_income_share":0.75,"median_year_built":1944,"pre1980":0.92,"owner":0.14,"fuel":{"gas":0.69,"propane":0.03,"electric":0.12,"oil":0.14,"other":0.01,"none":0.02},"dac":false,"dac_share":0,"score":49,"parts":{"volume":18,"fuel":10,"age":18.5,"owner":2,"incentive":0},"gaps":[]}},{"type":"Feature","geometry":{"type":"Polygon","coordinates":[[[-73.80166,40.70576],[-73.8002,40.70334],[-73.79992,40.70247],[-73.79842,40.70274],[-73.79609,40.70329],[-73.79455,40.7037],[-73.79379,40.70403],[-73.79489,40.70546],[-73.79632,40.70772],[-73.80166,40.70576]]]},"properties":{"geoid":"36081044601","county":"081","county_name":"Queens","utility":"coned","utility_split":false,"homes":14,"homes_source":"pluto","multifamily_5plus_lots":20,"median_income":57614,"income_band":"<60k","low_income_share":0.88,"median_year_built":1967,"pre1980":0.6,"owner":0.16,"fuel":{"gas":0.76,"propane":0.02,"electric":0.1,"oil":0.11,"other":0,"none":0.01},"dac":true,"dac_share":1,"score":49,"parts":{"volume":10.1,"fuel":9.2,"age":12,"owner":2.3,"incentive":15},"gaps":[]}},{"type":"Feature","geometry":{"type":"Polygon","coordinates":[[[-73.9129,40.70236],[-73.91068,40.70105],[-73.90635,40.70528],[-73.90784,40.70616],[-73.90899,40.70503],[-73.90973,40.70547],[-73.9129,40.70236]]]},"properties":{"geoid":"36081054700","county":"081","county_name":"Queens","utility":"coned","utility_split":false,"homes":289,"homes_source":"pluto","multifamily_5plus_lots":88,"median_income":119732,"income_band":"100–150k","low_income_share":0.44,"median_year_built":1938,"pre1980":0.85,"owner":0.16,"fuel":{"gas":0.76,"propane":0.04,"electric":0.15,"oil":0.04,"other":0,"none":0.01},"dac":false,"dac_share":0,"score":49,"parts":{"volume":21.2,"fuel":8.5,"age":17,"owner":2.4,"incentive":0},"gaps":[]}},{"type":"Feature","geometry":{"type":"Polygon","coordinates":[[[-73.90801,40.70715],[-73.90858,40.7066],[-73.90338,40.70354],[-73.902,40.70487],[-73.90245,40.70584],[-73.90365,40.70785],[-73.90403,40.70755],[-73.90626,40.70887],[-73.90801,40.70715]]]},"properties":{"geoid":"36081058900","county":"081","county_name":"Queens","utility":"coned","utility_split":false,"homes":230,"homes_source":"pluto","multifamily_5plus_lots":153,"median_income":60224,"income_band":"60–100k","low_income_share":0.66,"median_year_built":1938,"pre1980":0.92,"owner":0.11,"fuel":{"gas":0.78,"propane":0.02,"electric":0.04,"oil":0.1,"other":0.02,"none":0.04},"dac":false,"dac_share":0,"score":49,"parts":{"volume":20.4,"fuel":8.6,"age":18.3,"owner":1.7,"incentive":0},"gaps":[]}},{"type":"Feature","geometry":{"type":"Polygon","coordinates":[[[-73.86589,40.72883],[-73.8663,40.72819],[-73.86345,40.72714],[-73.86176,40.72692],[-73.86011,40.72952],[-73.86448,40.73109],[-73.86589,40.72883]]]},"properties":{"geoid":"36081069300","county":"081","county_name":"Queens","utility":"coned","utility_split":false,"homes":104,"homes_source":"pluto","multifamily_5plus_lots":23,"median_income":57099,"income_band":"<60k","low_income_share":0.71,"median_year_built":1953,"pre1980":0.82,"owner":0.24,"fuel":{"gas":0.54,"propane":0.06,"electric":0.15,"oil":0.19,"other":0.06,"none":0.01},"dac":false,"dac_share":0,"score":49,"parts":{"volume":17.4,"fuel":12.1,"age":16.3,"owner":3.6,"incentive":0},"gaps":[]}},{"type":"Feature","geometry":{"type":"Polygon","coordinates":[[[-73.82172,40.72671],[-73.82185,40.72667],[-73.81943,40.722],[-73.81512,40.72328],[-73.81749,40.72788],[-73.82172,40.72671]]]},"properties":{"geoid":"36081077907","county":"081","county_name":"Queens","utility":"coned","utility_split":false,"homes":342,"homes_source":"pluto","multifamily_5plus_lots":11,"median_income":68226,"income_band":"60–100k","low_income_share":0.7,"median_year_built":1965,"pre1980":0.68,"owner":0.25,"fuel":{"gas":0.71,"propane":0.02,"electric":0.17,"oil":0.09,"other":0,"none":0.01},"dac":false,"dac_share":0,"score":49,"parts":{"volume":21.8,"fuel":9.3,"age":13.7,"owner":3.8,"incentive":0},"gaps":[]}},{"type":"Feature","geometry":{"type":"Polygon","coordinates":[[[-73.92619,40.76235],[-73.9198,40.75935],[-73.91789,40.7617],[-73.92425,40.76472],[-73.92619,40.76235]]]},"properties":{"geoid":"36081006100","county":"081","county_name":"Queens","utility":"coned","utility_split":false,"homes":247,"homes_source":"pluto","multifamily_5plus_lots":240,"median_income":106413,"income_band":"100–150k","low_income_share":0.39,"median_year_built":1948,"pre1980":0.72,"owner":0.04,"fuel":{"gas":0.52,"propane":0.01,"electric":0.21,"oil":0.23,"other":0.01,"none":0.02},"dac":false,"dac_share":0,"score":48,"parts":{"volume":20.6,"fuel":12,"age":14.4,"owner":0.6,"incentive":0},"gaps":[]}},{"type":"Feature","geometry":{"type":"Polygon","coordinates":[[[-73.91867,40.7433],[-73.91873,40.74299],[-73.91502,40.74255],[-73.9143,40.74614],[-73.91801,40.74657],[-73.91867,40.7433]]]},"properties":{"geoid":"36081025301","county":"081","county_name":"Queens","utility":"coned","utility_split":false,"homes":91,"homes_source":"pluto","multifamily_5plus_lots":86,"median_income":70664,"income_band":"60–100k","low_income_share":0.74,"median_year_built":1942,"pre1980":0.94,"owner":0.13,"fuel":{"gas":0.71,"propane":0.05,"electric":0.05,"oil":0.14,"other":0.04,"none":0.01},"dac":false,"dac_share":0,"score":48,"parts":{"volume":16.9,"fuel":10.2,"age":18.8,"owner":1.9,"incentive":0},"gaps":[]}},{"type":"Feature","geometry":{"type":"Polygon","coordinates":[[[-73.88654,40.75159],[-73.88579,40.74744],[-73.883,40.74773],[-73.88444,40.75566],[-73.8863,40.75546],[-73.88561,40.75169],[-73.88654,40.75159]]]},"properties":{"geoid":"36081028300","county":"081","county_name":"Queens","utility":"coned","utility_split":false,"homes":39,"homes_source":"pluto","multifamily_5plus_lots":73,"median_income":79340,"income_band":"60–100k","low_income_share":0.58,"median_year_built":1942,"pre1980":0.96,"owner":0.35,"fuel":{"gas":0.74,"propane":0.01,"electric":0.01,"oil":0.18,"other":0.01,"none":0.04},"dac":false,"dac_share":0,"score":48,"parts":{"volume":13.8,"fuel":9.8,"age":19.2,"owner":5.2,"incentive":0},"gaps":[]}},{"type":"Feature","geometry":{"type":"Polygon","coordinates":[[[-73.90247,40.75376],[-73.90216,40.75193],[-73.90087,40.75206],[-73.90076,40.75147],[-73.90106,40.75078],[-73.89636,40.74877],[-73.89726,40.75033],[-73.89748,40.75115],[-73.89763,40.75222],[-73.89779,40.75267],[-73.89874,40.75415],[-73.90247,40.75376]]]},"properties":{"geoid":"36081029300","county":"081","county_name":"Queens","utility":"coned","utility_split":false,"homes":183,"homes_source":"pluto","multifamily_5plus_lots":1,"median_income":70556,"income_band":"60–100k","low_income_share":0.67,"median_year_built":1950,"pre1980":0.73,"owner":0.34,"fuel":{"gas":0.82,"propane":0.05,"electric":0.06,"oil":0.07,"other":0,"none":0},"dac":false,"dac_share":0,"score":48,"parts":{"volume":19.5,"fuel":8.8,"age":14.7,"owner":5,"incentive":0},"gaps":[]}},{"type":"Feature","geometry":{"type":"Polygon","coordinates":[[[-73.80784,40.716],[-73.80742,40.71433],[-73.80693,40.71364],[-73.80668,40.71306],[-73.80646,40.71206],[-73.80138,40.71267],[-73.80278,40.71502],[-73.80318,40.71635],[-73.80568,40.71609],[-73.80784,40.716]]]},"properties":{"geoid":"36081045000","county":"081","county_name":"Queens","utility":"coned","utility_split":false,"homes":382,"homes_source":"pluto","multifamily_5plus_lots":1,"median_income":148424,"income_band":"100–150k","low_income_share":0.37,"median_year_built":1954,"pre1980":0.6,"owner":0.41,"fuel":{"gas":0.87,"propane":0.01,"electric":0.04,"oil":0.03,"other":0.04,"none":0},"dac":false,"dac_share":0,"score":48,"parts":{"volume":22.2,"fuel":7.5,"age":12.1,"owner":6.1,"incentive":0},"gaps":[]}},{"type":"Feature","geometry":{"type":"Polygon","coordinates":[[[-73.88028,40.7413],[-73.88024,40.7412],[-73.87932,40.7406],[-73.87849,40.73993],[-73.87792,40.73939],[-73.87743,40.7386],[-73.8741,40.73949],[-73.8748,40.74129],[-73.87502,40.74149],[-73.87348,40.7425],[-73.8745,40.74331],[-73.87848,40.74215],[-73.87886,40.74175],[-73.88028,40.7413]]]},"properties":{"geoid":"36081047100","county":"081","county_name":"Queens","utility":"coned","utility_split":false,"homes":284,"homes_source":"pluto","multifamily_5plus_lots":29,"median_income":60616,"income_band":"60–100k","low_income_share":0.75,"median_year_built":1955,"pre1980":0.86,"owner":0.15,"fuel":{"gas":0.86,"propane":0,"electric":0.07,"oil":0.03,"other":0.01,"none":0.03},"dac":false,"dac_share":0,"score":48,"parts":{"volume":21.1,"fuel":7.1,"age":17.2,"owner":2.3,"incentive":0},"gaps":[]}},{"type":"Feature","geometry":{"type":"Polygon","coordinates":[[[-73.88287,40.73761],[-73.87843,40.73676],[-73.87784,40.73659],[-73.87553,40.73504],[-73.87477,40.73463],[-73.87435,40.73497],[-73.87266,40.73574],[-73.8741,40.73949],[-73.87743,40.7386],[-73.88287,40.73761]]]},"properties":{"geoid":"36081047300","county":"081","county_name":"Queens","utility":"coned","utility_split":false,"homes":190,"homes_source":"pluto","multifamily_5plus_lots":44,"median_income":72441,"income_band":"60–100k","low_income_share":0.65,"median_year_built":1966,"pre1980":0.68,"owner":0.38,"fuel":{"gas":0.68,"propane":0.02,"electric":0.16,"oil":0.06,"other":0.03,"none":0.04},"dac":false,"dac_share":0,"score":48,"parts":{"volume":19.6,"fuel":8.8,"age":13.5,"owner":5.7,"incentive":0},"gaps":[]}},{"type":"Feature","geometry":{"type":"Polygon","coordinates":[[[-73.89888,40.74074],[-73.89898,40.74065],[-73.89701,40.74028],[-73.89753,40.74076],[-73.89468,40.74023],[-73.89089,40.74069],[-73.89218,40.74287],[-73.89432,40.74253],[-73.89565,40.74268],[-73.89645,40.74286],[-73.89735,40.74213],[-73.89728,40.74205],[-73.89888,40.74074]]]},"properties":{"geoid":"36081048302","county":"081","county_name":"Queens","utility":"coned","utility_split":false,"homes":220,"homes_source":"pluto","multifamily_5plus_lots":6,"median_income":85724,"income_band":"60–100k","low_income_share":0.73,"median_year_built":1965,"pre1980":0.69,"owner":0.18,"fuel":{"gas":0.67,"propane":0.17,"electric":0.07,"oil":0.08,"other":0,"none":0},"dac":false,"dac_share":0,"score":48,"parts":{"volume":20.2,"fuel":11.5,"age":13.9,"owner":2.8,"incentive":0},"gaps":[]}},{"type":"Feature","geometry":{"type":"Polygon","coordinates":[[[-73.81622,40.75747],[-73.81558,40.75613],[-73.81534,40.75543],[-73.81353,40.75425],[-73.81335,40.7542],[-73.81048,40.75421],[-73.8098,40.75919],[-73.81622,40.75747]]]},"properties":{"geoid":"36081118900","county":"081","county_name":"Queens","utility":"coned","utility_split":false,"homes":382,"homes_source":"pluto","multifamily_5plus_lots":3,"median_income":56446,"income_band":"<60k","low_income_share":0.78,"median_year_built":1970,"pre1980":0.54,"owner":0.38,"fuel":{"gas":0.75,"propane":0.05,"electric":0.1,"oil":0.06,"other":0.03,"none":0},"dac":false,"dac_share":0,"score":48,"parts":{"volume":22.2,"fuel":9.3,"age":10.8,"owner":5.8,"incentive":0},"gaps":[]}},{"type":"Feature","geometry":{"type":"Polygon","coordinates":[[[-73.92166,40.75705],[-73.92087,40.75668],[-73.919,40.75897],[-73.9166,40.75785],[-73.9147,40.76019],[-73.91709,40.76132],[-73.91499,40.76389],[-73.91579,40.76427],[-73.92166,40.75705]]]},"properties":{"geoid":"36081015500","county":"081","county_name":"Queens","utility":"coned","utility_split":false,"homes":247,"homes_source":"pluto","multifamily_5plus_lots":46,"median_income":94375,"income_band":"60–100k","low_income_share":0.54,"median_year_built":1954,"pre1980":0.76,"owner":0.13,"fuel":{"gas":0.65,"propane":0.01,"electric":0.21,"oil":0.09,"other":0.02,"none":0.03},"dac":false,"dac_share":0,"score":47,"parts":{"volume":20.6,"fuel":9.4,"age":15.2,"owner":1.9,"incentive":0},"gaps":[]}},{"type":"Feature","geometry":{"type":"Polygon","coordinates":[[[-73.83093,40.71432],[-73.83008,40.71391],[-73.83038,40.71362],[-73.82931,40.71242],[-73.82873,40.71151],[-73.82779,40.71066],[-73.82493,40.71178],[-73.82066,40.70987],[-73.82117,40.7104],[-73.82343,40.71228],[-73.82395,40.71285],[-73.82428,40.71383],[-73.82571,40.71606],[-73.82698,40.71539],[-73.83093,40.71432]]]},"properties":{"geoid":"36081021601","county":"081","county_name":"Queens","utility":"coned","utility_split":false,"homes":12,"homes_source":"pluto","multifamily_5plus_lots":14,"median_income":92609,"income_band":"60–100k","low_income_share":0.54,"median_year_built":1962,"pre1980":0.91,"owner":0.63,"fuel":{"gas":0.6,"propane":0.04,"electric":0.22,"oil":0.08,"other":0.02,"none":0.04},"dac":false,"dac_share":0,"score":47,"parts":{"volume":9.6,"fuel":9.8,"age":18.2,"owner":9.4,"incentive":0},"gaps":[]}},{"type":"Feature","geometry":{"type":"Polygon","coordinates":[[[-73.89602,40.73524],[-73.89603,40.73502],[-73.89477,40.73499],[-73.89324,40.73456],[-73.89233,40.73447],[-73.88857,40.73459],[-73.88936,40.73584],[-73.88961,40.73594],[-73.89138,40.73592],[-73.89137,40.73606],[-73.88754,40.73676],[-73.88725,40.73884],[-73.89584,40.74045],[-73.89602,40.73524]]]},"properties":{"geoid":"36081048900","county":"081","county_name":"Queens","utility":"coned","utility_split":false,"homes":242,"homes_source":"pluto","multifamily_5plus_lots":4,"median_income":61552,"income_band":"60–100k","low_income_share":0.7,"median_year_built":1967,"pre1980":0.64,"owner":0.44,"fuel":{"gas":0.94,"propane":0.01,"electric":0.02,"oil":0.02,"other":0,"none":0},"dac":false,"dac_share":0,"score":47,"parts":{"volume":20.5,"fuel":7,"age":12.7,"owner":6.6,"incentive":0},"gaps":[]}},{"type":"Feature","geometry":{"type":"Polygon","coordinates":[[[-73.85351,40.72536],[-73.85454,40.72373],[-73.85135,40.72257],[-73.84913,40.72262],[-73.84733,40.72293],[-73.84811,40.72329],[-73.84809,40.72343],[-73.84915,40.72388],[-73.8498,40.7244],[-73.85179,40.72639],[-73.85245,40.7267],[-73.85288,40.72638],[-73.85351,40.72536]]]},"properties":{"geoid":"36081071305","county":"081","county_name":"Queens","utility":"coned","utility_split":false,"homes":75,"homes_source":"pluto","multifamily_5plus_lots":19,"median_income":118409,"income_band":"100–150k","low_income_share":0.44,"median_year_built":1957,"pre1980":0.97,"owner":0.18,"fuel":{"gas":0.77,"propane":0.05,"electric":0.09,"oil":0.06,"other":0.02,"none":0.02},"dac":false,"dac_share":0,"score":47,"parts":{"volume":16.2,"fuel":8.9,"age":19.4,"owner":2.7,"incentive":0},"gaps":[]}},{"type":"Feature","geometry":{"type":"Polygon","coordinates":[[[-73.86387,40.73181],[-73.86448,40.73109],[-73.85762,40.7286],[-73.85851,40.73029],[-73.85626,40.73096],[-73.85765,40.73367],[-73.86387,40.73181]]]},"properties":{"geoid":"36081071701","county":"081","county_name":"Queens","utility":"coned","utility_split":false,"homes":21,"homes_source":"pluto","multifamily_5plus_lots":20,"median_income":67566,"income_band":"60–100k","low_income_share":0.63,"median_year_built":1958,"pre1980":0.83,"owner":0.48,"fuel":{"gas":0.57,"propane":0.03,"electric":0.13,"oil":0.18,"other":0.08,"none":0.01},"dac":false,"dac_share":0,"score":47,"parts":{"volume":11.6,"fuel":11.3,"age":16.7,"owner":7.3,"incentive":0},"gaps":[]}},{"type":"Feature","geometry":{"type":"Polygon","coordinates":[[[-73.83673,40.71574],[-73.83363,40.71299],[-73.83098,40.71431],[-73.83223,40.71512],[-73.83496,40.71717],[-73.83673,40.71574]]]},"properties":{"geoid":"36081076902","county":"081","county_name":"Queens","utility":"coned","utility_split":false,"homes":70,"homes_source":"pluto","multifamily_5plus_lots":13,"median_income":134545,"income_band":"100–150k","low_income_share":0.38,"median_year_built":1942,"pre1980":0.93,"owner":0.23,"fuel":{"gas":0.79,"propane":0.05,"electric":0.05,"oil":0.07,"other":0.02,"none":0.03},"dac":false,"dac_share":0,"score":47,"parts":{"volume":15.9,"fuel":8.8,"age":18.5,"owner":3.4,"incentive":0},"gaps":[]}},{"type":"Feature","geometry":{"type":"Polygon","coordinates":[[[-73.83301,40.74813],[-73.8331,40.74799],[-73.833,40.74783],[-73.83125,40.74811],[-73.83129,40.74834],[-73.83122,40.74869],[-73.83092,40.74896],[-73.82923,40.74926],[-73.82827,40.74968],[-73.82766,40.74986],[-73.82724,40.74986],[-73.82584,40.74935],[-73.8257,40.751],[-73.82689,40.75249],[-73.82551,40.753],[-73.82714,40.75451],[-73.82987,40.75349],[-73.83014,40.75392],[-73.8326,40.75301],[-73.83218,40.75151],[-73.83301,40.74813]]]},"properties":{"geoid":"36081079702","county":"081","county_name":"Queens","utility":"coned","utility_split":false,"homes":176,"homes_source":"pluto","multifamily_5plus_lots":37,"median_income":48147,"income_band":"<60k","low_income_share":0.72,"median_year_built":1961,"pre1980":0.77,"owner":0.19,"fuel":{"gas":0.77,"propane":0.01,"electric":0.08,"oil":0.13,"other":0,"none":0.01},"dac":false,"dac_share":0,"score":47,"parts":{"volume":19.4,"fuel":9.3,"age":15.4,"owner":2.9,"incentive":0},"gaps":[]}},{"type":"Feature","geometry":{"type":"Polygon","coordinates":[[[-73.83055,40.75454],[-73.82987,40.75349],[-73.82472,40.75549],[-73.82578,40.75635],[-73.82709,40.75714],[-73.82518,40.75765],[-73.82654,40.76046],[-73.83014,40.75957],[-73.82913,40.75752],[-73.82828,40.75539],[-73.83055,40.75454]]]},"properties":{"geoid":"36081085300","county":"081","county_name":"Queens","utility":"coned","utility_split":false,"homes":55,"homes_source":"pluto","multifamily_5plus_lots":25,"median_income":35985,"income_band":"<60k","low_income_share":0.79,"median_year_built":1964,"pre1980":0.77,"owner":0.52,"fuel":{"gas":0.79,"propane":0.02,"electric":0.1,"oil":0.06,"other":0.03,"none":0.01},"dac":false,"dac_share":0,"score":47,"parts":{"volume":15.1,"fuel":8.4,"age":15.5,"owner":7.8,"incentive":0},"gaps":[]}},{"type":"Feature","geometry":{"type":"Polygon","coordinates":[[[-73.79356,40.80038],[-73.79355,40.79347],[-73.79338,40.79234],[-73.79285,40.79089],[-73.79241,40.79007],[-73.79159,40.78901],[-73.79029,40.78789],[-73.78814,40.78632],[-73.78713,40.78536],[-73.78658,40.78468],[-73.78589,40.78364],[-73.78542,40.78239],[-73.78237,40.78297],[-73.78353,40.78874],[-73.78312,40.78874],[-73.78252,40.78862],[-73.78227,40.78866],[-73.78223,40.78913],[-73.78172,40.79053],[-73.78239,40.79138],[-73.78175,40.79113],[-73.78153,40.79123],[-73.78108,40.79168],[-73.7809,40.79219],[-73.78078,40.79319],[-73.78084,40.79328],[-73.78159,40.79346],[-73.78168,40.79332],[-73.78166,40.79348],[-73.78072,40.79333],[-73.7807,40.79365],[-73.78079,40.79404],[-73.781,40.79439],[-73.7819,40.7949],[-73.78308,40.79492],[-73.78332,40.79479],[-73.78314,40.79499],[-73.782,40.79497],[-73.78183,40.79508],[-73.78173,40.79543],[-73.78154,40.79566],[-73.7799,40.79624],[-73.77976,40.7962],[-73.77936,40.79668],[-73.77872,40.7966],[-73.77827,40.79672],[-73.77775,40.79669],[-73.77681,40.79641],[-73.77607,40.79601],[-73.77437,40.7945],[-73.77401,40.79402],[-73.77398,40.79364],[-73.77363,40.79275],[-73.77328,40.79232],[-73.77233,40.79148],[-73.77225,40.79136],[-73.77225,40.79048],[-73.77213,40.79018],[-73.77178,40.7899],[-73.77167,40.78959],[-73.77063,40.78846],[-73.77082,40.78798],[-73.7719,40.78739],[-73.77379,40.78683],[-73.77427,40.78676],[-73.77439,40.78686],[-73.7742,40.78696],[-73.77423,40.78707],[-73.77502,40.78739],[-73.77629,40.78851],[-73.77634,40.78849],[-73.77475,40.78691],[-73.77463,40.78692],[-73.77446,40.78668],[-73.77426,40.78665],[-73.7741,40.7863],[-73.77408,40.78592],[-73.77161,40.783],[-73.7693,40.78078],[-73.76834,40.77964],[-73.76816,40.77964],[-73.7682,40.77944],[-73.7672,40.77977],[-73.76721,40.77987],[-73.76701,40.77996],[-73.76707,40.78007],[-73.76702,40.78009],[-73.76689,40.77978],[-73.76678,40.77981],[-73.76816,40.7794],[-73.7676,40.7783],[-73.76014,40.78067],[-73.7588,40.7843],[-73.75619,40.7887],[-73.7571,40.78969],[-73.76371,40.7938],[-73.77896,40.81171],[-73.77956,40.81125],[-73.78268,40.80539],[-73.78474,40.80259],[-73.78732,40.80085],[-73.78792,40.80036],[-73.79002,40.80023],[-73.79356,40.80038]]]},"properties":{"geoid":"36081099705","county":"081","county_name":"Queens","utility":"coned","utility_split":false,"homes":238,"homes_source":"pluto","multifamily_5plus_lots":3,"median_income":117283,"income_band":"100–150k","low_income_share":0.46,"median_year_built":1982,"pre1980":0.37,"owner":0.79,"fuel":{"gas":0.88,"propane":0.01,"electric":0.1,"oil":0,"other":0.01,"none":0},"dac":false,"dac_share":0,"score":47,"parts":{"volume":20.5,"fuel":7.2,"age":7.5,"owner":11.9,"incentive":0},"gaps":[]}},{"type":"Feature","geometry":{"type":"Polygon","coordinates":[[[-73.82786,40.76536],[-73.82811,40.76406],[-73.82609,40.76438],[-73.82348,40.76465],[-73.82467,40.77041],[-73.82656,40.77014],[-73.82678,40.76823],[-73.82769,40.7661],[-73.82786,40.76536]]]},"properties":{"geoid":"36081116100","county":"081","county_name":"Queens","utility":"coned","utility_split":false,"homes":111,"homes_source":"pluto","multifamily_5plus_lots":20,"median_income":43417,"income_band":"<60k","low_income_share":0.74,"median_year_built":1967,"pre1980":0.64,"owner":0.43,"fuel":{"gas":0.66,"propane":0.02,"electric":0.14,"oil":0.1,"other":0.06,"none":0.01},"dac":false,"dac_share":0,"score":47,"parts":{"volume":17.6,"fuel":9.8,"age":12.9,"owner":6.5,"incentive":0},"gaps":[]}},{"type":"Feature","geometry":{"type":"Polygon","coordinates":[[[-73.8086,40.76113],[-73.80887,40.75912],[-73.7958,40.75809],[-73.8003,40.7597],[-73.804,40.76027],[-73.8086,40.76113]]]},"properties":{"geoid":"36081118500","county":"081","county_name":"Queens","utility":"coned","utility_split":false,"homes":264,"homes_source":"pluto","multifamily_5plus_lots":20,"median_income":67277,"income_band":"60–100k","low_income_share":0.68,"median_year_built":1963,"pre1980":0.59,"owner":0.29,"fuel":{"gas":0.69,"propane":0.05,"electric":0.15,"oil":0.09,"other":0.02,"none":0},"dac":false,"dac_share":0,"score":47,"parts":{"volume":20.9,"fuel":10,"age":11.8,"owner":4.3,"incentive":0},"gaps":[]}},{"type":"Feature","geometry":{"type":"Polygon","coordinates":[[[-73.94883,40.7437],[-73.94923,40.74252],[-73.94642,40.74198],[-73.9442,40.74288],[-73.94374,40.74371],[-73.94301,40.7446],[-73.94185,40.74495],[-73.93997,40.74574],[-73.94174,40.74614],[-73.94238,40.74712],[-73.94506,40.74766],[-73.94565,40.74582],[-73.94852,40.74466],[-73.94883,40.7437]]]},"properties":{"geoid":"36081001901","county":"081","county_name":"Queens","utility":"coned","utility_split":false,"homes":18,"homes_source":"pluto","multifamily_5plus_lots":13,"median_income":232109,"income_band":"150k+","low_income_share":0.31,"median_year_built":2014,"pre1980":0.21,"owner":0.34,"fuel":{"gas":0.32,"propane":0,"electric":0.63,"oil":0.02,"other":0.02,"none":0.02},"dac":true,"dac_share":1,"score":46,"parts":{"volume":11,"fuel":10.6,"age":4.3,"owner":5.1,"incentive":15},"gaps":[]}},{"type":"Feature","geometry":{"type":"Polygon","coordinates":[[[-73.92838,40.76694],[-73.92856,40.76671],[-73.92425,40.76472],[-73.92219,40.76727],[-73.92647,40.76927],[-73.92838,40.76694]]]},"properties":{"geoid":"36081007300","county":"081","county_name":"Queens","utility":"coned","utility_split":false,"homes":106,"homes_source":"pluto","multifamily_5plus_lots":83,"median_income":101691,"income_band":"100–150k","low_income_share":0.49,"median_year_built":1955,"pre1980":0.76,"owner":0.16,"fuel":{"gas":0.67,"propane":0.04,"electric":0.09,"oil":0.18,"other":0.02,"none":0.01},"dac":false,"dac_share":0,"score":46,"parts":{"volume":17.5,"fuel":10.9,"age":15.1,"owner":2.4,"incentive":0},"gaps":[]}},{"type":"Feature","geometry":{"type":"Polygon","coordinates":[[[-73.87936,40.74703],[-73.87982,40.74644],[-73.8779,40.74559],[-73.87625,40.74844],[-73.87841,40.74822],[-73.87936,40.74703]]]},"properties":{"geoid":"36081027102","county":"081","county_name":"Queens","utility":"coned","utility_split":false,"homes":36,"homes_source":"pluto","multifamily_5plus_lots":14,"median_income":65786,"income_band":"60–100k","low_income_share":0.87,"median_year_built":1944,"pre1980":1,"owner":0.08,"fuel":{"gas":0.64,"propane":0.02,"electric":0.06,"oil":0.23,"other":0,"none":0.06},"dac":false,"dac_share":0,"score":46,"parts":{"volume":13.5,"fuel":10.8,"age":20,"owner":1.2,"incentive":0},"gaps":[]}},{"type":"Feature","geometry":{"type":"Polygon","coordinates":[[[-73.77948,40.67837],[-73.77567,40.67339],[-73.77199,40.6788],[-73.7747,40.68049],[-73.77723,40.67965],[-73.77842,40.67903],[-73.77948,40.67837]]]},"properties":{"geoid":"36081033403","county":"081","county_name":"Queens","utility":"coned","utility_split":false,"homes":102,"homes_source":"acs_est","multifamily_5plus_lots":null,"median_income":53013,"income_band":"<60k","low_income_share":0.85,"median_year_built":1964,"pre1980":0.92,"owner":0.13,"fuel":{"gas":0.64,"propane":0,"electric":0.21,"oil":0.05,"other":0.02,"none":0.07},"dac":false,"dac_share":0,"score":46,"parts":{"volume":17.3,"fuel":8.3,"age":18.4,"owner":2,"incentive":0},"gaps":[]}},{"type":"Feature","geometry":{"type":"Polygon","coordinates":[[[-73.7914,40.71302],[-73.79105,40.71266],[-73.79065,40.7125],[-73.78921,40.71258],[-73.78886,40.71253],[-73.7886,40.71234],[-73.78886,40.71226],[-73.78901,40.71207],[-73.78785,40.71181],[-73.78616,40.71206],[-73.78059,40.71343],[-73.78163,40.71516],[-73.78168,40.71569],[-73.78153,40.71619],[-73.78248,40.71639],[-73.7834,40.71643],[-73.78417,40.71636],[-73.78502,40.71616],[-73.78578,40.71585],[-73.78643,40.71547],[-73.78699,40.71501],[-73.78737,40.71453],[-73.7875,40.71411],[-73.78745,40.71368],[-73.78861,40.71347],[-73.79009,40.71334],[-73.7914,40.71302]]]},"properties":{"geoid":"36081046600","county":"081","county_name":"Queens","utility":"coned","utility_split":false,"homes":99,"homes_source":"pluto","multifamily_5plus_lots":21,"median_income":76885,"income_band":"60–100k","low_income_share":0.67,"median_year_built":1961,"pre1980":0.82,"owner":0.25,"fuel":{"gas":0.74,"propane":0.01,"electric":0.17,"oil":0.06,"other":0.02,"none":0},"dac":false,"dac_share":0,"score":46,"parts":{"volume":17.2,"fuel":8.7,"age":16.4,"owner":3.8,"incentive":0},"gaps":[]}},{"type":"Feature","geometry":{"type":"Polygon","coordinates":[[[-73.76624,40.7264],[-73.76508,40.72489],[-73.76117,40.72276],[-73.76029,40.72205],[-73.75944,40.72106],[-73.75497,40.72416],[-73.75509,40.72449],[-73.75548,40.72512],[-73.75688,40.72628],[-73.75802,40.72603],[-73.75999,40.72588],[-73.7647,40.72648],[-73.76624,40.7264]]]},"properties":{"geoid":"36081049201","county":"081","county_name":"Queens","utility":"coned","utility_split":false,"homes":113,"homes_source":"pluto","multifamily_5plus_lots":8,"median_income":60797,"income_band":"60–100k","low_income_share":0.74,"median_year_built":1951,"pre1980":0.89,"owner":0.09,"fuel":{"gas":0.76,"propane":0.04,"electric":0.06,"oil":0.09,"other":0.02,"none":0.03},"dac":false,"dac_share":0,"score":46,"parts":{"volume":17.7,"fuel":9,"age":17.8,"owner":1.3,"incentive":0},"gaps":[]}},{"type":"Feature","geometry":{"type":"Polygon","coordinates":[[[-73.77174,40.71031],[-73.77165,40.71022],[-73.77084,40.71017],[-73.76881,40.70981],[-73.76826,40.70953],[-73.75361,40.71307],[-73.75404,40.71388],[-73.75507,40.71362],[-73.75607,40.7135],[-73.76065,40.71345],[-73.76605,40.71328],[-73.76704,40.71319],[-73.768,40.71287],[-73.76875,40.71246],[-73.76944,40.71198],[-73.77065,40.71083],[-73.77174,40.71031]]]},"properties":{"geoid":"36081050000","county":"081","county_name":"Queens","utility":"coned","utility_split":false,"homes":275,"homes_source":"pluto","multifamily_5plus_lots":21,"median_income":68850,"income_band":"60–100k","low_income_share":0.66,"median_year_built":1956,"pre1980":0.79,"owner":0.09,"fuel":{"gas":0.82,"propane":0.02,"electric":0.08,"oil":0.04,"other":0.04,"none":0},"dac":false,"dac_share":0,"score":46,"parts":{"volume":21,"fuel":8.1,"age":15.8,"owner":1.3,"incentive":0},"gaps":[]}},{"type":"Feature","geometry":{"type":"Polygon","coordinates":[[[-73.85877,40.73578],[-73.85705,40.73251],[-73.8547,40.73283],[-73.85252,40.73362],[-73.85418,40.73695],[-73.85632,40.73651],[-73.85877,40.73578]]]},"properties":{"geoid":"36081071900","county":"081","county_name":"Queens","utility":"coned","utility_split":false,"homes":288,"homes_source":"pluto","multifamily_5plus_lots":10,"median_income":62408,"income_band":"60–100k","low_income_share":0.73,"median_year_built":1959,"pre1980":0.71,"owner":0.26,"fuel":{"gas":0.92,"propane":0.03,"electric":0.03,"oil":0.01,"other":0.01,"none":0.01},"dac":false,"dac_share":0,"score":46,"parts":{"volume":21.2,"fuel":7.1,"age":14.1,"owner":3.9,"incentive":0},"gaps":[]}},{"type":"Feature","geometry":{"type":"Polygon","coordinates":[[[-73.85418,40.73695],[-73.85252,40.73362],[-73.84805,40.73497],[-73.84876,40.73636],[-73.84837,40.73646],[-73.84861,40.73811],[-73.84721,40.73864],[-73.84756,40.73906],[-73.84958,40.73819],[-73.85135,40.73759],[-73.85278,40.73721],[-73.85418,40.73695]]]},"properties":{"geoid":"36081074500","county":"081","county_name":"Queens","utility":"coned","utility_split":false,"homes":143,"homes_source":"pluto","multifamily_5plus_lots":16,"median_income":63268,"income_band":"60–100k","low_income_share":0.67,"median_year_built":1958,"pre1980":0.9,"owner":0.17,"fuel":{"gas":0.83,"propane":0.02,"electric":0.07,"oil":0.03,"other":0,"none":0.05},"dac":false,"dac_share":0,"score":46,"parts":{"volume":18.6,"fuel":7.2,"age":18,"owner":2.6,"incentive":0},"gaps":[]}},{"type":"Feature","geometry":{"type":"Polygon","coordinates":[[[-73.82714,40.75451],[-73.82551,40.753],[-73.82689,40.75249],[-73.8257,40.751],[-73.82193,40.75317],[-73.82472,40.75549],[-73.82714,40.75451]]]},"properties":{"geoid":"36081079701","county":"081","county_name":"Queens","utility":"coned","utility_split":false,"homes":64,"homes_source":"pluto","multifamily_5plus_lots":18,"median_income":62173,"income_band":"60–100k","low_income_share":0.63,"median_year_built":1965,"pre1980":0.82,"owner":0.27,"fuel":{"gas":0.7,"propane":0.02,"electric":0.09,"oil":0.1,"other":0.07,"none":0.02},"dac":false,"dac_share":0,"score":46,"parts":{"volume":15.6,"fuel":9.4,"age":16.4,"owner":4.1,"incentive":0},"gaps":[]}},{"type":"Feature","geometry":{"type":"Polygon","coordinates":[[[-73.8226,40.76276],[-73.82076,40.75884],[-73.81729,40.75978],[-73.8191,40.7637],[-73.8226,40.76276]]]},"properties":{"geoid":"36081086300","county":"081","county_name":"Queens","utility":"coned","utility_split":false,"homes":63,"homes_source":"pluto","multifamily_5plus_lots":42,"median_income":53839,"income_band":"<60k","low_income_share":0.75,"median_year_built":1967,"pre1980":0.76,"owner":0.31,"fuel":{"gas":0.73,"propane":0.09,"electric":0.06,"oil":0.1,"other":0,"none":0.02},"dac":false,"dac_share":0,"score":46,"parts":{"volume":15.6,"fuel":10.1,"age":15.2,"owner":4.7,"incentive":0},"gaps":[]}},{"type":"Feature","geometry":{"type":"Polygon","coordinates":[[[-73.8109,40.73031],[-73.81112,40.72783],[-73.80322,40.72871],[-73.80329,40.72922],[-73.80316,40.7316],[-73.80796,40.73193],[-73.81077,40.73233],[-73.8109,40.73031]]]},"properties":{"geoid":"36081122704","county":"081","county_name":"Queens","utility":"coned","utility_split":false,"homes":217,"homes_source":"pluto","multifamily_5plus_lots":30,"median_income":82292,"income_band":"60–100k","low_income_share":0.57,"median_year_built":1980,"pre1980":0.5,"owner":0.43,"fuel":{"gas":0.6,"propane":0.03,"electric":0.31,"oil":0.06,"other":0.01,"none":0},"dac":false,"dac_share":0,"score":46,"parts":{"volume":20.1,"fuel":9.8,"age":9.9,"owner":6.4,"incentive":0},"gaps":[]}},{"type":"Feature","geometry":{"type":"Polygon","coordinates":[[[-73.89528,40.74832],[-73.89566,40.74847],[-73.89218,40.74287],[-73.89072,40.74313],[-73.89143,40.74684],[-73.89175,40.74681],[-73.89528,40.74832]]]},"properties":{"geoid":"36081026501","county":"081","county_name":"Queens","utility":"coned","utility_split":false,"homes":137,"homes_source":"pluto","multifamily_5plus_lots":22,"median_income":73641,"income_band":"60–100k","low_income_share":0.65,"median_year_built":1956,"pre1980":0.8,"owner":0.09,"fuel":{"gas":0.74,"propane":0.03,"electric":0.15,"oil":0.07,"other":0,"none":0.02},"dac":false,"dac_share":0,"score":45,"parts":{"volume":18.4,"fuel":8.8,"age":15.9,"owner":1.4,"incentive":0},"gaps":[]}},{"type":"Feature","geometry":{"type":"Polygon","coordinates":[[[-73.77408,40.68076],[-73.7747,40.68049],[-73.76562,40.67478],[-73.76381,40.67377],[-73.76343,40.67632],[-73.76289,40.6775],[-73.76192,40.67888],[-73.76161,40.67974],[-73.76716,40.68237],[-73.76974,40.68378],[-73.77014,40.68311],[-73.77232,40.68149],[-73.77408,40.68076]]]},"properties":{"geoid":"36081033401","county":"081","county_name":"Queens","utility":"coned","utility_split":false,"homes":687,"homes_source":"pluto","multifamily_5plus_lots":8,"median_income":63892,"income_band":"60–100k","low_income_share":0.69,"median_year_built":1996,"pre1980":0.33,"owner":0.42,"fuel":{"gas":0.81,"propane":0,"electric":0.18,"oil":0.01,"other":0,"none":0},"dac":false,"dac_share":0,"score":45,"parts":{"volume":24.4,"fuel":7.5,"age":6.6,"owner":6.3,"incentive":0},"gaps":[]}},{"type":"Feature","geometry":{"type":"Polygon","coordinates":[[[-73.86904,40.73285],[-73.86769,40.73219],[-73.86678,40.73166],[-73.86658,40.73198],[-73.86575,40.73154],[-73.86448,40.73109],[-73.86387,40.73181],[-73.85765,40.73367],[-73.85887,40.73594],[-73.86462,40.73427],[-73.86458,40.73419],[-73.86502,40.73405],[-73.86904,40.73285]]]},"properties":{"geoid":"36081071702","county":"081","county_name":"Queens","utility":"coned","utility_split":false,"homes":20,"homes_source":"pluto","multifamily_5plus_lots":7,"median_income":87958,"income_band":"60–100k","low_income_share":0.54,"median_year_built":1964,"pre1980":0.78,"owner":0.57,"fuel":{"gas":0.65,"propane":0.05,"electric":0.2,"oil":0.06,"other":0.01,"none":0.03},"dac":false,"dac_share":0,"score":45,"parts":{"volume":11.4,"fuel":9.5,"age":15.7,"owner":8.6,"incentive":0},"gaps":[]}},{"type":"Feature","geometry":{"type":"Polygon","coordinates":[[[-73.82603,40.75743],[-73.82709,40.75714],[-73.82578,40.75635],[-73.82398,40.75487],[-73.81923,40.75795],[-73.82064,40.75887],[-73.82603,40.75743]]]},"properties":{"geoid":"36081085700","county":"081","county_name":"Queens","utility":"coned","utility_split":false,"homes":60,"homes_source":"pluto","multifamily_5plus_lots":32,"median_income":54914,"income_band":"<60k","low_income_share":0.7,"median_year_built":1959,"pre1980":0.78,"owner":0.26,"fuel":{"gas":0.65,"propane":0.04,"electric":0.19,"oil":0.08,"other":0.04,"none":0.01},"dac":false,"dac_share":0,"score":45,"parts":{"volume":15.4,"fuel":9.9,"age":15.6,"owner":3.9,"incentive":0},"gaps":[]}},{"type":"Feature","geometry":{"type":"Polygon","coordinates":[[[-73.78765,40.73859],[-73.78853,40.73835],[-73.78757,40.73634],[-73.78845,40.7361],[-73.7865,40.73197],[-73.78303,40.73313],[-73.78388,40.73487],[-73.78371,40.73513],[-73.78375,40.73535],[-73.78104,40.73609],[-73.78103,40.73619],[-73.78078,40.73628],[-73.78161,40.73798],[-73.7804,40.73831],[-73.78085,40.73922],[-73.78163,40.73904],[-73.78222,40.74008],[-73.7821,40.74041],[-73.78244,40.74122],[-73.78188,40.74143],[-73.78208,40.74185],[-73.78301,40.74159],[-73.78313,40.7419],[-73.78671,40.74091],[-73.78657,40.74061],[-73.78837,40.74012],[-73.78765,40.73859]]]},"properties":{"geoid":"36081134701","county":"081","county_name":"Queens","utility":"coned","utility_split":false,"homes":112,"homes_source":"pluto","multifamily_5plus_lots":7,"median_income":92125,"income_band":"60–100k","low_income_share":0.54,"median_year_built":1956,"pre1980":0.79,"owner":0.06,"fuel":{"gas":0.64,"propane":0.02,"electric":0.09,"oil":0.17,"other":0.08,"none":0},"dac":false,"dac_share":0,"score":45,"parts":{"volume":17.7,"fuel":10.8,"age":15.8,"owner":1,"incentive":0},"gaps":[]}},{"type":"Feature","geometry":{"type":"Polygon","coordinates":[[[-73.92466,40.7418],[-73.92503,40.73996],[-73.91947,40.73931],[-73.9191,40.74115],[-73.92466,40.7418]]]},"properties":{"geoid":"36081018502","county":"081","county_name":"Queens","utility":"coned","utility_split":false,"homes":31,"homes_source":"pluto","multifamily_5plus_lots":107,"median_income":112260,"income_band":"100–150k","low_income_share":0.47,"median_year_built":1938,"pre1980":0.86,"owner":0.17,"fuel":{"gas":0.59,"propane":0.03,"electric":0.15,"oil":0.2,"other":0.02,"none":0.01},"dac":false,"dac_share":0,"score":44,"parts":{"volume":13,"fuel":11.6,"age":17.2,"owner":2.5,"incentive":0},"gaps":[]}},{"type":"Feature","geometry":{"type":"Polygon","coordinates":[[[-73.91181,40.69994],[-73.91104,40.69953],[-73.9083,40.69988],[-73.90412,40.70397],[-73.90635,40.70528],[-73.91181,40.69994]]]},"properties":{"geoid":"36081054900","county":"081","county_name":"Queens","utility":"coned","utility_split":false,"homes":146,"homes_source":"pluto","multifamily_5plus_lots":207,"median_income":104821,"income_band":"100–150k","low_income_share":0.47,"median_year_built":1946,"pre1980":0.81,"owner":0.04,"fuel":{"gas":0.7,"propane":0.05,"electric":0.19,"oil":0.03,"other":0.02,"none":0.01},"dac":false,"dac_share":0,"score":44,"parts":{"volume":18.7,"fuel":9,"age":16.1,"owner":0.6,"incentive":0},"gaps":[]}},{"type":"Feature","geometry":{"type":"Polygon","coordinates":[[[-73.92337,40.74354],[-73.92374,40.74169],[-73.92188,40.74148],[-73.9208,40.74689],[-73.92265,40.74711],[-73.92337,40.74354]]]},"properties":{"geoid":"36081018102","county":"081","county_name":"Queens","utility":"coned","utility_split":false,"homes":16,"homes_source":"pluto","multifamily_5plus_lots":78,"median_income":83750,"income_band":"60–100k","low_income_share":0.62,"median_year_built":1938,"pre1980":0.96,"owner":0.17,"fuel":{"gas":0.7,"propane":0.07,"electric":0.04,"oil":0.16,"other":0.02,"none":0},"dac":false,"dac_share":0,"score":43,"parts":{"volume":10.6,"fuel":10.9,"age":19.3,"owner":2.6,"incentive":0},"gaps":[]}},{"type":"Feature","geometry":{"type":"Polygon","coordinates":[[[-73.77545,40.6737],[-73.77567,40.67339],[-73.7745,40.67183],[-73.77372,40.67214],[-73.76948,40.67278],[-73.77012,40.67493],[-73.77063,40.67543],[-73.76983,40.67613],[-73.76924,40.67709],[-73.77199,40.6788],[-73.77545,40.6737]]]},"properties":{"geoid":"36081033404","county":"081","county_name":"Queens","utility":"coned","utility_split":false,"homes":41,"homes_source":"acs_est","multifamily_5plus_lots":null,"median_income":52574,"income_band":"<60k","low_income_share":0.75,"median_year_built":1965,"pre1980":0.98,"owner":0.08,"fuel":{"gas":0.6,"propane":0.01,"electric":0.26,"oil":0.01,"other":0.03,"none":0.1},"dac":false,"dac_share":0,"score":43,"parts":{"volume":14,"fuel":7.8,"age":19.6,"owner":1.2,"incentive":0},"gaps":[]}},{"type":"Feature","geometry":{"type":"Polygon","coordinates":[[[-73.8641,40.72738],[-73.86451,40.72676],[-73.86394,40.72663],[-73.86204,40.72596],[-73.85807,40.72447],[-73.85727,40.72568],[-73.85942,40.72647],[-73.85798,40.72874],[-73.86011,40.72952],[-73.86176,40.72692],[-73.86345,40.72714],[-73.8641,40.72738]]]},"properties":{"geoid":"36081069701","county":"081","county_name":"Queens","utility":"coned","utility_split":false,"homes":67,"homes_source":"pluto","multifamily_5plus_lots":39,"median_income":102500,"income_band":"100–150k","low_income_share":0.49,"median_year_built":1959,"pre1980":0.76,"owner":0.2,"fuel":{"gas":0.74,"propane":0.03,"electric":0.1,"oil":0.09,"other":0.02,"none":0.01},"dac":false,"dac_share":0,"score":43,"parts":{"volume":15.8,"fuel":9.2,"age":15.2,"owner":2.9,"incentive":0},"gaps":[]}},{"type":"Feature","geometry":{"type":"Polygon","coordinates":[[[-73.83862,40.75704],[-73.83821,40.75525],[-73.83792,40.75454],[-73.8338,40.75672],[-73.83368,40.75632],[-73.82947,40.75819],[-73.83014,40.75957],[-73.82654,40.76046],[-73.82752,40.76242],[-73.83112,40.76155],[-73.83299,40.76085],[-73.83492,40.76025],[-73.83529,40.76139],[-73.83559,40.76285],[-73.83692,40.76277],[-73.83695,40.76216],[-73.83682,40.76125],[-73.83716,40.76],[-73.8378,40.75909],[-73.83817,40.75798],[-73.83862,40.75704]]]},"properties":{"geoid":"36081087100","county":"081","county_name":"Queens","utility":"coned","utility_split":false,"homes":34,"homes_source":"pluto","multifamily_5plus_lots":49,"median_income":52250,"income_band":"<60k","low_income_share":0.64,"median_year_built":2014,"pre1980":0.16,"owner":0.25,"fuel":{"gas":0.64,"propane":0,"electric":0.32,"oil":0,"other":0.01,"none":0.03},"dac":true,"dac_share":1,"score":43,"parts":{"volume":13.3,"fuel":8.2,"age":3.2,"owner":3.7,"incentive":15},"gaps":[]}},{"type":"Feature","geometry":{"type":"Polygon","coordinates":[[[-73.95226,40.7508],[-73.95221,40.74906],[-73.94384,40.74743],[-73.94319,40.7477],[-73.94059,40.75052],[-73.94051,40.75086],[-73.94402,40.75235],[-73.94409,40.75228],[-73.94488,40.75261],[-73.94914,40.75448],[-73.95226,40.7508]]]},"properties":{"geoid":"36081001903","county":"081","county_name":"Queens","utility":"coned","utility_split":false,"homes":12,"homes_source":"pluto","multifamily_5plus_lots":18,"median_income":172986,"income_band":"150k+","low_income_share":0.27,"median_year_built":2015,"pre1980":0.04,"owner":0.25,"fuel":{"gas":0.27,"propane":0.02,"electric":0.69,"oil":0,"other":0,"none":0.02},"dac":true,"dac_share":1,"score":40,"parts":{"volume":9.6,"fuel":10.8,"age":0.8,"owner":3.7,"incentive":15},"gaps":[]}},{"type":"Feature","geometry":{"type":"Polygon","coordinates":[[[-73.94383,40.75253],[-73.94402,40.75235],[-73.93787,40.7498],[-73.93803,40.74949],[-73.93684,40.7484],[-73.93539,40.74941],[-73.93609,40.74973],[-73.93474,40.75098],[-73.93613,40.75172],[-73.93561,40.75228],[-73.93717,40.75308],[-73.93833,40.75182],[-73.94243,40.754],[-73.94383,40.75253]]]},"properties":{"geoid":"36081003301","county":"081","county_name":"Queens","utility":"coned","utility_split":false,"homes":19,"homes_source":"pluto","multifamily_5plus_lots":34,"median_income":152056,"income_band":"150k+","low_income_share":0.31,"median_year_built":2014,"pre1980":0.09,"owner":0.07,"fuel":{"gas":0.39,"propane":0.03,"electric":0.51,"oil":0.01,"other":0.01,"none":0.05},"dac":true,"dac_share":0.95,"score":39,"parts":{"volume":11.2,"fuel":9.8,"age":1.8,"owner":1,"incentive":15},"gaps":[]}},{"type":"Feature","geometry":{"type":"Polygon","coordinates":[[[-73.93423,40.76786],[-73.93493,40.76701],[-73.93037,40.76449],[-73.92856,40.76671],[-73.93345,40.76882],[-73.93423,40.76786]]]},"properties":{"geoid":"36081007700","county":"081","county_name":"Queens","utility":"coned","utility_split":false,"homes":121,"homes_source":"pluto","multifamily_5plus_lots":49,"median_income":139267,"income_band":"100–150k","low_income_share":0.39,"median_year_built":2004,"pre1980":0.36,"owner":0.16,"fuel":{"gas":0.43,"propane":0.04,"electric":0.35,"oil":0.1,"other":0.03,"none":0.04},"dac":false,"dac_share":0,"score":39,"parts":{"volume":18,"fuel":11.1,"age":7.2,"owner":2.4,"incentive":0},"gaps":[]}},{"type":"Feature","geometry":{"type":"Polygon","coordinates":[[[-73.80805,40.70936],[-73.80762,40.70873],[-73.80565,40.70467],[-73.80166,40.70576],[-73.80302,40.70814],[-73.80367,40.70874],[-73.80501,40.70947],[-73.80548,40.71009],[-73.80805,40.70936]]]},"properties":{"geoid":"36081023600","county":"081","county_name":"Queens","utility":"coned","utility_split":false,"homes":159,"homes_source":"pluto","multifamily_5plus_lots":15,"median_income":81557,"income_band":"60–100k","low_income_share":0.63,"median_year_built":1970,"pre1980":0.5,"owner":0.18,"fuel":{"gas":0.7,"propane":0,"electric":0.22,"oil":0.02,"other":0,"none":0.06},"dac":false,"dac_share":0,"score":39,"parts":{"volume":19,"fuel":7.6,"age":10.1,"owner":2.7,"incentive":0},"gaps":[]}},{"type":"Feature","geometry":{"type":"Polygon","coordinates":[[[-73.90504,40.6937],[-73.90207,40.692],[-73.90124,40.69144],[-73.90129,40.6923],[-73.90096,40.69281],[-73.90003,40.69344],[-73.89889,40.69539],[-73.9005,40.69674],[-73.90122,40.69717],[-73.90322,40.69512],[-73.9035,40.69527],[-73.90504,40.6937]]]},"properties":{"geoid":"36081055900","county":"081","county_name":"Queens","utility":"coned","utility_split":false,"homes":89,"homes_source":"pluto","multifamily_5plus_lots":23,"median_income":70481,"income_band":"60–100k","low_income_share":0.56,"median_year_built":1985,"pre1980":0.45,"owner":0.19,"fuel":{"gas":0.76,"propane":0.06,"electric":0.18,"oil":0,"other":0,"none":0},"dac":false,"dac_share":0,"score":37,"parts":{"volume":16.8,"fuel":8.5,"age":8.9,"owner":2.8,"incentive":0},"gaps":[]}},{"type":"Feature","geometry":{"type":"Polygon","coordinates":[[[-73.81717,40.72727],[-73.81512,40.72328],[-73.81287,40.72395],[-73.81253,40.72328],[-73.81142,40.72361],[-73.8104,40.72372],[-73.81063,40.72442],[-73.81074,40.72627],[-73.81444,40.72809],[-73.81717,40.72727]]]},"properties":{"geoid":"36081077908","county":"081","county_name":"Queens","utility":"coned","utility_split":false,"homes":61,"homes_source":"pluto","multifamily_5plus_lots":13,"median_income":79265,"income_band":"60–100k","low_income_share":0.73,"median_year_built":1973,"pre1980":0.54,"owner":0.07,"fuel":{"gas":0.6,"propane":0.04,"electric":0.27,"oil":0.07,"other":0.01,"none":0.01},"dac":false,"dac_share":0,"score":37,"parts":{"volume":15.4,"fuel":10.1,"age":10.8,"owner":1,"incentive":0},"gaps":[]}},{"type":"Feature","geometry":{"type":"Polygon","coordinates":[[[-73.89645,40.74286],[-73.89565,40.74268],[-73.89432,40.74253],[-73.89218,40.74287],[-73.89445,40.74653],[-73.89503,40.74647],[-73.89481,40.74605],[-73.89467,40.74545],[-73.89472,40.74489],[-73.89489,40.74444],[-73.89534,40.7438],[-73.89645,40.74286]]]},"properties":{"geoid":"36081026502","county":"081","county_name":"Queens","utility":"coned","utility_split":false,"homes":115,"homes_source":"pluto","multifamily_5plus_lots":14,"median_income":74643,"income_band":"60–100k","low_income_share":0.65,"median_year_built":1982,"pre1980":0.44,"owner":0.16,"fuel":{"gas":0.86,"propane":0.03,"electric":0.1,"oil":0,"other":0,"none":0.01},"dac":false,"dac_share":0,"score":36,"parts":{"volume":17.8,"fuel":7.3,"age":8.7,"owner":2.4,"incentive":0},"gaps":[]}},{"type":"Feature","geometry":{"type":"Polygon","coordinates":[[[-73.96262,40.73903],[-73.96248,40.7368],[-73.95706,40.73917],[-73.95509,40.7394],[-73.95471,40.74062],[-73.95458,40.74135],[-73.9569,40.74179],[-73.95599,40.74449],[-73.95972,40.74526],[-73.96083,40.74364],[-73.96118,40.743],[-73.96138,40.7428],[-73.9618,40.74113],[-73.96191,40.741],[-73.96243,40.73967],[-73.96262,40.73903]]]},"properties":{"geoid":"36081000101","county":"081","county_name":"Queens","utility":"coned","utility_split":false,"homes":30,"homes_source":"acs_est","multifamily_5plus_lots":null,"median_income":134304,"income_band":"100–150k","low_income_share":0.37,"median_year_built":2010,"pre1980":0.05,"owner":0.32,"fuel":{"gas":0.38,"propane":0,"electric":0.48,"oil":0.11,"other":0.02,"none":0},"dac":false,"dac_share":0,"score":30,"parts":{"volume":12.8,"fuel":11.5,"age":1,"owner":4.8,"incentive":0},"gaps":[]}},{"type":"Feature","geometry":{"type":"Polygon","coordinates":[[[-73.7416,40.73691],[-73.74168,40.73683],[-73.73588,40.73808],[-73.73501,40.73833],[-73.73377,40.7389],[-73.73461,40.73518],[-73.73526,40.73345],[-73.73128,40.73271],[-73.73194,40.73093],[-73.7298,40.73092],[-73.72796,40.73078],[-73.72781,40.73106],[-73.72773,40.73106],[-73.72672,40.73314],[-73.72637,40.73346],[-73.72701,40.73558],[-73.72611,40.73638],[-73.72751,40.74069],[-73.72657,40.74082],[-73.72488,40.74139],[-73.72647,40.74421],[-73.7238,40.74506],[-73.72407,40.74557],[-73.71894,40.74694],[-73.71989,40.74937],[-73.72268,40.7487],[-73.72316,40.74973],[-73.7257,40.74957],[-73.72768,40.74964],[-73.72806,40.74856],[-73.72829,40.74746],[-73.72865,40.74807],[-73.72922,40.74695],[-73.73096,40.74486],[-73.73232,40.74364],[-73.7327,40.74385],[-73.7332,40.74321],[-73.7345,40.7424],[-73.73804,40.74053],[-73.73901,40.73986],[-73.73959,40.73933],[-73.7416,40.73691]]]},"properties":{"geoid":"36081156700","county":"081","county_name":"Queens","utility":"coned","utility_split":false,"homes":100,"homes_source":"pluto","multifamily_5plus_lots":1,"median_income":59722,"income_band":"<60k","low_income_share":0.6,"median_year_built":2001,"pre1980":0.04,"owner":0.25,"fuel":{"gas":0.92,"propane":0.04,"electric":0.04,"oil":0,"other":0,"none":0},"dac":false,"dac_share":0,"score":29,"parts":{"volume":17.3,"fuel":7.2,"age":0.7,"owner":3.7,"incentive":0},"gaps":[]}}]}